[2026-08-22 04:18:20] local.ERROR: could not find driver (Connection: sqlite, SQL: PRAGMA foreign_keys = ON;) {"exception":"[object] (Illuminate\\Database\\QueryException(code: 0): could not find driver (Connection: sqlite, SQL: PRAGMA foreign_keys = ON;) at C:/xampp/htdocs/commite/vendor/laravel/framework/src/Illuminate/Database/Connection.php:825)
[stacktrace]
#0 C:/xampp/htdocs/commite/vendor/laravel/framework/src/Illuminate/Database/Connection.php(779): Illuminate/Database/Connection->runQueryCallback()
#1 C:/xampp/htdocs/commite/vendor/laravel/framework/src/Illuminate/Database/Connection.php(560): Illuminate/Database/Connection->run()
#2 C:/xampp/htdocs/commite/vendor/laravel/framework/src/Illuminate/Database/Schema/Builder.php(522): Illuminate/Database/Connection->statement()
#3 C:/xampp/htdocs/commite/vendor/laravel/framework/src/Illuminate/Database/SQLiteConnection.php(59): Illuminate/Database/Schema/Builder->enableForeignKeyConstraints()
#4 C:/xampp/htdocs/commite/vendor/laravel/framework/src/Illuminate/Database/SQLiteConnection.php(28): Illuminate/Database/SQLiteConnection->configureForeignKeyConstraints()
#5 C:/xampp/htdocs/commite/vendor/laravel/framework/src/Illuminate/Database/Connectors/ConnectionFactory.php(277): Illuminate/Database/SQLiteConnection->__construct()
#6 C:/xampp/htdocs/commite/vendor/laravel/framework/src/Illuminate/Database/Connectors/ConnectionFactory.php(76): Illuminate/Database/Connectors/ConnectionFactory->createConnection()
#7 C:/xampp/htdocs/commite/vendor/laravel/framework/src/Illuminate/Database/Connectors/ConnectionFactory.php(51): Illuminate/Database/Connectors/ConnectionFactory->createSingleConnection()
#8 C:/xampp/htdocs/commite/vendor/laravel/framework/src/Illuminate/Database/DatabaseManager.php(207): Illuminate/Database/Connectors/ConnectionFactory->make()
#9 C:/xampp/htdocs/commite/vendor/laravel/framework/src/Illuminate/Database/DatabaseManager.php(103): Illuminate/Database/DatabaseManager->makeConnection()
#10 C:/xampp/htdocs/commite/vendor/laravel/framework/src/Illuminate/Database/Migrations/DatabaseMigrationRepository.php(226): Illuminate/Database/DatabaseManager->connection()
#11 C:/xampp/htdocs/commite/vendor/laravel/framework/src/Illuminate/Database/Migrations/DatabaseMigrationRepository.php(182): Illuminate/Database/Migrations/DatabaseMigrationRepository->getConnection()
#12 C:/xampp/htdocs/commite/vendor/laravel/framework/src/Illuminate/Database/Migrations/Migrator.php(742): Illuminate/Database/Migrations/DatabaseMigrationRepository->repositoryExists()
#13 C:/xampp/htdocs/commite/vendor/laravel/framework/src/Illuminate/Database/Console/Migrations/MigrateCommand.php(165): Illuminate/Database/Migrations/Migrator->repositoryExists()
#14 C:/xampp/htdocs/commite/vendor/laravel/framework/src/Illuminate/Support/helpers.php(338): Illuminate/Database/Console/Migrations/MigrateCommand->{closure:Illuminate/Database/Console/Migrations/MigrateCommand::repositoryExists():165}()
#15 C:/xampp/htdocs/commite/vendor/laravel/framework/src/Illuminate/Database/Console/Migrations/MigrateCommand.php(165): retry()
#16 C:/xampp/htdocs/commite/vendor/laravel/framework/src/Illuminate/Database/Console/Migrations/MigrateCommand.php(141): Illuminate/Database/Console/Migrations/MigrateCommand->repositoryExists()
#17 C:/xampp/htdocs/commite/vendor/laravel/framework/src/Illuminate/Database/Console/Migrations/MigrateCommand.php(111): Illuminate/Database/Console/Migrations/MigrateCommand->prepareDatabase()
#18 C:/xampp/htdocs/commite/vendor/laravel/framework/src/Illuminate/Database/Migrations/Migrator.php(658): Illuminate/Database/Console/Migrations/MigrateCommand->{closure:Illuminate/Database/Console/Migrations/MigrateCommand::runMigrations():110}()
#19 C:/xampp/htdocs/commite/vendor/laravel/framework/src/Illuminate/Database/Console/Migrations/MigrateCommand.php(110): Illuminate/Database/Migrations/Migrator->usingConnection()
#20 C:/xampp/htdocs/commite/vendor/laravel/framework/src/Illuminate/Database/Console/Migrations/MigrateCommand.php(89): Illuminate/Database/Console/Migrations/MigrateCommand->runMigrations()
#21 C:/xampp/htdocs/commite/vendor/laravel/framework/src/Illuminate/Container/BoundMethod.php(36): Illuminate/Database/Console/Migrations/MigrateCommand->handle()
#22 C:/xampp/htdocs/commite/vendor/laravel/framework/src/Illuminate/Container/Util.php(43): Illuminate/Container/BoundMethod::{closure:Illuminate/Container/BoundMethod::call():35}()
#23 C:/xampp/htdocs/commite/vendor/laravel/framework/src/Illuminate/Container/BoundMethod.php(95): Illuminate/Container/Util::unwrapIfClosure()
#24 C:/xampp/htdocs/commite/vendor/laravel/framework/src/Illuminate/Container/BoundMethod.php(35): Illuminate/Container/BoundMethod::callBoundMethod()
#25 C:/xampp/htdocs/commite/vendor/laravel/framework/src/Illuminate/Container/Container.php(696): Illuminate/Container/BoundMethod::call()
#26 C:/xampp/htdocs/commite/vendor/laravel/framework/src/Illuminate/Console/Command.php(213): Illuminate/Container/Container->call()
#27 C:/xampp/htdocs/commite/vendor/symfony/console/Command/Command.php(341): Illuminate/Console/Command->execute()
#28 C:/xampp/htdocs/commite/vendor/laravel/framework/src/Illuminate/Console/Command.php(182): Symfony/Component/Console/Command/Command->run()
#29 C:/xampp/htdocs/commite/vendor/symfony/console/Application.php(1117): Illuminate/Console/Command->run()
#30 C:/xampp/htdocs/commite/vendor/symfony/console/Application.php(356): Symfony/Component/Console/Application->doRunCommand()
#31 C:/xampp/htdocs/commite/vendor/symfony/console/Application.php(195): Symfony/Component/Console/Application->doRun()
#32 C:/xampp/htdocs/commite/vendor/laravel/framework/src/Illuminate/Foundation/Console/Kernel.php(198): Symfony/Component/Console/Application->run()
#33 C:/xampp/htdocs/commite/artisan(12): Illuminate/Foundation/Console/Kernel->handle()
#34 {main}

[previous exception] [object] (PDOException(code: 0): could not find driver at C:/xampp/htdocs/commite/vendor/laravel/framework/src/Illuminate/Database/Connectors/Connector.php:67)
[stacktrace]
#0 C:/xampp/htdocs/commite/vendor/laravel/framework/src/Illuminate/Database/Connectors/Connector.php(67): PDO::connect()
#1 C:/xampp/htdocs/commite/vendor/laravel/framework/src/Illuminate/Database/Connectors/Connector.php(44): Illuminate/Database/Connectors/Connector->createPdoConnection()
#2 C:/xampp/htdocs/commite/vendor/laravel/framework/src/Illuminate/Database/Connectors/SQLiteConnector.php(40): Illuminate/Database/Connectors/Connector->createConnection()
#3 C:/xampp/htdocs/commite/vendor/laravel/framework/src/Illuminate/Database/Connectors/ConnectionFactory.php(224): Illuminate/Database/Connectors/SQLiteConnector->connect()
#4 [internal function]: Illuminate/Database/Connectors/ConnectionFactory->{closure:Illuminate/Database/Connectors/ConnectionFactory::createPdoResolverWithoutHosts():224}()
#5 C:/xampp/htdocs/commite/vendor/laravel/framework/src/Illuminate/Database/Connection.php(1231): call_user_func()
#6 C:/xampp/htdocs/commite/vendor/laravel/framework/src/Illuminate/Database/Connection.php(565): Illuminate/Database/Connection->getPdo()
#7 C:/xampp/htdocs/commite/vendor/laravel/framework/src/Illuminate/Database/Connection.php(812): Illuminate/Database/Connection->{closure:Illuminate/Database/Connection::statement():560}()
#8 C:/xampp/htdocs/commite/vendor/laravel/framework/src/Illuminate/Database/Connection.php(779): Illuminate/Database/Connection->runQueryCallback()
#9 C:/xampp/htdocs/commite/vendor/laravel/framework/src/Illuminate/Database/Connection.php(560): Illuminate/Database/Connection->run()
#10 C:/xampp/htdocs/commite/vendor/laravel/framework/src/Illuminate/Database/Schema/Builder.php(522): Illuminate/Database/Connection->statement()
#11 C:/xampp/htdocs/commite/vendor/laravel/framework/src/Illuminate/Database/SQLiteConnection.php(59): Illuminate/Database/Schema/Builder->enableForeignKeyConstraints()
#12 C:/xampp/htdocs/commite/vendor/laravel/framework/src/Illuminate/Database/SQLiteConnection.php(28): Illuminate/Database/SQLiteConnection->configureForeignKeyConstraints()
#13 C:/xampp/htdocs/commite/vendor/laravel/framework/src/Illuminate/Database/Connectors/ConnectionFactory.php(277): Illuminate/Database/SQLiteConnection->__construct()
#14 C:/xampp/htdocs/commite/vendor/laravel/framework/src/Illuminate/Database/Connectors/ConnectionFactory.php(76): Illuminate/Database/Connectors/ConnectionFactory->createConnection()
#15 C:/xampp/htdocs/commite/vendor/laravel/framework/src/Illuminate/Database/Connectors/ConnectionFactory.php(51): Illuminate/Database/Connectors/ConnectionFactory->createSingleConnection()
#16 C:/xampp/htdocs/commite/vendor/laravel/framework/src/Illuminate/Database/DatabaseManager.php(207): Illuminate/Database/Connectors/ConnectionFactory->make()
#17 C:/xampp/htdocs/commite/vendor/laravel/framework/src/Illuminate/Database/DatabaseManager.php(103): Illuminate/Database/DatabaseManager->makeConnection()
#18 C:/xampp/htdocs/commite/vendor/laravel/framework/src/Illuminate/Database/Migrations/DatabaseMigrationRepository.php(226): Illuminate/Database/DatabaseManager->connection()
#19 C:/xampp/htdocs/commite/vendor/laravel/framework/src/Illuminate/Database/Migrations/DatabaseMigrationRepository.php(182): Illuminate/Database/Migrations/DatabaseMigrationRepository->getConnection()
#20 C:/xampp/htdocs/commite/vendor/laravel/framework/src/Illuminate/Database/Migrations/Migrator.php(742): Illuminate/Database/Migrations/DatabaseMigrationRepository->repositoryExists()
#21 C:/xampp/htdocs/commite/vendor/laravel/framework/src/Illuminate/Database/Console/Migrations/MigrateCommand.php(165): Illuminate/Database/Migrations/Migrator->repositoryExists()
#22 C:/xampp/htdocs/commite/vendor/laravel/framework/src/Illuminate/Support/helpers.php(338): Illuminate/Database/Console/Migrations/MigrateCommand->{closure:Illuminate/Database/Console/Migrations/MigrateCommand::repositoryExists():165}()
#23 C:/xampp/htdocs/commite/vendor/laravel/framework/src/Illuminate/Database/Console/Migrations/MigrateCommand.php(165): retry()
#24 C:/xampp/htdocs/commite/vendor/laravel/framework/src/Illuminate/Database/Console/Migrations/MigrateCommand.php(141): Illuminate/Database/Console/Migrations/MigrateCommand->repositoryExists()
#25 C:/xampp/htdocs/commite/vendor/laravel/framework/src/Illuminate/Database/Console/Migrations/MigrateCommand.php(111): Illuminate/Database/Console/Migrations/MigrateCommand->prepareDatabase()
#26 C:/xampp/htdocs/commite/vendor/laravel/framework/src/Illuminate/Database/Migrations/Migrator.php(658): Illuminate/Database/Console/Migrations/MigrateCommand->{closure:Illuminate/Database/Console/Migrations/MigrateCommand::runMigrations():110}()
#27 C:/xampp/htdocs/commite/vendor/laravel/framework/src/Illuminate/Database/Console/Migrations/MigrateCommand.php(110): Illuminate/Database/Migrations/Migrator->usingConnection()
#28 C:/xampp/htdocs/commite/vendor/laravel/framework/src/Illuminate/Database/Console/Migrations/MigrateCommand.php(89): Illuminate/Database/Console/Migrations/MigrateCommand->runMigrations()
#29 C:/xampp/htdocs/commite/vendor/laravel/framework/src/Illuminate/Container/BoundMethod.php(36): Illuminate/Database/Console/Migrations/MigrateCommand->handle()
#30 C:/xampp/htdocs/commite/vendor/laravel/framework/src/Illuminate/Container/Util.php(43): Illuminate/Container/BoundMethod::{closure:Illuminate/Container/BoundMethod::call():35}()
#31 C:/xampp/htdocs/commite/vendor/laravel/framework/src/Illuminate/Container/BoundMethod.php(95): Illuminate/Container/Util::unwrapIfClosure()
#32 C:/xampp/htdocs/commite/vendor/laravel/framework/src/Illuminate/Container/BoundMethod.php(35): Illuminate/Container/BoundMethod::callBoundMethod()
#33 C:/xampp/htdocs/commite/vendor/laravel/framework/src/Illuminate/Container/Container.php(696): Illuminate/Container/BoundMethod::call()
#34 C:/xampp/htdocs/commite/vendor/laravel/framework/src/Illuminate/Console/Command.php(213): Illuminate/Container/Container->call()
#35 C:/xampp/htdocs/commite/vendor/symfony/console/Command/Command.php(341): Illuminate/Console/Command->execute()
#36 C:/xampp/htdocs/commite/vendor/laravel/framework/src/Illuminate/Console/Command.php(182): Symfony/Component/Console/Command/Command->run()
#37 C:/xampp/htdocs/commite/vendor/symfony/console/Application.php(1117): Illuminate/Console/Command->run()
#38 C:/xampp/htdocs/commite/vendor/symfony/console/Application.php(356): Symfony/Component/Console/Application->doRunCommand()
#39 C:/xampp/htdocs/commite/vendor/symfony/console/Application.php(195): Symfony/Component/Console/Application->doRun()
#40 C:/xampp/htdocs/commite/vendor/laravel/framework/src/Illuminate/Foundation/Console/Kernel.php(198): Symfony/Component/Console/Application->run()
#41 C:/xampp/htdocs/commite/artisan(12): Illuminate/Foundation/Console/Kernel->handle()
#42 {main}
"} 
[2026-08-22 04:21:03] local.ERROR: Target class [Illuminate\Foundation\Http\Middleware\TrustProxies] does not exist. {"exception":"[object] (Illuminate\\Contracts\\Container\\BindingResolutionException(code: 0): Target class [Illuminate\\Foundation\\Http\\Middleware\\TrustProxies] does not exist. at C:/xampp/htdocs/commite/vendor/laravel/framework/src/Illuminate/Container/Container.php:961)
[stacktrace]
#0 C:/xampp/htdocs/commite/vendor/laravel/framework/src/Illuminate/Container/Container.php(832): Illuminate/Container/Container->build()
#1 C:/xampp/htdocs/commite/vendor/laravel/framework/src/Illuminate/Foundation/Application.php(1078): Illuminate/Container/Container->resolve()
#2 C:/xampp/htdocs/commite/vendor/laravel/framework/src/Illuminate/Container/Container.php(763): Illuminate/Foundation/Application->resolve()
#3 C:/xampp/htdocs/commite/vendor/laravel/framework/src/Illuminate/Foundation/Application.php(1058): Illuminate/Container/Container->make()
#4 C:/xampp/htdocs/commite/vendor/laravel/framework/src/Illuminate/Pipeline/Pipeline.php(198): Illuminate/Foundation/Application->make()
#5 C:/xampp/htdocs/commite/vendor/laravel/framework/src/Illuminate/Pipeline/Pipeline.php(127): Illuminate/Pipeline/Pipeline->{closure:{closure:Illuminate/Pipeline/Pipeline::carry():184}:185}()
#6 C:/xampp/htdocs/commite/vendor/laravel/framework/src/Illuminate/Foundation/Http/Kernel.php(176): Illuminate/Pipeline/Pipeline->then()
#7 C:/xampp/htdocs/commite/vendor/laravel/framework/src/Illuminate/Foundation/Http/Kernel.php(145): Illuminate/Foundation/Http/Kernel->sendRequestThroughRouter()
#8 C:/xampp/htdocs/commite/public/index.php(18): Illuminate/Foundation/Http/Kernel->handle()
#9 C:/xampp/htdocs/commite/vendor/laravel/framework/src/Illuminate/Foundation/resources/server.php(23): require_once('...')
#10 {main}

[previous exception] [object] (ReflectionException(code: -1): Class \"Illuminate\\Foundation\\Http\\Middleware\\TrustProxies\" does not exist at C:/xampp/htdocs/commite/vendor/laravel/framework/src/Illuminate/Container/Container.php:959)
[stacktrace]
#0 C:/xampp/htdocs/commite/vendor/laravel/framework/src/Illuminate/Container/Container.php(959): ReflectionClass->__construct()
#1 C:/xampp/htdocs/commite/vendor/laravel/framework/src/Illuminate/Container/Container.php(832): Illuminate/Container/Container->build()
#2 C:/xampp/htdocs/commite/vendor/laravel/framework/src/Illuminate/Foundation/Application.php(1078): Illuminate/Container/Container->resolve()
#3 C:/xampp/htdocs/commite/vendor/laravel/framework/src/Illuminate/Container/Container.php(763): Illuminate/Foundation/Application->resolve()
#4 C:/xampp/htdocs/commite/vendor/laravel/framework/src/Illuminate/Foundation/Application.php(1058): Illuminate/Container/Container->make()
#5 C:/xampp/htdocs/commite/vendor/laravel/framework/src/Illuminate/Pipeline/Pipeline.php(198): Illuminate/Foundation/Application->make()
#6 C:/xampp/htdocs/commite/vendor/laravel/framework/src/Illuminate/Pipeline/Pipeline.php(127): Illuminate/Pipeline/Pipeline->{closure:{closure:Illuminate/Pipeline/Pipeline::carry():184}:185}()
#7 C:/xampp/htdocs/commite/vendor/laravel/framework/src/Illuminate/Foundation/Http/Kernel.php(176): Illuminate/Pipeline/Pipeline->then()
#8 C:/xampp/htdocs/commite/vendor/laravel/framework/src/Illuminate/Foundation/Http/Kernel.php(145): Illuminate/Foundation/Http/Kernel->sendRequestThroughRouter()
#9 C:/xampp/htdocs/commite/public/index.php(18): Illuminate/Foundation/Http/Kernel->handle()
#10 C:/xampp/htdocs/commite/vendor/laravel/framework/src/Illuminate/Foundation/resources/server.php(23): require_once('...')
#11 {main}
"} 
[2026-08-22 04:21:25] local.ERROR: Target class [Illuminate\Foundation\Http\Middleware\TrustProxies] does not exist. {"exception":"[object] (Illuminate\\Contracts\\Container\\BindingResolutionException(code: 0): Target class [Illuminate\\Foundation\\Http\\Middleware\\TrustProxies] does not exist. at C:/xampp/htdocs/commite/vendor/laravel/framework/src/Illuminate/Container/Container.php:961)
[stacktrace]
#0 C:/xampp/htdocs/commite/vendor/laravel/framework/src/Illuminate/Container/Container.php(832): Illuminate/Container/Container->build()
#1 C:/xampp/htdocs/commite/vendor/laravel/framework/src/Illuminate/Foundation/Application.php(1078): Illuminate/Container/Container->resolve()
#2 C:/xampp/htdocs/commite/vendor/laravel/framework/src/Illuminate/Container/Container.php(763): Illuminate/Foundation/Application->resolve()
#3 C:/xampp/htdocs/commite/vendor/laravel/framework/src/Illuminate/Foundation/Application.php(1058): Illuminate/Container/Container->make()
#4 C:/xampp/htdocs/commite/vendor/laravel/framework/src/Illuminate/Foundation/Http/Kernel.php(258): Illuminate/Foundation/Application->make()
#5 C:/xampp/htdocs/commite/vendor/laravel/framework/src/Illuminate/Foundation/Http/Kernel.php(216): Illuminate/Foundation/Http/Kernel->terminateMiddleware()
#6 C:/xampp/htdocs/commite/public/index.php(22): Illuminate/Foundation/Http/Kernel->terminate()
#7 C:/xampp/htdocs/commite/vendor/laravel/framework/src/Illuminate/Foundation/resources/server.php(23): require_once('...')
#8 {main}

[previous exception] [object] (ReflectionException(code: -1): Class \"Illuminate\\Foundation\\Http\\Middleware\\TrustProxies\" does not exist at C:/xampp/htdocs/commite/vendor/laravel/framework/src/Illuminate/Container/Container.php:959)
[stacktrace]
#0 C:/xampp/htdocs/commite/vendor/laravel/framework/src/Illuminate/Container/Container.php(959): ReflectionClass->__construct()
#1 C:/xampp/htdocs/commite/vendor/laravel/framework/src/Illuminate/Container/Container.php(832): Illuminate/Container/Container->build()
#2 C:/xampp/htdocs/commite/vendor/laravel/framework/src/Illuminate/Foundation/Application.php(1078): Illuminate/Container/Container->resolve()
#3 C:/xampp/htdocs/commite/vendor/laravel/framework/src/Illuminate/Container/Container.php(763): Illuminate/Foundation/Application->resolve()
#4 C:/xampp/htdocs/commite/vendor/laravel/framework/src/Illuminate/Foundation/Application.php(1058): Illuminate/Container/Container->make()
#5 C:/xampp/htdocs/commite/vendor/laravel/framework/src/Illuminate/Foundation/Http/Kernel.php(258): Illuminate/Foundation/Application->make()
#6 C:/xampp/htdocs/commite/vendor/laravel/framework/src/Illuminate/Foundation/Http/Kernel.php(216): Illuminate/Foundation/Http/Kernel->terminateMiddleware()
#7 C:/xampp/htdocs/commite/public/index.php(22): Illuminate/Foundation/Http/Kernel->terminate()
#8 C:/xampp/htdocs/commite/vendor/laravel/framework/src/Illuminate/Foundation/resources/server.php(23): require_once('...')
#9 {main}
"} 
[2026-08-22 09:08:20] local.ERROR: SQLSTATE[HY000]: General error: 1 no such table: committees (Connection: sqlite, SQL: select * from "committees" where "id" = 1 limit 1) {"exception":"[object] (Illuminate\\Database\\QueryException(code: HY000): SQLSTATE[HY000]: General error: 1 no such table: committees (Connection: sqlite, SQL: select * from \"committees\" where \"id\" = 1 limit 1) at C:/xampp/htdocs/commite/vendor/laravel/framework/src/Illuminate/Database/Connection.php:825)
[stacktrace]
#0 C:/xampp/htdocs/commite/vendor/laravel/framework/src/Illuminate/Database/Connection.php(779): Illuminate/Database/Connection->runQueryCallback()
#1 C:/xampp/htdocs/commite/vendor/laravel/framework/src/Illuminate/Database/Connection.php(398): Illuminate/Database/Connection->run()
#2 C:/xampp/htdocs/commite/vendor/laravel/framework/src/Illuminate/Database/Query/Builder.php(3106): Illuminate/Database/Connection->select()
#3 C:/xampp/htdocs/commite/vendor/laravel/framework/src/Illuminate/Database/Query/Builder.php(3091): Illuminate/Database/Query/Builder->runSelect()
#4 C:/xampp/htdocs/commite/vendor/laravel/framework/src/Illuminate/Database/Query/Builder.php(3676): Illuminate/Database/Query/Builder->{closure:Illuminate/Database/Query/Builder::get():3090}()
#5 C:/xampp/htdocs/commite/vendor/laravel/framework/src/Illuminate/Database/Query/Builder.php(3090): Illuminate/Database/Query/Builder->onceWithColumns()
#6 C:/xampp/htdocs/commite/vendor/laravel/framework/src/Illuminate/Database/Eloquent/Builder.php(811): Illuminate/Database/Query/Builder->get()
#7 C:/xampp/htdocs/commite/vendor/laravel/framework/src/Illuminate/Database/Eloquent/Builder.php(793): Illuminate/Database/Eloquent/Builder->getModels()
#8 C:/xampp/htdocs/commite/vendor/laravel/framework/src/Illuminate/Database/Concerns/BuildsQueries.php(343): Illuminate/Database/Eloquent/Builder->get()
#9 C:/xampp/htdocs/commite/vendor/laravel/framework/src/Illuminate/Auth/EloquentUserProvider.php(59): Illuminate/Database/Eloquent/Builder->first()
#10 C:/xampp/htdocs/commite/vendor/laravel/framework/src/Illuminate/Auth/SessionGuard.php(180): Illuminate/Auth/EloquentUserProvider->retrieveById()
#11 C:/xampp/htdocs/commite/vendor/laravel/framework/src/Illuminate/Auth/GuardHelpers.php(56): Illuminate/Auth/SessionGuard->user()
#12 C:/xampp/htdocs/commite/vendor/laravel/framework/src/Illuminate/Auth/AuthManager.php(340): Illuminate/Auth/SessionGuard->check()
#13 C:/xampp/htdocs/commite/vendor/laravel/framework/src/Illuminate/Support/Facades/Facade.php(361): Illuminate/Auth/AuthManager->__call()
#14 C:/xampp/htdocs/commite/app/Http/Middleware/CommitteeAuth.php(12): Illuminate/Support/Facades/Facade::__callStatic()
#15 C:/xampp/htdocs/commite/vendor/laravel/framework/src/Illuminate/Pipeline/Pipeline.php(209): App/Http/Middleware/CommitteeAuth->handle()
#16 C:/xampp/htdocs/commite/vendor/laravel/framework/src/Illuminate/Routing/Middleware/SubstituteBindings.php(51): Illuminate/Pipeline/Pipeline->{closure:{closure:Illuminate/Pipeline/Pipeline::carry():184}:185}()
#17 C:/xampp/htdocs/commite/vendor/laravel/framework/src/Illuminate/Pipeline/Pipeline.php(209): Illuminate/Routing/Middleware/SubstituteBindings->handle()
#18 C:/xampp/htdocs/commite/vendor/laravel/framework/src/Illuminate/Foundation/Http/Middleware/VerifyCsrfToken.php(88): Illuminate/Pipeline/Pipeline->{closure:{closure:Illuminate/Pipeline/Pipeline::carry():184}:185}()
#19 C:/xampp/htdocs/commite/vendor/laravel/framework/src/Illuminate/Pipeline/Pipeline.php(209): Illuminate/Foundation/Http/Middleware/VerifyCsrfToken->handle()
#20 C:/xampp/htdocs/commite/vendor/laravel/framework/src/Illuminate/View/Middleware/ShareErrorsFromSession.php(49): Illuminate/Pipeline/Pipeline->{closure:{closure:Illuminate/Pipeline/Pipeline::carry():184}:185}()
#21 C:/xampp/htdocs/commite/vendor/laravel/framework/src/Illuminate/Pipeline/Pipeline.php(209): Illuminate/View/Middleware/ShareErrorsFromSession->handle()
#22 C:/xampp/htdocs/commite/vendor/laravel/framework/src/Illuminate/Session/Middleware/StartSession.php(121): Illuminate/Pipeline/Pipeline->{closure:{closure:Illuminate/Pipeline/Pipeline::carry():184}:185}()
#23 C:/xampp/htdocs/commite/vendor/laravel/framework/src/Illuminate/Session/Middleware/StartSession.php(64): Illuminate/Session/Middleware/StartSession->handleStatefulRequest()
#24 C:/xampp/htdocs/commite/vendor/laravel/framework/src/Illuminate/Pipeline/Pipeline.php(209): Illuminate/Session/Middleware/StartSession->handle()
#25 C:/xampp/htdocs/commite/vendor/laravel/framework/src/Illuminate/Cookie/Middleware/EncryptCookies.php(75): Illuminate/Pipeline/Pipeline->{closure:{closure:Illuminate/Pipeline/Pipeline::carry():184}:185}()
#26 C:/xampp/htdocs/commite/vendor/laravel/framework/src/Illuminate/Pipeline/Pipeline.php(209): Illuminate/Cookie/Middleware/EncryptCookies->handle()
#27 C:/xampp/htdocs/commite/vendor/laravel/framework/src/Illuminate/Pipeline/Pipeline.php(127): Illuminate/Pipeline/Pipeline->{closure:{closure:Illuminate/Pipeline/Pipeline::carry():184}:185}()
#28 C:/xampp/htdocs/commite/vendor/laravel/framework/src/Illuminate/Routing/Router.php(807): Illuminate/Pipeline/Pipeline->then()
#29 C:/xampp/htdocs/commite/vendor/laravel/framework/src/Illuminate/Routing/Router.php(786): Illuminate/Routing/Router->runRouteWithinStack()
#30 C:/xampp/htdocs/commite/vendor/laravel/framework/src/Illuminate/Routing/Router.php(750): Illuminate/Routing/Router->runRoute()
#31 C:/xampp/htdocs/commite/vendor/laravel/framework/src/Illuminate/Routing/Router.php(739): Illuminate/Routing/Router->dispatchToRoute()
#32 C:/xampp/htdocs/commite/vendor/laravel/framework/src/Illuminate/Foundation/Http/Kernel.php(201): Illuminate/Routing/Router->dispatch()
#33 C:/xampp/htdocs/commite/vendor/laravel/framework/src/Illuminate/Pipeline/Pipeline.php(170): Illuminate/Foundation/Http/Kernel->{closure:Illuminate/Foundation/Http/Kernel::dispatchToRouter():198}()
#34 C:/xampp/htdocs/commite/vendor/laravel/framework/src/Illuminate/Foundation/Http/Middleware/TransformsRequest.php(21): Illuminate/Pipeline/Pipeline->{closure:Illuminate/Pipeline/Pipeline::prepareDestination():168}()
#35 C:/xampp/htdocs/commite/vendor/laravel/framework/src/Illuminate/Foundation/Http/Middleware/ConvertEmptyStringsToNull.php(31): Illuminate/Foundation/Http/Middleware/TransformsRequest->handle()
#36 C:/xampp/htdocs/commite/vendor/laravel/framework/src/Illuminate/Pipeline/Pipeline.php(209): Illuminate/Foundation/Http/Middleware/ConvertEmptyStringsToNull->handle()
#37 C:/xampp/htdocs/commite/vendor/laravel/framework/src/Illuminate/Foundation/Http/Middleware/TransformsRequest.php(21): Illuminate/Pipeline/Pipeline->{closure:{closure:Illuminate/Pipeline/Pipeline::carry():184}:185}()
#38 C:/xampp/htdocs/commite/vendor/laravel/framework/src/Illuminate/Foundation/Http/Middleware/TrimStrings.php(51): Illuminate/Foundation/Http/Middleware/TransformsRequest->handle()
#39 C:/xampp/htdocs/commite/vendor/laravel/framework/src/Illuminate/Pipeline/Pipeline.php(209): Illuminate/Foundation/Http/Middleware/TrimStrings->handle()
#40 C:/xampp/htdocs/commite/vendor/laravel/framework/src/Illuminate/Http/Middleware/ValidatePostSize.php(27): Illuminate/Pipeline/Pipeline->{closure:{closure:Illuminate/Pipeline/Pipeline::carry():184}:185}()
#41 C:/xampp/htdocs/commite/vendor/laravel/framework/src/Illuminate/Pipeline/Pipeline.php(209): Illuminate/Http/Middleware/ValidatePostSize->handle()
#42 C:/xampp/htdocs/commite/vendor/laravel/framework/src/Illuminate/Foundation/Http/Middleware/PreventRequestsDuringMaintenance.php(110): Illuminate/Pipeline/Pipeline->{closure:{closure:Illuminate/Pipeline/Pipeline::carry():184}:185}()
#43 C:/xampp/htdocs/commite/vendor/laravel/framework/src/Illuminate/Pipeline/Pipeline.php(209): Illuminate/Foundation/Http/Middleware/PreventRequestsDuringMaintenance->handle()
#44 C:/xampp/htdocs/commite/vendor/laravel/framework/src/Illuminate/Http/Middleware/HandleCors.php(49): Illuminate/Pipeline/Pipeline->{closure:{closure:Illuminate/Pipeline/Pipeline::carry():184}:185}()
#45 C:/xampp/htdocs/commite/vendor/laravel/framework/src/Illuminate/Pipeline/Pipeline.php(209): Illuminate/Http/Middleware/HandleCors->handle()
#46 C:/xampp/htdocs/commite/vendor/laravel/framework/src/Illuminate/Http/Middleware/TrustProxies.php(58): Illuminate/Pipeline/Pipeline->{closure:{closure:Illuminate/Pipeline/Pipeline::carry():184}:185}()
#47 C:/xampp/htdocs/commite/vendor/laravel/framework/src/Illuminate/Pipeline/Pipeline.php(209): Illuminate/Http/Middleware/TrustProxies->handle()
#48 C:/xampp/htdocs/commite/vendor/laravel/framework/src/Illuminate/Pipeline/Pipeline.php(127): Illuminate/Pipeline/Pipeline->{closure:{closure:Illuminate/Pipeline/Pipeline::carry():184}:185}()
#49 C:/xampp/htdocs/commite/vendor/laravel/framework/src/Illuminate/Foundation/Http/Kernel.php(176): Illuminate/Pipeline/Pipeline->then()
#50 C:/xampp/htdocs/commite/vendor/laravel/framework/src/Illuminate/Foundation/Http/Kernel.php(145): Illuminate/Foundation/Http/Kernel->sendRequestThroughRouter()
#51 C:/xampp/htdocs/commite/public/index.php(18): Illuminate/Foundation/Http/Kernel->handle()
#52 C:/xampp/htdocs/commite/vendor/laravel/framework/src/Illuminate/Foundation/resources/server.php(23): require_once('...')
#53 {main}

[previous exception] [object] (PDOException(code: HY000): SQLSTATE[HY000]: General error: 1 no such table: committees at C:/xampp/htdocs/commite/vendor/laravel/framework/src/Illuminate/Database/Connection.php:407)
[stacktrace]
#0 C:/xampp/htdocs/commite/vendor/laravel/framework/src/Illuminate/Database/Connection.php(407): PDO->prepare()
#1 C:/xampp/htdocs/commite/vendor/laravel/framework/src/Illuminate/Database/Connection.php(812): Illuminate/Database/Connection->{closure:Illuminate/Database/Connection::select():398}()
#2 C:/xampp/htdocs/commite/vendor/laravel/framework/src/Illuminate/Database/Connection.php(779): Illuminate/Database/Connection->runQueryCallback()
#3 C:/xampp/htdocs/commite/vendor/laravel/framework/src/Illuminate/Database/Connection.php(398): Illuminate/Database/Connection->run()
#4 C:/xampp/htdocs/commite/vendor/laravel/framework/src/Illuminate/Database/Query/Builder.php(3106): Illuminate/Database/Connection->select()
#5 C:/xampp/htdocs/commite/vendor/laravel/framework/src/Illuminate/Database/Query/Builder.php(3091): Illuminate/Database/Query/Builder->runSelect()
#6 C:/xampp/htdocs/commite/vendor/laravel/framework/src/Illuminate/Database/Query/Builder.php(3676): Illuminate/Database/Query/Builder->{closure:Illuminate/Database/Query/Builder::get():3090}()
#7 C:/xampp/htdocs/commite/vendor/laravel/framework/src/Illuminate/Database/Query/Builder.php(3090): Illuminate/Database/Query/Builder->onceWithColumns()
#8 C:/xampp/htdocs/commite/vendor/laravel/framework/src/Illuminate/Database/Eloquent/Builder.php(811): Illuminate/Database/Query/Builder->get()
#9 C:/xampp/htdocs/commite/vendor/laravel/framework/src/Illuminate/Database/Eloquent/Builder.php(793): Illuminate/Database/Eloquent/Builder->getModels()
#10 C:/xampp/htdocs/commite/vendor/laravel/framework/src/Illuminate/Database/Concerns/BuildsQueries.php(343): Illuminate/Database/Eloquent/Builder->get()
#11 C:/xampp/htdocs/commite/vendor/laravel/framework/src/Illuminate/Auth/EloquentUserProvider.php(59): Illuminate/Database/Eloquent/Builder->first()
#12 C:/xampp/htdocs/commite/vendor/laravel/framework/src/Illuminate/Auth/SessionGuard.php(180): Illuminate/Auth/EloquentUserProvider->retrieveById()
#13 C:/xampp/htdocs/commite/vendor/laravel/framework/src/Illuminate/Auth/GuardHelpers.php(56): Illuminate/Auth/SessionGuard->user()
#14 C:/xampp/htdocs/commite/vendor/laravel/framework/src/Illuminate/Auth/AuthManager.php(340): Illuminate/Auth/SessionGuard->check()
#15 C:/xampp/htdocs/commite/vendor/laravel/framework/src/Illuminate/Support/Facades/Facade.php(361): Illuminate/Auth/AuthManager->__call()
#16 C:/xampp/htdocs/commite/app/Http/Middleware/CommitteeAuth.php(12): Illuminate/Support/Facades/Facade::__callStatic()
#17 C:/xampp/htdocs/commite/vendor/laravel/framework/src/Illuminate/Pipeline/Pipeline.php(209): App/Http/Middleware/CommitteeAuth->handle()
#18 C:/xampp/htdocs/commite/vendor/laravel/framework/src/Illuminate/Routing/Middleware/SubstituteBindings.php(51): Illuminate/Pipeline/Pipeline->{closure:{closure:Illuminate/Pipeline/Pipeline::carry():184}:185}()
#19 C:/xampp/htdocs/commite/vendor/laravel/framework/src/Illuminate/Pipeline/Pipeline.php(209): Illuminate/Routing/Middleware/SubstituteBindings->handle()
#20 C:/xampp/htdocs/commite/vendor/laravel/framework/src/Illuminate/Foundation/Http/Middleware/VerifyCsrfToken.php(88): Illuminate/Pipeline/Pipeline->{closure:{closure:Illuminate/Pipeline/Pipeline::carry():184}:185}()
#21 C:/xampp/htdocs/commite/vendor/laravel/framework/src/Illuminate/Pipeline/Pipeline.php(209): Illuminate/Foundation/Http/Middleware/VerifyCsrfToken->handle()
#22 C:/xampp/htdocs/commite/vendor/laravel/framework/src/Illuminate/View/Middleware/ShareErrorsFromSession.php(49): Illuminate/Pipeline/Pipeline->{closure:{closure:Illuminate/Pipeline/Pipeline::carry():184}:185}()
#23 C:/xampp/htdocs/commite/vendor/laravel/framework/src/Illuminate/Pipeline/Pipeline.php(209): Illuminate/View/Middleware/ShareErrorsFromSession->handle()
#24 C:/xampp/htdocs/commite/vendor/laravel/framework/src/Illuminate/Session/Middleware/StartSession.php(121): Illuminate/Pipeline/Pipeline->{closure:{closure:Illuminate/Pipeline/Pipeline::carry():184}:185}()
#25 C:/xampp/htdocs/commite/vendor/laravel/framework/src/Illuminate/Session/Middleware/StartSession.php(64): Illuminate/Session/Middleware/StartSession->handleStatefulRequest()
#26 C:/xampp/htdocs/commite/vendor/laravel/framework/src/Illuminate/Pipeline/Pipeline.php(209): Illuminate/Session/Middleware/StartSession->handle()
#27 C:/xampp/htdocs/commite/vendor/laravel/framework/src/Illuminate/Cookie/Middleware/EncryptCookies.php(75): Illuminate/Pipeline/Pipeline->{closure:{closure:Illuminate/Pipeline/Pipeline::carry():184}:185}()
#28 C:/xampp/htdocs/commite/vendor/laravel/framework/src/Illuminate/Pipeline/Pipeline.php(209): Illuminate/Cookie/Middleware/EncryptCookies->handle()
#29 C:/xampp/htdocs/commite/vendor/laravel/framework/src/Illuminate/Pipeline/Pipeline.php(127): Illuminate/Pipeline/Pipeline->{closure:{closure:Illuminate/Pipeline/Pipeline::carry():184}:185}()
#30 C:/xampp/htdocs/commite/vendor/laravel/framework/src/Illuminate/Routing/Router.php(807): Illuminate/Pipeline/Pipeline->then()
#31 C:/xampp/htdocs/commite/vendor/laravel/framework/src/Illuminate/Routing/Router.php(786): Illuminate/Routing/Router->runRouteWithinStack()
#32 C:/xampp/htdocs/commite/vendor/laravel/framework/src/Illuminate/Routing/Router.php(750): Illuminate/Routing/Router->runRoute()
#33 C:/xampp/htdocs/commite/vendor/laravel/framework/src/Illuminate/Routing/Router.php(739): Illuminate/Routing/Router->dispatchToRoute()
#34 C:/xampp/htdocs/commite/vendor/laravel/framework/src/Illuminate/Foundation/Http/Kernel.php(201): Illuminate/Routing/Router->dispatch()
#35 C:/xampp/htdocs/commite/vendor/laravel/framework/src/Illuminate/Pipeline/Pipeline.php(170): Illuminate/Foundation/Http/Kernel->{closure:Illuminate/Foundation/Http/Kernel::dispatchToRouter():198}()
#36 C:/xampp/htdocs/commite/vendor/laravel/framework/src/Illuminate/Foundation/Http/Middleware/TransformsRequest.php(21): Illuminate/Pipeline/Pipeline->{closure:Illuminate/Pipeline/Pipeline::prepareDestination():168}()
#37 C:/xampp/htdocs/commite/vendor/laravel/framework/src/Illuminate/Foundation/Http/Middleware/ConvertEmptyStringsToNull.php(31): Illuminate/Foundation/Http/Middleware/TransformsRequest->handle()
#38 C:/xampp/htdocs/commite/vendor/laravel/framework/src/Illuminate/Pipeline/Pipeline.php(209): Illuminate/Foundation/Http/Middleware/ConvertEmptyStringsToNull->handle()
#39 C:/xampp/htdocs/commite/vendor/laravel/framework/src/Illuminate/Foundation/Http/Middleware/TransformsRequest.php(21): Illuminate/Pipeline/Pipeline->{closure:{closure:Illuminate/Pipeline/Pipeline::carry():184}:185}()
#40 C:/xampp/htdocs/commite/vendor/laravel/framework/src/Illuminate/Foundation/Http/Middleware/TrimStrings.php(51): Illuminate/Foundation/Http/Middleware/TransformsRequest->handle()
#41 C:/xampp/htdocs/commite/vendor/laravel/framework/src/Illuminate/Pipeline/Pipeline.php(209): Illuminate/Foundation/Http/Middleware/TrimStrings->handle()
#42 C:/xampp/htdocs/commite/vendor/laravel/framework/src/Illuminate/Http/Middleware/ValidatePostSize.php(27): Illuminate/Pipeline/Pipeline->{closure:{closure:Illuminate/Pipeline/Pipeline::carry():184}:185}()
#43 C:/xampp/htdocs/commite/vendor/laravel/framework/src/Illuminate/Pipeline/Pipeline.php(209): Illuminate/Http/Middleware/ValidatePostSize->handle()
#44 C:/xampp/htdocs/commite/vendor/laravel/framework/src/Illuminate/Foundation/Http/Middleware/PreventRequestsDuringMaintenance.php(110): Illuminate/Pipeline/Pipeline->{closure:{closure:Illuminate/Pipeline/Pipeline::carry():184}:185}()
#45 C:/xampp/htdocs/commite/vendor/laravel/framework/src/Illuminate/Pipeline/Pipeline.php(209): Illuminate/Foundation/Http/Middleware/PreventRequestsDuringMaintenance->handle()
#46 C:/xampp/htdocs/commite/vendor/laravel/framework/src/Illuminate/Http/Middleware/HandleCors.php(49): Illuminate/Pipeline/Pipeline->{closure:{closure:Illuminate/Pipeline/Pipeline::carry():184}:185}()
#47 C:/xampp/htdocs/commite/vendor/laravel/framework/src/Illuminate/Pipeline/Pipeline.php(209): Illuminate/Http/Middleware/HandleCors->handle()
#48 C:/xampp/htdocs/commite/vendor/laravel/framework/src/Illuminate/Http/Middleware/TrustProxies.php(58): Illuminate/Pipeline/Pipeline->{closure:{closure:Illuminate/Pipeline/Pipeline::carry():184}:185}()
#49 C:/xampp/htdocs/commite/vendor/laravel/framework/src/Illuminate/Pipeline/Pipeline.php(209): Illuminate/Http/Middleware/TrustProxies->handle()
#50 C:/xampp/htdocs/commite/vendor/laravel/framework/src/Illuminate/Pipeline/Pipeline.php(127): Illuminate/Pipeline/Pipeline->{closure:{closure:Illuminate/Pipeline/Pipeline::carry():184}:185}()
#51 C:/xampp/htdocs/commite/vendor/laravel/framework/src/Illuminate/Foundation/Http/Kernel.php(176): Illuminate/Pipeline/Pipeline->then()
#52 C:/xampp/htdocs/commite/vendor/laravel/framework/src/Illuminate/Foundation/Http/Kernel.php(145): Illuminate/Foundation/Http/Kernel->sendRequestThroughRouter()
#53 C:/xampp/htdocs/commite/public/index.php(18): Illuminate/Foundation/Http/Kernel->handle()
#54 C:/xampp/htdocs/commite/vendor/laravel/framework/src/Illuminate/Foundation/resources/server.php(23): require_once('...')
#55 {main}
"} 
[2026-08-22 09:38:38] local.ERROR: Target class [App\Http\Controllers\SettingsController] does not exist. {"userId":1,"exception":"[object] (Illuminate\\Contracts\\Container\\BindingResolutionException(code: 0): Target class [App\\Http\\Controllers\\SettingsController] does not exist. at C:/xampp/htdocs/commite/vendor/laravel/framework/src/Illuminate/Container/Container.php:961)
[stacktrace]
#0 C:/xampp/htdocs/commite/vendor/laravel/framework/src/Illuminate/Container/Container.php(832): Illuminate/Container/Container->build()
#1 C:/xampp/htdocs/commite/vendor/laravel/framework/src/Illuminate/Foundation/Application.php(1078): Illuminate/Container/Container->resolve()
#2 C:/xampp/htdocs/commite/vendor/laravel/framework/src/Illuminate/Container/Container.php(763): Illuminate/Foundation/Application->resolve()
#3 C:/xampp/htdocs/commite/vendor/laravel/framework/src/Illuminate/Foundation/Application.php(1058): Illuminate/Container/Container->make()
#4 C:/xampp/htdocs/commite/vendor/laravel/framework/src/Illuminate/Routing/Route.php(285): Illuminate/Foundation/Application->make()
#5 C:/xampp/htdocs/commite/vendor/laravel/framework/src/Illuminate/Routing/Route.php(267): Illuminate/Routing/Route->getController()
#6 C:/xampp/htdocs/commite/vendor/laravel/framework/src/Illuminate/Routing/Route.php(212): Illuminate/Routing/Route->runController()
#7 C:/xampp/htdocs/commite/vendor/laravel/framework/src/Illuminate/Routing/Router.php(808): Illuminate/Routing/Route->run()
#8 C:/xampp/htdocs/commite/vendor/laravel/framework/src/Illuminate/Pipeline/Pipeline.php(170): Illuminate/Routing/Router->{closure:Illuminate/Routing/Router::runRouteWithinStack():807}()
#9 C:/xampp/htdocs/commite/app/Http/Middleware/CommitteeAuth.php(16): Illuminate/Pipeline/Pipeline->{closure:Illuminate/Pipeline/Pipeline::prepareDestination():168}()
#10 C:/xampp/htdocs/commite/vendor/laravel/framework/src/Illuminate/Pipeline/Pipeline.php(209): App/Http/Middleware/CommitteeAuth->handle()
#11 C:/xampp/htdocs/commite/vendor/laravel/framework/src/Illuminate/Routing/Middleware/SubstituteBindings.php(51): Illuminate/Pipeline/Pipeline->{closure:{closure:Illuminate/Pipeline/Pipeline::carry():184}:185}()
#12 C:/xampp/htdocs/commite/vendor/laravel/framework/src/Illuminate/Pipeline/Pipeline.php(209): Illuminate/Routing/Middleware/SubstituteBindings->handle()
#13 C:/xampp/htdocs/commite/vendor/laravel/framework/src/Illuminate/Foundation/Http/Middleware/VerifyCsrfToken.php(88): Illuminate/Pipeline/Pipeline->{closure:{closure:Illuminate/Pipeline/Pipeline::carry():184}:185}()
#14 C:/xampp/htdocs/commite/vendor/laravel/framework/src/Illuminate/Pipeline/Pipeline.php(209): Illuminate/Foundation/Http/Middleware/VerifyCsrfToken->handle()
#15 C:/xampp/htdocs/commite/vendor/laravel/framework/src/Illuminate/View/Middleware/ShareErrorsFromSession.php(49): Illuminate/Pipeline/Pipeline->{closure:{closure:Illuminate/Pipeline/Pipeline::carry():184}:185}()
#16 C:/xampp/htdocs/commite/vendor/laravel/framework/src/Illuminate/Pipeline/Pipeline.php(209): Illuminate/View/Middleware/ShareErrorsFromSession->handle()
#17 C:/xampp/htdocs/commite/vendor/laravel/framework/src/Illuminate/Session/Middleware/StartSession.php(121): Illuminate/Pipeline/Pipeline->{closure:{closure:Illuminate/Pipeline/Pipeline::carry():184}:185}()
#18 C:/xampp/htdocs/commite/vendor/laravel/framework/src/Illuminate/Session/Middleware/StartSession.php(64): Illuminate/Session/Middleware/StartSession->handleStatefulRequest()
#19 C:/xampp/htdocs/commite/vendor/laravel/framework/src/Illuminate/Pipeline/Pipeline.php(209): Illuminate/Session/Middleware/StartSession->handle()
#20 C:/xampp/htdocs/commite/vendor/laravel/framework/src/Illuminate/Cookie/Middleware/EncryptCookies.php(75): Illuminate/Pipeline/Pipeline->{closure:{closure:Illuminate/Pipeline/Pipeline::carry():184}:185}()
#21 C:/xampp/htdocs/commite/vendor/laravel/framework/src/Illuminate/Pipeline/Pipeline.php(209): Illuminate/Cookie/Middleware/EncryptCookies->handle()
#22 C:/xampp/htdocs/commite/vendor/laravel/framework/src/Illuminate/Pipeline/Pipeline.php(127): Illuminate/Pipeline/Pipeline->{closure:{closure:Illuminate/Pipeline/Pipeline::carry():184}:185}()
#23 C:/xampp/htdocs/commite/vendor/laravel/framework/src/Illuminate/Routing/Router.php(807): Illuminate/Pipeline/Pipeline->then()
#24 C:/xampp/htdocs/commite/vendor/laravel/framework/src/Illuminate/Routing/Router.php(786): Illuminate/Routing/Router->runRouteWithinStack()
#25 C:/xampp/htdocs/commite/vendor/laravel/framework/src/Illuminate/Routing/Router.php(750): Illuminate/Routing/Router->runRoute()
#26 C:/xampp/htdocs/commite/vendor/laravel/framework/src/Illuminate/Routing/Router.php(739): Illuminate/Routing/Router->dispatchToRoute()
#27 C:/xampp/htdocs/commite/vendor/laravel/framework/src/Illuminate/Foundation/Http/Kernel.php(201): Illuminate/Routing/Router->dispatch()
#28 C:/xampp/htdocs/commite/vendor/laravel/framework/src/Illuminate/Pipeline/Pipeline.php(170): Illuminate/Foundation/Http/Kernel->{closure:Illuminate/Foundation/Http/Kernel::dispatchToRouter():198}()
#29 C:/xampp/htdocs/commite/vendor/laravel/framework/src/Illuminate/Foundation/Http/Middleware/TransformsRequest.php(21): Illuminate/Pipeline/Pipeline->{closure:Illuminate/Pipeline/Pipeline::prepareDestination():168}()
#30 C:/xampp/htdocs/commite/vendor/laravel/framework/src/Illuminate/Foundation/Http/Middleware/ConvertEmptyStringsToNull.php(31): Illuminate/Foundation/Http/Middleware/TransformsRequest->handle()
#31 C:/xampp/htdocs/commite/vendor/laravel/framework/src/Illuminate/Pipeline/Pipeline.php(209): Illuminate/Foundation/Http/Middleware/ConvertEmptyStringsToNull->handle()
#32 C:/xampp/htdocs/commite/vendor/laravel/framework/src/Illuminate/Foundation/Http/Middleware/TransformsRequest.php(21): Illuminate/Pipeline/Pipeline->{closure:{closure:Illuminate/Pipeline/Pipeline::carry():184}:185}()
#33 C:/xampp/htdocs/commite/vendor/laravel/framework/src/Illuminate/Foundation/Http/Middleware/TrimStrings.php(51): Illuminate/Foundation/Http/Middleware/TransformsRequest->handle()
#34 C:/xampp/htdocs/commite/vendor/laravel/framework/src/Illuminate/Pipeline/Pipeline.php(209): Illuminate/Foundation/Http/Middleware/TrimStrings->handle()
#35 C:/xampp/htdocs/commite/vendor/laravel/framework/src/Illuminate/Http/Middleware/ValidatePostSize.php(27): Illuminate/Pipeline/Pipeline->{closure:{closure:Illuminate/Pipeline/Pipeline::carry():184}:185}()
#36 C:/xampp/htdocs/commite/vendor/laravel/framework/src/Illuminate/Pipeline/Pipeline.php(209): Illuminate/Http/Middleware/ValidatePostSize->handle()
#37 C:/xampp/htdocs/commite/vendor/laravel/framework/src/Illuminate/Foundation/Http/Middleware/PreventRequestsDuringMaintenance.php(110): Illuminate/Pipeline/Pipeline->{closure:{closure:Illuminate/Pipeline/Pipeline::carry():184}:185}()
#38 C:/xampp/htdocs/commite/vendor/laravel/framework/src/Illuminate/Pipeline/Pipeline.php(209): Illuminate/Foundation/Http/Middleware/PreventRequestsDuringMaintenance->handle()
#39 C:/xampp/htdocs/commite/vendor/laravel/framework/src/Illuminate/Http/Middleware/HandleCors.php(49): Illuminate/Pipeline/Pipeline->{closure:{closure:Illuminate/Pipeline/Pipeline::carry():184}:185}()
#40 C:/xampp/htdocs/commite/vendor/laravel/framework/src/Illuminate/Pipeline/Pipeline.php(209): Illuminate/Http/Middleware/HandleCors->handle()
#41 C:/xampp/htdocs/commite/vendor/laravel/framework/src/Illuminate/Http/Middleware/TrustProxies.php(58): Illuminate/Pipeline/Pipeline->{closure:{closure:Illuminate/Pipeline/Pipeline::carry():184}:185}()
#42 C:/xampp/htdocs/commite/vendor/laravel/framework/src/Illuminate/Pipeline/Pipeline.php(209): Illuminate/Http/Middleware/TrustProxies->handle()
#43 C:/xampp/htdocs/commite/vendor/laravel/framework/src/Illuminate/Pipeline/Pipeline.php(127): Illuminate/Pipeline/Pipeline->{closure:{closure:Illuminate/Pipeline/Pipeline::carry():184}:185}()
#44 C:/xampp/htdocs/commite/vendor/laravel/framework/src/Illuminate/Foundation/Http/Kernel.php(176): Illuminate/Pipeline/Pipeline->then()
#45 C:/xampp/htdocs/commite/vendor/laravel/framework/src/Illuminate/Foundation/Http/Kernel.php(145): Illuminate/Foundation/Http/Kernel->sendRequestThroughRouter()
#46 C:/xampp/htdocs/commite/public/index.php(18): Illuminate/Foundation/Http/Kernel->handle()
#47 C:/xampp/htdocs/commite/vendor/laravel/framework/src/Illuminate/Foundation/resources/server.php(23): require_once('...')
#48 {main}

[previous exception] [object] (ReflectionException(code: -1): Class \"App\\Http\\Controllers\\SettingsController\" does not exist at C:/xampp/htdocs/commite/vendor/laravel/framework/src/Illuminate/Container/Container.php:959)
[stacktrace]
#0 C:/xampp/htdocs/commite/vendor/laravel/framework/src/Illuminate/Container/Container.php(959): ReflectionClass->__construct()
#1 C:/xampp/htdocs/commite/vendor/laravel/framework/src/Illuminate/Container/Container.php(832): Illuminate/Container/Container->build()
#2 C:/xampp/htdocs/commite/vendor/laravel/framework/src/Illuminate/Foundation/Application.php(1078): Illuminate/Container/Container->resolve()
#3 C:/xampp/htdocs/commite/vendor/laravel/framework/src/Illuminate/Container/Container.php(763): Illuminate/Foundation/Application->resolve()
#4 C:/xampp/htdocs/commite/vendor/laravel/framework/src/Illuminate/Foundation/Application.php(1058): Illuminate/Container/Container->make()
#5 C:/xampp/htdocs/commite/vendor/laravel/framework/src/Illuminate/Routing/Route.php(285): Illuminate/Foundation/Application->make()
#6 C:/xampp/htdocs/commite/vendor/laravel/framework/src/Illuminate/Routing/Route.php(267): Illuminate/Routing/Route->getController()
#7 C:/xampp/htdocs/commite/vendor/laravel/framework/src/Illuminate/Routing/Route.php(212): Illuminate/Routing/Route->runController()
#8 C:/xampp/htdocs/commite/vendor/laravel/framework/src/Illuminate/Routing/Router.php(808): Illuminate/Routing/Route->run()
#9 C:/xampp/htdocs/commite/vendor/laravel/framework/src/Illuminate/Pipeline/Pipeline.php(170): Illuminate/Routing/Router->{closure:Illuminate/Routing/Router::runRouteWithinStack():807}()
#10 C:/xampp/htdocs/commite/app/Http/Middleware/CommitteeAuth.php(16): Illuminate/Pipeline/Pipeline->{closure:Illuminate/Pipeline/Pipeline::prepareDestination():168}()
#11 C:/xampp/htdocs/commite/vendor/laravel/framework/src/Illuminate/Pipeline/Pipeline.php(209): App/Http/Middleware/CommitteeAuth->handle()
#12 C:/xampp/htdocs/commite/vendor/laravel/framework/src/Illuminate/Routing/Middleware/SubstituteBindings.php(51): Illuminate/Pipeline/Pipeline->{closure:{closure:Illuminate/Pipeline/Pipeline::carry():184}:185}()
#13 C:/xampp/htdocs/commite/vendor/laravel/framework/src/Illuminate/Pipeline/Pipeline.php(209): Illuminate/Routing/Middleware/SubstituteBindings->handle()
#14 C:/xampp/htdocs/commite/vendor/laravel/framework/src/Illuminate/Foundation/Http/Middleware/VerifyCsrfToken.php(88): Illuminate/Pipeline/Pipeline->{closure:{closure:Illuminate/Pipeline/Pipeline::carry():184}:185}()
#15 C:/xampp/htdocs/commite/vendor/laravel/framework/src/Illuminate/Pipeline/Pipeline.php(209): Illuminate/Foundation/Http/Middleware/VerifyCsrfToken->handle()
#16 C:/xampp/htdocs/commite/vendor/laravel/framework/src/Illuminate/View/Middleware/ShareErrorsFromSession.php(49): Illuminate/Pipeline/Pipeline->{closure:{closure:Illuminate/Pipeline/Pipeline::carry():184}:185}()
#17 C:/xampp/htdocs/commite/vendor/laravel/framework/src/Illuminate/Pipeline/Pipeline.php(209): Illuminate/View/Middleware/ShareErrorsFromSession->handle()
#18 C:/xampp/htdocs/commite/vendor/laravel/framework/src/Illuminate/Session/Middleware/StartSession.php(121): Illuminate/Pipeline/Pipeline->{closure:{closure:Illuminate/Pipeline/Pipeline::carry():184}:185}()
#19 C:/xampp/htdocs/commite/vendor/laravel/framework/src/Illuminate/Session/Middleware/StartSession.php(64): Illuminate/Session/Middleware/StartSession->handleStatefulRequest()
#20 C:/xampp/htdocs/commite/vendor/laravel/framework/src/Illuminate/Pipeline/Pipeline.php(209): Illuminate/Session/Middleware/StartSession->handle()
#21 C:/xampp/htdocs/commite/vendor/laravel/framework/src/Illuminate/Cookie/Middleware/EncryptCookies.php(75): Illuminate/Pipeline/Pipeline->{closure:{closure:Illuminate/Pipeline/Pipeline::carry():184}:185}()
#22 C:/xampp/htdocs/commite/vendor/laravel/framework/src/Illuminate/Pipeline/Pipeline.php(209): Illuminate/Cookie/Middleware/EncryptCookies->handle()
#23 C:/xampp/htdocs/commite/vendor/laravel/framework/src/Illuminate/Pipeline/Pipeline.php(127): Illuminate/Pipeline/Pipeline->{closure:{closure:Illuminate/Pipeline/Pipeline::carry():184}:185}()
#24 C:/xampp/htdocs/commite/vendor/laravel/framework/src/Illuminate/Routing/Router.php(807): Illuminate/Pipeline/Pipeline->then()
#25 C:/xampp/htdocs/commite/vendor/laravel/framework/src/Illuminate/Routing/Router.php(786): Illuminate/Routing/Router->runRouteWithinStack()
#26 C:/xampp/htdocs/commite/vendor/laravel/framework/src/Illuminate/Routing/Router.php(750): Illuminate/Routing/Router->runRoute()
#27 C:/xampp/htdocs/commite/vendor/laravel/framework/src/Illuminate/Routing/Router.php(739): Illuminate/Routing/Router->dispatchToRoute()
#28 C:/xampp/htdocs/commite/vendor/laravel/framework/src/Illuminate/Foundation/Http/Kernel.php(201): Illuminate/Routing/Router->dispatch()
#29 C:/xampp/htdocs/commite/vendor/laravel/framework/src/Illuminate/Pipeline/Pipeline.php(170): Illuminate/Foundation/Http/Kernel->{closure:Illuminate/Foundation/Http/Kernel::dispatchToRouter():198}()
#30 C:/xampp/htdocs/commite/vendor/laravel/framework/src/Illuminate/Foundation/Http/Middleware/TransformsRequest.php(21): Illuminate/Pipeline/Pipeline->{closure:Illuminate/Pipeline/Pipeline::prepareDestination():168}()
#31 C:/xampp/htdocs/commite/vendor/laravel/framework/src/Illuminate/Foundation/Http/Middleware/ConvertEmptyStringsToNull.php(31): Illuminate/Foundation/Http/Middleware/TransformsRequest->handle()
#32 C:/xampp/htdocs/commite/vendor/laravel/framework/src/Illuminate/Pipeline/Pipeline.php(209): Illuminate/Foundation/Http/Middleware/ConvertEmptyStringsToNull->handle()
#33 C:/xampp/htdocs/commite/vendor/laravel/framework/src/Illuminate/Foundation/Http/Middleware/TransformsRequest.php(21): Illuminate/Pipeline/Pipeline->{closure:{closure:Illuminate/Pipeline/Pipeline::carry():184}:185}()
#34 C:/xampp/htdocs/commite/vendor/laravel/framework/src/Illuminate/Foundation/Http/Middleware/TrimStrings.php(51): Illuminate/Foundation/Http/Middleware/TransformsRequest->handle()
#35 C:/xampp/htdocs/commite/vendor/laravel/framework/src/Illuminate/Pipeline/Pipeline.php(209): Illuminate/Foundation/Http/Middleware/TrimStrings->handle()
#36 C:/xampp/htdocs/commite/vendor/laravel/framework/src/Illuminate/Http/Middleware/ValidatePostSize.php(27): Illuminate/Pipeline/Pipeline->{closure:{closure:Illuminate/Pipeline/Pipeline::carry():184}:185}()
#37 C:/xampp/htdocs/commite/vendor/laravel/framework/src/Illuminate/Pipeline/Pipeline.php(209): Illuminate/Http/Middleware/ValidatePostSize->handle()
#38 C:/xampp/htdocs/commite/vendor/laravel/framework/src/Illuminate/Foundation/Http/Middleware/PreventRequestsDuringMaintenance.php(110): Illuminate/Pipeline/Pipeline->{closure:{closure:Illuminate/Pipeline/Pipeline::carry():184}:185}()
#39 C:/xampp/htdocs/commite/vendor/laravel/framework/src/Illuminate/Pipeline/Pipeline.php(209): Illuminate/Foundation/Http/Middleware/PreventRequestsDuringMaintenance->handle()
#40 C:/xampp/htdocs/commite/vendor/laravel/framework/src/Illuminate/Http/Middleware/HandleCors.php(49): Illuminate/Pipeline/Pipeline->{closure:{closure:Illuminate/Pipeline/Pipeline::carry():184}:185}()
#41 C:/xampp/htdocs/commite/vendor/laravel/framework/src/Illuminate/Pipeline/Pipeline.php(209): Illuminate/Http/Middleware/HandleCors->handle()
#42 C:/xampp/htdocs/commite/vendor/laravel/framework/src/Illuminate/Http/Middleware/TrustProxies.php(58): Illuminate/Pipeline/Pipeline->{closure:{closure:Illuminate/Pipeline/Pipeline::carry():184}:185}()
#43 C:/xampp/htdocs/commite/vendor/laravel/framework/src/Illuminate/Pipeline/Pipeline.php(209): Illuminate/Http/Middleware/TrustProxies->handle()
#44 C:/xampp/htdocs/commite/vendor/laravel/framework/src/Illuminate/Pipeline/Pipeline.php(127): Illuminate/Pipeline/Pipeline->{closure:{closure:Illuminate/Pipeline/Pipeline::carry():184}:185}()
#45 C:/xampp/htdocs/commite/vendor/laravel/framework/src/Illuminate/Foundation/Http/Kernel.php(176): Illuminate/Pipeline/Pipeline->then()
#46 C:/xampp/htdocs/commite/vendor/laravel/framework/src/Illuminate/Foundation/Http/Kernel.php(145): Illuminate/Foundation/Http/Kernel->sendRequestThroughRouter()
#47 C:/xampp/htdocs/commite/public/index.php(18): Illuminate/Foundation/Http/Kernel->handle()
#48 C:/xampp/htdocs/commite/vendor/laravel/framework/src/Illuminate/Foundation/resources/server.php(23): require_once('...')
#49 {main}
"} 
[2026-08-22 10:01:10] local.ERROR: Class "App\Models\AuditLog" not found {"userId":1,"exception":"[object] (Error(code: 0): Class \"App\\Models\\AuditLog\" not found at C:/xampp/htdocs/commite/app/Http/Controllers/AuditLogController.php:17)
[stacktrace]
#0 C:/xampp/htdocs/commite/vendor/laravel/framework/src/Illuminate/Routing/Controller.php(54): App/Http/Controllers/AuditLogController->index()
#1 C:/xampp/htdocs/commite/vendor/laravel/framework/src/Illuminate/Routing/ControllerDispatcher.php(44): Illuminate/Routing/Controller->callAction()
#2 C:/xampp/htdocs/commite/vendor/laravel/framework/src/Illuminate/Routing/Route.php(266): Illuminate/Routing/ControllerDispatcher->dispatch()
#3 C:/xampp/htdocs/commite/vendor/laravel/framework/src/Illuminate/Routing/Route.php(212): Illuminate/Routing/Route->runController()
#4 C:/xampp/htdocs/commite/vendor/laravel/framework/src/Illuminate/Routing/Router.php(808): Illuminate/Routing/Route->run()
#5 C:/xampp/htdocs/commite/vendor/laravel/framework/src/Illuminate/Pipeline/Pipeline.php(170): Illuminate/Routing/Router->{closure:Illuminate/Routing/Router::runRouteWithinStack():807}()
#6 C:/xampp/htdocs/commite/app/Http/Middleware/CommitteeAuth.php(16): Illuminate/Pipeline/Pipeline->{closure:Illuminate/Pipeline/Pipeline::prepareDestination():168}()
#7 C:/xampp/htdocs/commite/vendor/laravel/framework/src/Illuminate/Pipeline/Pipeline.php(209): App/Http/Middleware/CommitteeAuth->handle()
#8 C:/xampp/htdocs/commite/vendor/laravel/framework/src/Illuminate/Routing/Middleware/SubstituteBindings.php(51): Illuminate/Pipeline/Pipeline->{closure:{closure:Illuminate/Pipeline/Pipeline::carry():184}:185}()
#9 C:/xampp/htdocs/commite/vendor/laravel/framework/src/Illuminate/Pipeline/Pipeline.php(209): Illuminate/Routing/Middleware/SubstituteBindings->handle()
#10 C:/xampp/htdocs/commite/vendor/laravel/framework/src/Illuminate/Foundation/Http/Middleware/VerifyCsrfToken.php(88): Illuminate/Pipeline/Pipeline->{closure:{closure:Illuminate/Pipeline/Pipeline::carry():184}:185}()
#11 C:/xampp/htdocs/commite/vendor/laravel/framework/src/Illuminate/Pipeline/Pipeline.php(209): Illuminate/Foundation/Http/Middleware/VerifyCsrfToken->handle()
#12 C:/xampp/htdocs/commite/vendor/laravel/framework/src/Illuminate/View/Middleware/ShareErrorsFromSession.php(49): Illuminate/Pipeline/Pipeline->{closure:{closure:Illuminate/Pipeline/Pipeline::carry():184}:185}()
#13 C:/xampp/htdocs/commite/vendor/laravel/framework/src/Illuminate/Pipeline/Pipeline.php(209): Illuminate/View/Middleware/ShareErrorsFromSession->handle()
#14 C:/xampp/htdocs/commite/vendor/laravel/framework/src/Illuminate/Session/Middleware/StartSession.php(121): Illuminate/Pipeline/Pipeline->{closure:{closure:Illuminate/Pipeline/Pipeline::carry():184}:185}()
#15 C:/xampp/htdocs/commite/vendor/laravel/framework/src/Illuminate/Session/Middleware/StartSession.php(64): Illuminate/Session/Middleware/StartSession->handleStatefulRequest()
#16 C:/xampp/htdocs/commite/vendor/laravel/framework/src/Illuminate/Pipeline/Pipeline.php(209): Illuminate/Session/Middleware/StartSession->handle()
#17 C:/xampp/htdocs/commite/vendor/laravel/framework/src/Illuminate/Cookie/Middleware/EncryptCookies.php(75): Illuminate/Pipeline/Pipeline->{closure:{closure:Illuminate/Pipeline/Pipeline::carry():184}:185}()
#18 C:/xampp/htdocs/commite/vendor/laravel/framework/src/Illuminate/Pipeline/Pipeline.php(209): Illuminate/Cookie/Middleware/EncryptCookies->handle()
#19 C:/xampp/htdocs/commite/vendor/laravel/framework/src/Illuminate/Pipeline/Pipeline.php(127): Illuminate/Pipeline/Pipeline->{closure:{closure:Illuminate/Pipeline/Pipeline::carry():184}:185}()
#20 C:/xampp/htdocs/commite/vendor/laravel/framework/src/Illuminate/Routing/Router.php(807): Illuminate/Pipeline/Pipeline->then()
#21 C:/xampp/htdocs/commite/vendor/laravel/framework/src/Illuminate/Routing/Router.php(786): Illuminate/Routing/Router->runRouteWithinStack()
#22 C:/xampp/htdocs/commite/vendor/laravel/framework/src/Illuminate/Routing/Router.php(750): Illuminate/Routing/Router->runRoute()
#23 C:/xampp/htdocs/commite/vendor/laravel/framework/src/Illuminate/Routing/Router.php(739): Illuminate/Routing/Router->dispatchToRoute()
#24 C:/xampp/htdocs/commite/vendor/laravel/framework/src/Illuminate/Foundation/Http/Kernel.php(201): Illuminate/Routing/Router->dispatch()
#25 C:/xampp/htdocs/commite/vendor/laravel/framework/src/Illuminate/Pipeline/Pipeline.php(170): Illuminate/Foundation/Http/Kernel->{closure:Illuminate/Foundation/Http/Kernel::dispatchToRouter():198}()
#26 C:/xampp/htdocs/commite/vendor/laravel/framework/src/Illuminate/Foundation/Http/Middleware/TransformsRequest.php(21): Illuminate/Pipeline/Pipeline->{closure:Illuminate/Pipeline/Pipeline::prepareDestination():168}()
#27 C:/xampp/htdocs/commite/vendor/laravel/framework/src/Illuminate/Foundation/Http/Middleware/ConvertEmptyStringsToNull.php(31): Illuminate/Foundation/Http/Middleware/TransformsRequest->handle()
#28 C:/xampp/htdocs/commite/vendor/laravel/framework/src/Illuminate/Pipeline/Pipeline.php(209): Illuminate/Foundation/Http/Middleware/ConvertEmptyStringsToNull->handle()
#29 C:/xampp/htdocs/commite/vendor/laravel/framework/src/Illuminate/Foundation/Http/Middleware/TransformsRequest.php(21): Illuminate/Pipeline/Pipeline->{closure:{closure:Illuminate/Pipeline/Pipeline::carry():184}:185}()
#30 C:/xampp/htdocs/commite/vendor/laravel/framework/src/Illuminate/Foundation/Http/Middleware/TrimStrings.php(51): Illuminate/Foundation/Http/Middleware/TransformsRequest->handle()
#31 C:/xampp/htdocs/commite/vendor/laravel/framework/src/Illuminate/Pipeline/Pipeline.php(209): Illuminate/Foundation/Http/Middleware/TrimStrings->handle()
#32 C:/xampp/htdocs/commite/vendor/laravel/framework/src/Illuminate/Http/Middleware/ValidatePostSize.php(27): Illuminate/Pipeline/Pipeline->{closure:{closure:Illuminate/Pipeline/Pipeline::carry():184}:185}()
#33 C:/xampp/htdocs/commite/vendor/laravel/framework/src/Illuminate/Pipeline/Pipeline.php(209): Illuminate/Http/Middleware/ValidatePostSize->handle()
#34 C:/xampp/htdocs/commite/vendor/laravel/framework/src/Illuminate/Foundation/Http/Middleware/PreventRequestsDuringMaintenance.php(110): Illuminate/Pipeline/Pipeline->{closure:{closure:Illuminate/Pipeline/Pipeline::carry():184}:185}()
#35 C:/xampp/htdocs/commite/vendor/laravel/framework/src/Illuminate/Pipeline/Pipeline.php(209): Illuminate/Foundation/Http/Middleware/PreventRequestsDuringMaintenance->handle()
#36 C:/xampp/htdocs/commite/vendor/laravel/framework/src/Illuminate/Http/Middleware/HandleCors.php(49): Illuminate/Pipeline/Pipeline->{closure:{closure:Illuminate/Pipeline/Pipeline::carry():184}:185}()
#37 C:/xampp/htdocs/commite/vendor/laravel/framework/src/Illuminate/Pipeline/Pipeline.php(209): Illuminate/Http/Middleware/HandleCors->handle()
#38 C:/xampp/htdocs/commite/vendor/laravel/framework/src/Illuminate/Http/Middleware/TrustProxies.php(58): Illuminate/Pipeline/Pipeline->{closure:{closure:Illuminate/Pipeline/Pipeline::carry():184}:185}()
#39 C:/xampp/htdocs/commite/vendor/laravel/framework/src/Illuminate/Pipeline/Pipeline.php(209): Illuminate/Http/Middleware/TrustProxies->handle()
#40 C:/xampp/htdocs/commite/vendor/laravel/framework/src/Illuminate/Pipeline/Pipeline.php(127): Illuminate/Pipeline/Pipeline->{closure:{closure:Illuminate/Pipeline/Pipeline::carry():184}:185}()
#41 C:/xampp/htdocs/commite/vendor/laravel/framework/src/Illuminate/Foundation/Http/Kernel.php(176): Illuminate/Pipeline/Pipeline->then()
#42 C:/xampp/htdocs/commite/vendor/laravel/framework/src/Illuminate/Foundation/Http/Kernel.php(145): Illuminate/Foundation/Http/Kernel->sendRequestThroughRouter()
#43 C:/xampp/htdocs/commite/public/index.php(18): Illuminate/Foundation/Http/Kernel->handle()
#44 C:/xampp/htdocs/commite/vendor/laravel/framework/src/Illuminate/Foundation/resources/server.php(23): require_once('...')
#45 {main}
"} 
[2026-08-26 02:57:23] local.ERROR: Database file at path [C:\xampp\htdocs\commite\database\central.sqlite] does not exist. Ensure this is an absolute path to the database. (Connection: central, SQL: select * from "tenants" where "slug" = favicon.ico limit 1) {"exception":"[object] (Illuminate\\Database\\QueryException(code: 0): Database file at path [C:\\xampp\\htdocs\\commite\\database\\central.sqlite] does not exist. Ensure this is an absolute path to the database. (Connection: central, SQL: select * from \"tenants\" where \"slug\" = favicon.ico limit 1) at C:/xampp/htdocs/commite/vendor/laravel/framework/src/Illuminate/Database/Connection.php:825)
[stacktrace]
#0 C:/xampp/htdocs/commite/vendor/laravel/framework/src/Illuminate/Database/Connection.php(779): Illuminate/Database/Connection->runQueryCallback()
#1 C:/xampp/htdocs/commite/vendor/laravel/framework/src/Illuminate/Database/Connection.php(398): Illuminate/Database/Connection->run()
#2 C:/xampp/htdocs/commite/vendor/laravel/framework/src/Illuminate/Database/Query/Builder.php(3106): Illuminate/Database/Connection->select()
#3 C:/xampp/htdocs/commite/vendor/laravel/framework/src/Illuminate/Database/Query/Builder.php(3091): Illuminate/Database/Query/Builder->runSelect()
#4 C:/xampp/htdocs/commite/vendor/laravel/framework/src/Illuminate/Database/Query/Builder.php(3676): Illuminate/Database/Query/Builder->{closure:Illuminate/Database/Query/Builder::get():3090}()
#5 C:/xampp/htdocs/commite/vendor/laravel/framework/src/Illuminate/Database/Query/Builder.php(3090): Illuminate/Database/Query/Builder->onceWithColumns()
#6 C:/xampp/htdocs/commite/vendor/laravel/framework/src/Illuminate/Database/Eloquent/Builder.php(811): Illuminate/Database/Query/Builder->get()
#7 C:/xampp/htdocs/commite/vendor/laravel/framework/src/Illuminate/Database/Eloquent/Builder.php(793): Illuminate/Database/Eloquent/Builder->getModels()
#8 C:/xampp/htdocs/commite/vendor/laravel/framework/src/Illuminate/Database/Concerns/BuildsQueries.php(343): Illuminate/Database/Eloquent/Builder->get()
#9 C:/xampp/htdocs/commite/app/Http/Middleware/ResolveTenant.php(30): Illuminate/Database/Eloquent/Builder->first()
#10 C:/xampp/htdocs/commite/vendor/laravel/framework/src/Illuminate/Pipeline/Pipeline.php(209): App/Http/Middleware/ResolveTenant->handle()
#11 C:/xampp/htdocs/commite/vendor/laravel/framework/src/Illuminate/Routing/Middleware/SubstituteBindings.php(51): Illuminate/Pipeline/Pipeline->{closure:{closure:Illuminate/Pipeline/Pipeline::carry():184}:185}()
#12 C:/xampp/htdocs/commite/vendor/laravel/framework/src/Illuminate/Pipeline/Pipeline.php(209): Illuminate/Routing/Middleware/SubstituteBindings->handle()
#13 C:/xampp/htdocs/commite/vendor/laravel/framework/src/Illuminate/Foundation/Http/Middleware/VerifyCsrfToken.php(88): Illuminate/Pipeline/Pipeline->{closure:{closure:Illuminate/Pipeline/Pipeline::carry():184}:185}()
#14 C:/xampp/htdocs/commite/vendor/laravel/framework/src/Illuminate/Pipeline/Pipeline.php(209): Illuminate/Foundation/Http/Middleware/VerifyCsrfToken->handle()
#15 C:/xampp/htdocs/commite/vendor/laravel/framework/src/Illuminate/View/Middleware/ShareErrorsFromSession.php(49): Illuminate/Pipeline/Pipeline->{closure:{closure:Illuminate/Pipeline/Pipeline::carry():184}:185}()
#16 C:/xampp/htdocs/commite/vendor/laravel/framework/src/Illuminate/Pipeline/Pipeline.php(209): Illuminate/View/Middleware/ShareErrorsFromSession->handle()
#17 C:/xampp/htdocs/commite/vendor/laravel/framework/src/Illuminate/Session/Middleware/StartSession.php(121): Illuminate/Pipeline/Pipeline->{closure:{closure:Illuminate/Pipeline/Pipeline::carry():184}:185}()
#18 C:/xampp/htdocs/commite/vendor/laravel/framework/src/Illuminate/Session/Middleware/StartSession.php(64): Illuminate/Session/Middleware/StartSession->handleStatefulRequest()
#19 C:/xampp/htdocs/commite/vendor/laravel/framework/src/Illuminate/Pipeline/Pipeline.php(209): Illuminate/Session/Middleware/StartSession->handle()
#20 C:/xampp/htdocs/commite/vendor/laravel/framework/src/Illuminate/Cookie/Middleware/EncryptCookies.php(75): Illuminate/Pipeline/Pipeline->{closure:{closure:Illuminate/Pipeline/Pipeline::carry():184}:185}()
#21 C:/xampp/htdocs/commite/vendor/laravel/framework/src/Illuminate/Pipeline/Pipeline.php(209): Illuminate/Cookie/Middleware/EncryptCookies->handle()
#22 C:/xampp/htdocs/commite/vendor/laravel/framework/src/Illuminate/Pipeline/Pipeline.php(127): Illuminate/Pipeline/Pipeline->{closure:{closure:Illuminate/Pipeline/Pipeline::carry():184}:185}()
#23 C:/xampp/htdocs/commite/vendor/laravel/framework/src/Illuminate/Routing/Router.php(807): Illuminate/Pipeline/Pipeline->then()
#24 C:/xampp/htdocs/commite/vendor/laravel/framework/src/Illuminate/Routing/Router.php(786): Illuminate/Routing/Router->runRouteWithinStack()
#25 C:/xampp/htdocs/commite/vendor/laravel/framework/src/Illuminate/Routing/Router.php(750): Illuminate/Routing/Router->runRoute()
#26 C:/xampp/htdocs/commite/vendor/laravel/framework/src/Illuminate/Routing/Router.php(739): Illuminate/Routing/Router->dispatchToRoute()
#27 C:/xampp/htdocs/commite/vendor/laravel/framework/src/Illuminate/Foundation/Http/Kernel.php(201): Illuminate/Routing/Router->dispatch()
#28 C:/xampp/htdocs/commite/vendor/laravel/framework/src/Illuminate/Pipeline/Pipeline.php(170): Illuminate/Foundation/Http/Kernel->{closure:Illuminate/Foundation/Http/Kernel::dispatchToRouter():198}()
#29 C:/xampp/htdocs/commite/vendor/laravel/framework/src/Illuminate/Foundation/Http/Middleware/TransformsRequest.php(21): Illuminate/Pipeline/Pipeline->{closure:Illuminate/Pipeline/Pipeline::prepareDestination():168}()
#30 C:/xampp/htdocs/commite/vendor/laravel/framework/src/Illuminate/Foundation/Http/Middleware/ConvertEmptyStringsToNull.php(31): Illuminate/Foundation/Http/Middleware/TransformsRequest->handle()
#31 C:/xampp/htdocs/commite/vendor/laravel/framework/src/Illuminate/Pipeline/Pipeline.php(209): Illuminate/Foundation/Http/Middleware/ConvertEmptyStringsToNull->handle()
#32 C:/xampp/htdocs/commite/vendor/laravel/framework/src/Illuminate/Foundation/Http/Middleware/TransformsRequest.php(21): Illuminate/Pipeline/Pipeline->{closure:{closure:Illuminate/Pipeline/Pipeline::carry():184}:185}()
#33 C:/xampp/htdocs/commite/vendor/laravel/framework/src/Illuminate/Foundation/Http/Middleware/TrimStrings.php(51): Illuminate/Foundation/Http/Middleware/TransformsRequest->handle()
#34 C:/xampp/htdocs/commite/vendor/laravel/framework/src/Illuminate/Pipeline/Pipeline.php(209): Illuminate/Foundation/Http/Middleware/TrimStrings->handle()
#35 C:/xampp/htdocs/commite/vendor/laravel/framework/src/Illuminate/Http/Middleware/ValidatePostSize.php(27): Illuminate/Pipeline/Pipeline->{closure:{closure:Illuminate/Pipeline/Pipeline::carry():184}:185}()
#36 C:/xampp/htdocs/commite/vendor/laravel/framework/src/Illuminate/Pipeline/Pipeline.php(209): Illuminate/Http/Middleware/ValidatePostSize->handle()
#37 C:/xampp/htdocs/commite/vendor/laravel/framework/src/Illuminate/Foundation/Http/Middleware/PreventRequestsDuringMaintenance.php(110): Illuminate/Pipeline/Pipeline->{closure:{closure:Illuminate/Pipeline/Pipeline::carry():184}:185}()
#38 C:/xampp/htdocs/commite/vendor/laravel/framework/src/Illuminate/Pipeline/Pipeline.php(209): Illuminate/Foundation/Http/Middleware/PreventRequestsDuringMaintenance->handle()
#39 C:/xampp/htdocs/commite/vendor/laravel/framework/src/Illuminate/Http/Middleware/HandleCors.php(49): Illuminate/Pipeline/Pipeline->{closure:{closure:Illuminate/Pipeline/Pipeline::carry():184}:185}()
#40 C:/xampp/htdocs/commite/vendor/laravel/framework/src/Illuminate/Pipeline/Pipeline.php(209): Illuminate/Http/Middleware/HandleCors->handle()
#41 C:/xampp/htdocs/commite/vendor/laravel/framework/src/Illuminate/Http/Middleware/TrustProxies.php(58): Illuminate/Pipeline/Pipeline->{closure:{closure:Illuminate/Pipeline/Pipeline::carry():184}:185}()
#42 C:/xampp/htdocs/commite/vendor/laravel/framework/src/Illuminate/Pipeline/Pipeline.php(209): Illuminate/Http/Middleware/TrustProxies->handle()
#43 C:/xampp/htdocs/commite/vendor/laravel/framework/src/Illuminate/Pipeline/Pipeline.php(127): Illuminate/Pipeline/Pipeline->{closure:{closure:Illuminate/Pipeline/Pipeline::carry():184}:185}()
#44 C:/xampp/htdocs/commite/vendor/laravel/framework/src/Illuminate/Foundation/Http/Kernel.php(176): Illuminate/Pipeline/Pipeline->then()
#45 C:/xampp/htdocs/commite/vendor/laravel/framework/src/Illuminate/Foundation/Http/Kernel.php(145): Illuminate/Foundation/Http/Kernel->sendRequestThroughRouter()
#46 C:/xampp/htdocs/commite/public/index.php(18): Illuminate/Foundation/Http/Kernel->handle()
#47 C:/xampp/htdocs/commite/vendor/laravel/framework/src/Illuminate/Foundation/resources/server.php(23): require_once('...')
#48 {main}

[previous exception] [object] (Illuminate\\Database\\SQLiteDatabaseDoesNotExistException(code: 0): Database file at path [C:\\xampp\\htdocs\\commite\\database\\central.sqlite] does not exist. Ensure this is an absolute path to the database. at C:/xampp/htdocs/commite/vendor/laravel/framework/src/Illuminate/Database/Connectors/SQLiteConnector.php:37)
[stacktrace]
#0 C:/xampp/htdocs/commite/vendor/laravel/framework/src/Illuminate/Database/Connectors/ConnectionFactory.php(224): Illuminate/Database/Connectors/SQLiteConnector->connect()
#1 [internal function]: Illuminate/Database/Connectors/ConnectionFactory->{closure:Illuminate/Database/Connectors/ConnectionFactory::createPdoResolverWithoutHosts():224}()
#2 C:/xampp/htdocs/commite/vendor/laravel/framework/src/Illuminate/Database/Connection.php(1231): call_user_func()
#3 C:/xampp/htdocs/commite/vendor/laravel/framework/src/Illuminate/Database/Connection.php(1267): Illuminate/Database/Connection->getPdo()
#4 C:/xampp/htdocs/commite/vendor/laravel/framework/src/Illuminate/Database/Connection.php(512): Illuminate/Database/Connection->getReadPdo()
#5 C:/xampp/htdocs/commite/vendor/laravel/framework/src/Illuminate/Database/Connection.php(407): Illuminate/Database/Connection->getPdoForSelect()
#6 C:/xampp/htdocs/commite/vendor/laravel/framework/src/Illuminate/Database/Connection.php(812): Illuminate/Database/Connection->{closure:Illuminate/Database/Connection::select():398}()
#7 C:/xampp/htdocs/commite/vendor/laravel/framework/src/Illuminate/Database/Connection.php(779): Illuminate/Database/Connection->runQueryCallback()
#8 C:/xampp/htdocs/commite/vendor/laravel/framework/src/Illuminate/Database/Connection.php(398): Illuminate/Database/Connection->run()
#9 C:/xampp/htdocs/commite/vendor/laravel/framework/src/Illuminate/Database/Query/Builder.php(3106): Illuminate/Database/Connection->select()
#10 C:/xampp/htdocs/commite/vendor/laravel/framework/src/Illuminate/Database/Query/Builder.php(3091): Illuminate/Database/Query/Builder->runSelect()
#11 C:/xampp/htdocs/commite/vendor/laravel/framework/src/Illuminate/Database/Query/Builder.php(3676): Illuminate/Database/Query/Builder->{closure:Illuminate/Database/Query/Builder::get():3090}()
#12 C:/xampp/htdocs/commite/vendor/laravel/framework/src/Illuminate/Database/Query/Builder.php(3090): Illuminate/Database/Query/Builder->onceWithColumns()
#13 C:/xampp/htdocs/commite/vendor/laravel/framework/src/Illuminate/Database/Eloquent/Builder.php(811): Illuminate/Database/Query/Builder->get()
#14 C:/xampp/htdocs/commite/vendor/laravel/framework/src/Illuminate/Database/Eloquent/Builder.php(793): Illuminate/Database/Eloquent/Builder->getModels()
#15 C:/xampp/htdocs/commite/vendor/laravel/framework/src/Illuminate/Database/Concerns/BuildsQueries.php(343): Illuminate/Database/Eloquent/Builder->get()
#16 C:/xampp/htdocs/commite/app/Http/Middleware/ResolveTenant.php(30): Illuminate/Database/Eloquent/Builder->first()
#17 C:/xampp/htdocs/commite/vendor/laravel/framework/src/Illuminate/Pipeline/Pipeline.php(209): App/Http/Middleware/ResolveTenant->handle()
#18 C:/xampp/htdocs/commite/vendor/laravel/framework/src/Illuminate/Routing/Middleware/SubstituteBindings.php(51): Illuminate/Pipeline/Pipeline->{closure:{closure:Illuminate/Pipeline/Pipeline::carry():184}:185}()
#19 C:/xampp/htdocs/commite/vendor/laravel/framework/src/Illuminate/Pipeline/Pipeline.php(209): Illuminate/Routing/Middleware/SubstituteBindings->handle()
#20 C:/xampp/htdocs/commite/vendor/laravel/framework/src/Illuminate/Foundation/Http/Middleware/VerifyCsrfToken.php(88): Illuminate/Pipeline/Pipeline->{closure:{closure:Illuminate/Pipeline/Pipeline::carry():184}:185}()
#21 C:/xampp/htdocs/commite/vendor/laravel/framework/src/Illuminate/Pipeline/Pipeline.php(209): Illuminate/Foundation/Http/Middleware/VerifyCsrfToken->handle()
#22 C:/xampp/htdocs/commite/vendor/laravel/framework/src/Illuminate/View/Middleware/ShareErrorsFromSession.php(49): Illuminate/Pipeline/Pipeline->{closure:{closure:Illuminate/Pipeline/Pipeline::carry():184}:185}()
#23 C:/xampp/htdocs/commite/vendor/laravel/framework/src/Illuminate/Pipeline/Pipeline.php(209): Illuminate/View/Middleware/ShareErrorsFromSession->handle()
#24 C:/xampp/htdocs/commite/vendor/laravel/framework/src/Illuminate/Session/Middleware/StartSession.php(121): Illuminate/Pipeline/Pipeline->{closure:{closure:Illuminate/Pipeline/Pipeline::carry():184}:185}()
#25 C:/xampp/htdocs/commite/vendor/laravel/framework/src/Illuminate/Session/Middleware/StartSession.php(64): Illuminate/Session/Middleware/StartSession->handleStatefulRequest()
#26 C:/xampp/htdocs/commite/vendor/laravel/framework/src/Illuminate/Pipeline/Pipeline.php(209): Illuminate/Session/Middleware/StartSession->handle()
#27 C:/xampp/htdocs/commite/vendor/laravel/framework/src/Illuminate/Cookie/Middleware/EncryptCookies.php(75): Illuminate/Pipeline/Pipeline->{closure:{closure:Illuminate/Pipeline/Pipeline::carry():184}:185}()
#28 C:/xampp/htdocs/commite/vendor/laravel/framework/src/Illuminate/Pipeline/Pipeline.php(209): Illuminate/Cookie/Middleware/EncryptCookies->handle()
#29 C:/xampp/htdocs/commite/vendor/laravel/framework/src/Illuminate/Pipeline/Pipeline.php(127): Illuminate/Pipeline/Pipeline->{closure:{closure:Illuminate/Pipeline/Pipeline::carry():184}:185}()
#30 C:/xampp/htdocs/commite/vendor/laravel/framework/src/Illuminate/Routing/Router.php(807): Illuminate/Pipeline/Pipeline->then()
#31 C:/xampp/htdocs/commite/vendor/laravel/framework/src/Illuminate/Routing/Router.php(786): Illuminate/Routing/Router->runRouteWithinStack()
#32 C:/xampp/htdocs/commite/vendor/laravel/framework/src/Illuminate/Routing/Router.php(750): Illuminate/Routing/Router->runRoute()
#33 C:/xampp/htdocs/commite/vendor/laravel/framework/src/Illuminate/Routing/Router.php(739): Illuminate/Routing/Router->dispatchToRoute()
#34 C:/xampp/htdocs/commite/vendor/laravel/framework/src/Illuminate/Foundation/Http/Kernel.php(201): Illuminate/Routing/Router->dispatch()
#35 C:/xampp/htdocs/commite/vendor/laravel/framework/src/Illuminate/Pipeline/Pipeline.php(170): Illuminate/Foundation/Http/Kernel->{closure:Illuminate/Foundation/Http/Kernel::dispatchToRouter():198}()
#36 C:/xampp/htdocs/commite/vendor/laravel/framework/src/Illuminate/Foundation/Http/Middleware/TransformsRequest.php(21): Illuminate/Pipeline/Pipeline->{closure:Illuminate/Pipeline/Pipeline::prepareDestination():168}()
#37 C:/xampp/htdocs/commite/vendor/laravel/framework/src/Illuminate/Foundation/Http/Middleware/ConvertEmptyStringsToNull.php(31): Illuminate/Foundation/Http/Middleware/TransformsRequest->handle()
#38 C:/xampp/htdocs/commite/vendor/laravel/framework/src/Illuminate/Pipeline/Pipeline.php(209): Illuminate/Foundation/Http/Middleware/ConvertEmptyStringsToNull->handle()
#39 C:/xampp/htdocs/commite/vendor/laravel/framework/src/Illuminate/Foundation/Http/Middleware/TransformsRequest.php(21): Illuminate/Pipeline/Pipeline->{closure:{closure:Illuminate/Pipeline/Pipeline::carry():184}:185}()
#40 C:/xampp/htdocs/commite/vendor/laravel/framework/src/Illuminate/Foundation/Http/Middleware/TrimStrings.php(51): Illuminate/Foundation/Http/Middleware/TransformsRequest->handle()
#41 C:/xampp/htdocs/commite/vendor/laravel/framework/src/Illuminate/Pipeline/Pipeline.php(209): Illuminate/Foundation/Http/Middleware/TrimStrings->handle()
#42 C:/xampp/htdocs/commite/vendor/laravel/framework/src/Illuminate/Http/Middleware/ValidatePostSize.php(27): Illuminate/Pipeline/Pipeline->{closure:{closure:Illuminate/Pipeline/Pipeline::carry():184}:185}()
#43 C:/xampp/htdocs/commite/vendor/laravel/framework/src/Illuminate/Pipeline/Pipeline.php(209): Illuminate/Http/Middleware/ValidatePostSize->handle()
#44 C:/xampp/htdocs/commite/vendor/laravel/framework/src/Illuminate/Foundation/Http/Middleware/PreventRequestsDuringMaintenance.php(110): Illuminate/Pipeline/Pipeline->{closure:{closure:Illuminate/Pipeline/Pipeline::carry():184}:185}()
#45 C:/xampp/htdocs/commite/vendor/laravel/framework/src/Illuminate/Pipeline/Pipeline.php(209): Illuminate/Foundation/Http/Middleware/PreventRequestsDuringMaintenance->handle()
#46 C:/xampp/htdocs/commite/vendor/laravel/framework/src/Illuminate/Http/Middleware/HandleCors.php(49): Illuminate/Pipeline/Pipeline->{closure:{closure:Illuminate/Pipeline/Pipeline::carry():184}:185}()
#47 C:/xampp/htdocs/commite/vendor/laravel/framework/src/Illuminate/Pipeline/Pipeline.php(209): Illuminate/Http/Middleware/HandleCors->handle()
#48 C:/xampp/htdocs/commite/vendor/laravel/framework/src/Illuminate/Http/Middleware/TrustProxies.php(58): Illuminate/Pipeline/Pipeline->{closure:{closure:Illuminate/Pipeline/Pipeline::carry():184}:185}()
#49 C:/xampp/htdocs/commite/vendor/laravel/framework/src/Illuminate/Pipeline/Pipeline.php(209): Illuminate/Http/Middleware/TrustProxies->handle()
#50 C:/xampp/htdocs/commite/vendor/laravel/framework/src/Illuminate/Pipeline/Pipeline.php(127): Illuminate/Pipeline/Pipeline->{closure:{closure:Illuminate/Pipeline/Pipeline::carry():184}:185}()
#51 C:/xampp/htdocs/commite/vendor/laravel/framework/src/Illuminate/Foundation/Http/Kernel.php(176): Illuminate/Pipeline/Pipeline->then()
#52 C:/xampp/htdocs/commite/vendor/laravel/framework/src/Illuminate/Foundation/Http/Kernel.php(145): Illuminate/Foundation/Http/Kernel->sendRequestThroughRouter()
#53 C:/xampp/htdocs/commite/public/index.php(18): Illuminate/Foundation/Http/Kernel->handle()
#54 C:/xampp/htdocs/commite/vendor/laravel/framework/src/Illuminate/Foundation/resources/server.php(23): require_once('...')
#55 {main}
"} 
[2026-08-26 02:57:25] local.ERROR: Maximum execution time of 30 seconds exceeded {"exception":"[object] (Symfony\\Component\\ErrorHandler\\Error\\FatalError(code: 0): Maximum execution time of 30 seconds exceeded at C:/xampp/htdocs/commite/vendor/composer/ClassLoader.php:429)
[stacktrace]
#0 {main}
"} 
[2026-08-26 02:58:37] local.ERROR: Database file at path [C:\xampp\htdocs\commite\database\central.sqlite] does not exist. Ensure this is an absolute path to the database. (Connection: central, SQL: select * from "tenants" where "slug" = residents limit 1) {"exception":"[object] (Illuminate\\Database\\QueryException(code: 0): Database file at path [C:\\xampp\\htdocs\\commite\\database\\central.sqlite] does not exist. Ensure this is an absolute path to the database. (Connection: central, SQL: select * from \"tenants\" where \"slug\" = residents limit 1) at C:/xampp/htdocs/commite/vendor/laravel/framework/src/Illuminate/Database/Connection.php:825)
[stacktrace]
#0 C:/xampp/htdocs/commite/vendor/laravel/framework/src/Illuminate/Database/Connection.php(779): Illuminate/Database/Connection->runQueryCallback()
#1 C:/xampp/htdocs/commite/vendor/laravel/framework/src/Illuminate/Database/Connection.php(398): Illuminate/Database/Connection->run()
#2 C:/xampp/htdocs/commite/vendor/laravel/framework/src/Illuminate/Database/Query/Builder.php(3106): Illuminate/Database/Connection->select()
#3 C:/xampp/htdocs/commite/vendor/laravel/framework/src/Illuminate/Database/Query/Builder.php(3091): Illuminate/Database/Query/Builder->runSelect()
#4 C:/xampp/htdocs/commite/vendor/laravel/framework/src/Illuminate/Database/Query/Builder.php(3676): Illuminate/Database/Query/Builder->{closure:Illuminate/Database/Query/Builder::get():3090}()
#5 C:/xampp/htdocs/commite/vendor/laravel/framework/src/Illuminate/Database/Query/Builder.php(3090): Illuminate/Database/Query/Builder->onceWithColumns()
#6 C:/xampp/htdocs/commite/vendor/laravel/framework/src/Illuminate/Database/Eloquent/Builder.php(811): Illuminate/Database/Query/Builder->get()
#7 C:/xampp/htdocs/commite/vendor/laravel/framework/src/Illuminate/Database/Eloquent/Builder.php(793): Illuminate/Database/Eloquent/Builder->getModels()
#8 C:/xampp/htdocs/commite/vendor/laravel/framework/src/Illuminate/Database/Concerns/BuildsQueries.php(343): Illuminate/Database/Eloquent/Builder->get()
#9 C:/xampp/htdocs/commite/app/Http/Middleware/ResolveTenant.php(30): Illuminate/Database/Eloquent/Builder->first()
#10 C:/xampp/htdocs/commite/vendor/laravel/framework/src/Illuminate/Pipeline/Pipeline.php(209): App/Http/Middleware/ResolveTenant->handle()
#11 C:/xampp/htdocs/commite/vendor/laravel/framework/src/Illuminate/Routing/Middleware/SubstituteBindings.php(51): Illuminate/Pipeline/Pipeline->{closure:{closure:Illuminate/Pipeline/Pipeline::carry():184}:185}()
#12 C:/xampp/htdocs/commite/vendor/laravel/framework/src/Illuminate/Pipeline/Pipeline.php(209): Illuminate/Routing/Middleware/SubstituteBindings->handle()
#13 C:/xampp/htdocs/commite/vendor/laravel/framework/src/Illuminate/Foundation/Http/Middleware/VerifyCsrfToken.php(88): Illuminate/Pipeline/Pipeline->{closure:{closure:Illuminate/Pipeline/Pipeline::carry():184}:185}()
#14 C:/xampp/htdocs/commite/vendor/laravel/framework/src/Illuminate/Pipeline/Pipeline.php(209): Illuminate/Foundation/Http/Middleware/VerifyCsrfToken->handle()
#15 C:/xampp/htdocs/commite/vendor/laravel/framework/src/Illuminate/View/Middleware/ShareErrorsFromSession.php(49): Illuminate/Pipeline/Pipeline->{closure:{closure:Illuminate/Pipeline/Pipeline::carry():184}:185}()
#16 C:/xampp/htdocs/commite/vendor/laravel/framework/src/Illuminate/Pipeline/Pipeline.php(209): Illuminate/View/Middleware/ShareErrorsFromSession->handle()
#17 C:/xampp/htdocs/commite/vendor/laravel/framework/src/Illuminate/Session/Middleware/StartSession.php(121): Illuminate/Pipeline/Pipeline->{closure:{closure:Illuminate/Pipeline/Pipeline::carry():184}:185}()
#18 C:/xampp/htdocs/commite/vendor/laravel/framework/src/Illuminate/Session/Middleware/StartSession.php(64): Illuminate/Session/Middleware/StartSession->handleStatefulRequest()
#19 C:/xampp/htdocs/commite/vendor/laravel/framework/src/Illuminate/Pipeline/Pipeline.php(209): Illuminate/Session/Middleware/StartSession->handle()
#20 C:/xampp/htdocs/commite/vendor/laravel/framework/src/Illuminate/Cookie/Middleware/EncryptCookies.php(75): Illuminate/Pipeline/Pipeline->{closure:{closure:Illuminate/Pipeline/Pipeline::carry():184}:185}()
#21 C:/xampp/htdocs/commite/vendor/laravel/framework/src/Illuminate/Pipeline/Pipeline.php(209): Illuminate/Cookie/Middleware/EncryptCookies->handle()
#22 C:/xampp/htdocs/commite/vendor/laravel/framework/src/Illuminate/Pipeline/Pipeline.php(127): Illuminate/Pipeline/Pipeline->{closure:{closure:Illuminate/Pipeline/Pipeline::carry():184}:185}()
#23 C:/xampp/htdocs/commite/vendor/laravel/framework/src/Illuminate/Routing/Router.php(807): Illuminate/Pipeline/Pipeline->then()
#24 C:/xampp/htdocs/commite/vendor/laravel/framework/src/Illuminate/Routing/Router.php(786): Illuminate/Routing/Router->runRouteWithinStack()
#25 C:/xampp/htdocs/commite/vendor/laravel/framework/src/Illuminate/Routing/Router.php(750): Illuminate/Routing/Router->runRoute()
#26 C:/xampp/htdocs/commite/vendor/laravel/framework/src/Illuminate/Routing/Router.php(739): Illuminate/Routing/Router->dispatchToRoute()
#27 C:/xampp/htdocs/commite/vendor/laravel/framework/src/Illuminate/Foundation/Http/Kernel.php(201): Illuminate/Routing/Router->dispatch()
#28 C:/xampp/htdocs/commite/vendor/laravel/framework/src/Illuminate/Pipeline/Pipeline.php(170): Illuminate/Foundation/Http/Kernel->{closure:Illuminate/Foundation/Http/Kernel::dispatchToRouter():198}()
#29 C:/xampp/htdocs/commite/vendor/laravel/framework/src/Illuminate/Foundation/Http/Middleware/TransformsRequest.php(21): Illuminate/Pipeline/Pipeline->{closure:Illuminate/Pipeline/Pipeline::prepareDestination():168}()
#30 C:/xampp/htdocs/commite/vendor/laravel/framework/src/Illuminate/Foundation/Http/Middleware/ConvertEmptyStringsToNull.php(31): Illuminate/Foundation/Http/Middleware/TransformsRequest->handle()
#31 C:/xampp/htdocs/commite/vendor/laravel/framework/src/Illuminate/Pipeline/Pipeline.php(209): Illuminate/Foundation/Http/Middleware/ConvertEmptyStringsToNull->handle()
#32 C:/xampp/htdocs/commite/vendor/laravel/framework/src/Illuminate/Foundation/Http/Middleware/TransformsRequest.php(21): Illuminate/Pipeline/Pipeline->{closure:{closure:Illuminate/Pipeline/Pipeline::carry():184}:185}()
#33 C:/xampp/htdocs/commite/vendor/laravel/framework/src/Illuminate/Foundation/Http/Middleware/TrimStrings.php(51): Illuminate/Foundation/Http/Middleware/TransformsRequest->handle()
#34 C:/xampp/htdocs/commite/vendor/laravel/framework/src/Illuminate/Pipeline/Pipeline.php(209): Illuminate/Foundation/Http/Middleware/TrimStrings->handle()
#35 C:/xampp/htdocs/commite/vendor/laravel/framework/src/Illuminate/Http/Middleware/ValidatePostSize.php(27): Illuminate/Pipeline/Pipeline->{closure:{closure:Illuminate/Pipeline/Pipeline::carry():184}:185}()
#36 C:/xampp/htdocs/commite/vendor/laravel/framework/src/Illuminate/Pipeline/Pipeline.php(209): Illuminate/Http/Middleware/ValidatePostSize->handle()
#37 C:/xampp/htdocs/commite/vendor/laravel/framework/src/Illuminate/Foundation/Http/Middleware/PreventRequestsDuringMaintenance.php(110): Illuminate/Pipeline/Pipeline->{closure:{closure:Illuminate/Pipeline/Pipeline::carry():184}:185}()
#38 C:/xampp/htdocs/commite/vendor/laravel/framework/src/Illuminate/Pipeline/Pipeline.php(209): Illuminate/Foundation/Http/Middleware/PreventRequestsDuringMaintenance->handle()
#39 C:/xampp/htdocs/commite/vendor/laravel/framework/src/Illuminate/Http/Middleware/HandleCors.php(49): Illuminate/Pipeline/Pipeline->{closure:{closure:Illuminate/Pipeline/Pipeline::carry():184}:185}()
#40 C:/xampp/htdocs/commite/vendor/laravel/framework/src/Illuminate/Pipeline/Pipeline.php(209): Illuminate/Http/Middleware/HandleCors->handle()
#41 C:/xampp/htdocs/commite/vendor/laravel/framework/src/Illuminate/Http/Middleware/TrustProxies.php(58): Illuminate/Pipeline/Pipeline->{closure:{closure:Illuminate/Pipeline/Pipeline::carry():184}:185}()
#42 C:/xampp/htdocs/commite/vendor/laravel/framework/src/Illuminate/Pipeline/Pipeline.php(209): Illuminate/Http/Middleware/TrustProxies->handle()
#43 C:/xampp/htdocs/commite/vendor/laravel/framework/src/Illuminate/Pipeline/Pipeline.php(127): Illuminate/Pipeline/Pipeline->{closure:{closure:Illuminate/Pipeline/Pipeline::carry():184}:185}()
#44 C:/xampp/htdocs/commite/vendor/laravel/framework/src/Illuminate/Foundation/Http/Kernel.php(176): Illuminate/Pipeline/Pipeline->then()
#45 C:/xampp/htdocs/commite/vendor/laravel/framework/src/Illuminate/Foundation/Http/Kernel.php(145): Illuminate/Foundation/Http/Kernel->sendRequestThroughRouter()
#46 C:/xampp/htdocs/commite/public/index.php(18): Illuminate/Foundation/Http/Kernel->handle()
#47 C:/xampp/htdocs/commite/vendor/laravel/framework/src/Illuminate/Foundation/resources/server.php(23): require_once('...')
#48 {main}

[previous exception] [object] (Illuminate\\Database\\SQLiteDatabaseDoesNotExistException(code: 0): Database file at path [C:\\xampp\\htdocs\\commite\\database\\central.sqlite] does not exist. Ensure this is an absolute path to the database. at C:/xampp/htdocs/commite/vendor/laravel/framework/src/Illuminate/Database/Connectors/SQLiteConnector.php:37)
[stacktrace]
#0 C:/xampp/htdocs/commite/vendor/laravel/framework/src/Illuminate/Database/Connectors/ConnectionFactory.php(224): Illuminate/Database/Connectors/SQLiteConnector->connect()
#1 [internal function]: Illuminate/Database/Connectors/ConnectionFactory->{closure:Illuminate/Database/Connectors/ConnectionFactory::createPdoResolverWithoutHosts():224}()
#2 C:/xampp/htdocs/commite/vendor/laravel/framework/src/Illuminate/Database/Connection.php(1231): call_user_func()
#3 C:/xampp/htdocs/commite/vendor/laravel/framework/src/Illuminate/Database/Connection.php(1267): Illuminate/Database/Connection->getPdo()
#4 C:/xampp/htdocs/commite/vendor/laravel/framework/src/Illuminate/Database/Connection.php(512): Illuminate/Database/Connection->getReadPdo()
#5 C:/xampp/htdocs/commite/vendor/laravel/framework/src/Illuminate/Database/Connection.php(407): Illuminate/Database/Connection->getPdoForSelect()
#6 C:/xampp/htdocs/commite/vendor/laravel/framework/src/Illuminate/Database/Connection.php(812): Illuminate/Database/Connection->{closure:Illuminate/Database/Connection::select():398}()
#7 C:/xampp/htdocs/commite/vendor/laravel/framework/src/Illuminate/Database/Connection.php(779): Illuminate/Database/Connection->runQueryCallback()
#8 C:/xampp/htdocs/commite/vendor/laravel/framework/src/Illuminate/Database/Connection.php(398): Illuminate/Database/Connection->run()
#9 C:/xampp/htdocs/commite/vendor/laravel/framework/src/Illuminate/Database/Query/Builder.php(3106): Illuminate/Database/Connection->select()
#10 C:/xampp/htdocs/commite/vendor/laravel/framework/src/Illuminate/Database/Query/Builder.php(3091): Illuminate/Database/Query/Builder->runSelect()
#11 C:/xampp/htdocs/commite/vendor/laravel/framework/src/Illuminate/Database/Query/Builder.php(3676): Illuminate/Database/Query/Builder->{closure:Illuminate/Database/Query/Builder::get():3090}()
#12 C:/xampp/htdocs/commite/vendor/laravel/framework/src/Illuminate/Database/Query/Builder.php(3090): Illuminate/Database/Query/Builder->onceWithColumns()
#13 C:/xampp/htdocs/commite/vendor/laravel/framework/src/Illuminate/Database/Eloquent/Builder.php(811): Illuminate/Database/Query/Builder->get()
#14 C:/xampp/htdocs/commite/vendor/laravel/framework/src/Illuminate/Database/Eloquent/Builder.php(793): Illuminate/Database/Eloquent/Builder->getModels()
#15 C:/xampp/htdocs/commite/vendor/laravel/framework/src/Illuminate/Database/Concerns/BuildsQueries.php(343): Illuminate/Database/Eloquent/Builder->get()
#16 C:/xampp/htdocs/commite/app/Http/Middleware/ResolveTenant.php(30): Illuminate/Database/Eloquent/Builder->first()
#17 C:/xampp/htdocs/commite/vendor/laravel/framework/src/Illuminate/Pipeline/Pipeline.php(209): App/Http/Middleware/ResolveTenant->handle()
#18 C:/xampp/htdocs/commite/vendor/laravel/framework/src/Illuminate/Routing/Middleware/SubstituteBindings.php(51): Illuminate/Pipeline/Pipeline->{closure:{closure:Illuminate/Pipeline/Pipeline::carry():184}:185}()
#19 C:/xampp/htdocs/commite/vendor/laravel/framework/src/Illuminate/Pipeline/Pipeline.php(209): Illuminate/Routing/Middleware/SubstituteBindings->handle()
#20 C:/xampp/htdocs/commite/vendor/laravel/framework/src/Illuminate/Foundation/Http/Middleware/VerifyCsrfToken.php(88): Illuminate/Pipeline/Pipeline->{closure:{closure:Illuminate/Pipeline/Pipeline::carry():184}:185}()
#21 C:/xampp/htdocs/commite/vendor/laravel/framework/src/Illuminate/Pipeline/Pipeline.php(209): Illuminate/Foundation/Http/Middleware/VerifyCsrfToken->handle()
#22 C:/xampp/htdocs/commite/vendor/laravel/framework/src/Illuminate/View/Middleware/ShareErrorsFromSession.php(49): Illuminate/Pipeline/Pipeline->{closure:{closure:Illuminate/Pipeline/Pipeline::carry():184}:185}()
#23 C:/xampp/htdocs/commite/vendor/laravel/framework/src/Illuminate/Pipeline/Pipeline.php(209): Illuminate/View/Middleware/ShareErrorsFromSession->handle()
#24 C:/xampp/htdocs/commite/vendor/laravel/framework/src/Illuminate/Session/Middleware/StartSession.php(121): Illuminate/Pipeline/Pipeline->{closure:{closure:Illuminate/Pipeline/Pipeline::carry():184}:185}()
#25 C:/xampp/htdocs/commite/vendor/laravel/framework/src/Illuminate/Session/Middleware/StartSession.php(64): Illuminate/Session/Middleware/StartSession->handleStatefulRequest()
#26 C:/xampp/htdocs/commite/vendor/laravel/framework/src/Illuminate/Pipeline/Pipeline.php(209): Illuminate/Session/Middleware/StartSession->handle()
#27 C:/xampp/htdocs/commite/vendor/laravel/framework/src/Illuminate/Cookie/Middleware/EncryptCookies.php(75): Illuminate/Pipeline/Pipeline->{closure:{closure:Illuminate/Pipeline/Pipeline::carry():184}:185}()
#28 C:/xampp/htdocs/commite/vendor/laravel/framework/src/Illuminate/Pipeline/Pipeline.php(209): Illuminate/Cookie/Middleware/EncryptCookies->handle()
#29 C:/xampp/htdocs/commite/vendor/laravel/framework/src/Illuminate/Pipeline/Pipeline.php(127): Illuminate/Pipeline/Pipeline->{closure:{closure:Illuminate/Pipeline/Pipeline::carry():184}:185}()
#30 C:/xampp/htdocs/commite/vendor/laravel/framework/src/Illuminate/Routing/Router.php(807): Illuminate/Pipeline/Pipeline->then()
#31 C:/xampp/htdocs/commite/vendor/laravel/framework/src/Illuminate/Routing/Router.php(786): Illuminate/Routing/Router->runRouteWithinStack()
#32 C:/xampp/htdocs/commite/vendor/laravel/framework/src/Illuminate/Routing/Router.php(750): Illuminate/Routing/Router->runRoute()
#33 C:/xampp/htdocs/commite/vendor/laravel/framework/src/Illuminate/Routing/Router.php(739): Illuminate/Routing/Router->dispatchToRoute()
#34 C:/xampp/htdocs/commite/vendor/laravel/framework/src/Illuminate/Foundation/Http/Kernel.php(201): Illuminate/Routing/Router->dispatch()
#35 C:/xampp/htdocs/commite/vendor/laravel/framework/src/Illuminate/Pipeline/Pipeline.php(170): Illuminate/Foundation/Http/Kernel->{closure:Illuminate/Foundation/Http/Kernel::dispatchToRouter():198}()
#36 C:/xampp/htdocs/commite/vendor/laravel/framework/src/Illuminate/Foundation/Http/Middleware/TransformsRequest.php(21): Illuminate/Pipeline/Pipeline->{closure:Illuminate/Pipeline/Pipeline::prepareDestination():168}()
#37 C:/xampp/htdocs/commite/vendor/laravel/framework/src/Illuminate/Foundation/Http/Middleware/ConvertEmptyStringsToNull.php(31): Illuminate/Foundation/Http/Middleware/TransformsRequest->handle()
#38 C:/xampp/htdocs/commite/vendor/laravel/framework/src/Illuminate/Pipeline/Pipeline.php(209): Illuminate/Foundation/Http/Middleware/ConvertEmptyStringsToNull->handle()
#39 C:/xampp/htdocs/commite/vendor/laravel/framework/src/Illuminate/Foundation/Http/Middleware/TransformsRequest.php(21): Illuminate/Pipeline/Pipeline->{closure:{closure:Illuminate/Pipeline/Pipeline::carry():184}:185}()
#40 C:/xampp/htdocs/commite/vendor/laravel/framework/src/Illuminate/Foundation/Http/Middleware/TrimStrings.php(51): Illuminate/Foundation/Http/Middleware/TransformsRequest->handle()
#41 C:/xampp/htdocs/commite/vendor/laravel/framework/src/Illuminate/Pipeline/Pipeline.php(209): Illuminate/Foundation/Http/Middleware/TrimStrings->handle()
#42 C:/xampp/htdocs/commite/vendor/laravel/framework/src/Illuminate/Http/Middleware/ValidatePostSize.php(27): Illuminate/Pipeline/Pipeline->{closure:{closure:Illuminate/Pipeline/Pipeline::carry():184}:185}()
#43 C:/xampp/htdocs/commite/vendor/laravel/framework/src/Illuminate/Pipeline/Pipeline.php(209): Illuminate/Http/Middleware/ValidatePostSize->handle()
#44 C:/xampp/htdocs/commite/vendor/laravel/framework/src/Illuminate/Foundation/Http/Middleware/PreventRequestsDuringMaintenance.php(110): Illuminate/Pipeline/Pipeline->{closure:{closure:Illuminate/Pipeline/Pipeline::carry():184}:185}()
#45 C:/xampp/htdocs/commite/vendor/laravel/framework/src/Illuminate/Pipeline/Pipeline.php(209): Illuminate/Foundation/Http/Middleware/PreventRequestsDuringMaintenance->handle()
#46 C:/xampp/htdocs/commite/vendor/laravel/framework/src/Illuminate/Http/Middleware/HandleCors.php(49): Illuminate/Pipeline/Pipeline->{closure:{closure:Illuminate/Pipeline/Pipeline::carry():184}:185}()
#47 C:/xampp/htdocs/commite/vendor/laravel/framework/src/Illuminate/Pipeline/Pipeline.php(209): Illuminate/Http/Middleware/HandleCors->handle()
#48 C:/xampp/htdocs/commite/vendor/laravel/framework/src/Illuminate/Http/Middleware/TrustProxies.php(58): Illuminate/Pipeline/Pipeline->{closure:{closure:Illuminate/Pipeline/Pipeline::carry():184}:185}()
#49 C:/xampp/htdocs/commite/vendor/laravel/framework/src/Illuminate/Pipeline/Pipeline.php(209): Illuminate/Http/Middleware/TrustProxies->handle()
#50 C:/xampp/htdocs/commite/vendor/laravel/framework/src/Illuminate/Pipeline/Pipeline.php(127): Illuminate/Pipeline/Pipeline->{closure:{closure:Illuminate/Pipeline/Pipeline::carry():184}:185}()
#51 C:/xampp/htdocs/commite/vendor/laravel/framework/src/Illuminate/Foundation/Http/Kernel.php(176): Illuminate/Pipeline/Pipeline->then()
#52 C:/xampp/htdocs/commite/vendor/laravel/framework/src/Illuminate/Foundation/Http/Kernel.php(145): Illuminate/Foundation/Http/Kernel->sendRequestThroughRouter()
#53 C:/xampp/htdocs/commite/public/index.php(18): Illuminate/Foundation/Http/Kernel->handle()
#54 C:/xampp/htdocs/commite/vendor/laravel/framework/src/Illuminate/Foundation/resources/server.php(23): require_once('...')
#55 {main}
"} 
[2026-08-26 03:19:43] local.ERROR: Database file at path [/absolute/path/to/database/central.sqlite] does not exist. Ensure this is an absolute path to the database. (Connection: central, SQL: select exists (select 1 from sqlite_master where name = 'migrations' and type = 'table') as "exists") {"exception":"[object] (Illuminate\\Database\\QueryException(code: 0): Database file at path [/absolute/path/to/database/central.sqlite] does not exist. Ensure this is an absolute path to the database. (Connection: central, SQL: select exists (select 1 from sqlite_master where name = 'migrations' and type = 'table') as \"exists\") at C:/xampp/htdocs/commite/vendor/laravel/framework/src/Illuminate/Database/Connection.php:825)
[stacktrace]
#0 C:/xampp/htdocs/commite/vendor/laravel/framework/src/Illuminate/Database/Connection.php(779): Illuminate/Database/Connection->runQueryCallback()
#1 C:/xampp/htdocs/commite/vendor/laravel/framework/src/Illuminate/Database/Connection.php(398): Illuminate/Database/Connection->run()
#2 C:/xampp/htdocs/commite/vendor/laravel/framework/src/Illuminate/Database/Connection.php(344): Illuminate/Database/Connection->select()
#3 C:/xampp/htdocs/commite/vendor/laravel/framework/src/Illuminate/Database/Connection.php(361): Illuminate/Database/Connection->selectOne()
#4 C:/xampp/htdocs/commite/vendor/laravel/framework/src/Illuminate/Database/Schema/SQLiteBuilder.php(44): Illuminate/Database/Connection->scalar()
#5 C:/xampp/htdocs/commite/vendor/laravel/framework/src/Illuminate/Database/Migrations/DatabaseMigrationRepository.php(184): Illuminate/Database/Schema/SQLiteBuilder->hasTable()
#6 C:/xampp/htdocs/commite/vendor/laravel/framework/src/Illuminate/Database/Migrations/Migrator.php(742): Illuminate/Database/Migrations/DatabaseMigrationRepository->repositoryExists()
#7 C:/xampp/htdocs/commite/vendor/laravel/framework/src/Illuminate/Database/Console/Migrations/MigrateCommand.php(165): Illuminate/Database/Migrations/Migrator->repositoryExists()
#8 C:/xampp/htdocs/commite/vendor/laravel/framework/src/Illuminate/Support/helpers.php(338): Illuminate/Database/Console/Migrations/MigrateCommand->{closure:Illuminate/Database/Console/Migrations/MigrateCommand::repositoryExists():165}()
#9 C:/xampp/htdocs/commite/vendor/laravel/framework/src/Illuminate/Database/Console/Migrations/MigrateCommand.php(165): retry()
#10 C:/xampp/htdocs/commite/vendor/laravel/framework/src/Illuminate/Database/Console/Migrations/MigrateCommand.php(141): Illuminate/Database/Console/Migrations/MigrateCommand->repositoryExists()
#11 C:/xampp/htdocs/commite/vendor/laravel/framework/src/Illuminate/Database/Console/Migrations/MigrateCommand.php(111): Illuminate/Database/Console/Migrations/MigrateCommand->prepareDatabase()
#12 C:/xampp/htdocs/commite/vendor/laravel/framework/src/Illuminate/Database/Migrations/Migrator.php(658): Illuminate/Database/Console/Migrations/MigrateCommand->{closure:Illuminate/Database/Console/Migrations/MigrateCommand::runMigrations():110}()
#13 C:/xampp/htdocs/commite/vendor/laravel/framework/src/Illuminate/Database/Console/Migrations/MigrateCommand.php(110): Illuminate/Database/Migrations/Migrator->usingConnection()
#14 C:/xampp/htdocs/commite/vendor/laravel/framework/src/Illuminate/Database/Console/Migrations/MigrateCommand.php(89): Illuminate/Database/Console/Migrations/MigrateCommand->runMigrations()
#15 C:/xampp/htdocs/commite/vendor/laravel/framework/src/Illuminate/Container/BoundMethod.php(36): Illuminate/Database/Console/Migrations/MigrateCommand->handle()
#16 C:/xampp/htdocs/commite/vendor/laravel/framework/src/Illuminate/Container/Util.php(43): Illuminate/Container/BoundMethod::{closure:Illuminate/Container/BoundMethod::call():35}()
#17 C:/xampp/htdocs/commite/vendor/laravel/framework/src/Illuminate/Container/BoundMethod.php(95): Illuminate/Container/Util::unwrapIfClosure()
#18 C:/xampp/htdocs/commite/vendor/laravel/framework/src/Illuminate/Container/BoundMethod.php(35): Illuminate/Container/BoundMethod::callBoundMethod()
#19 C:/xampp/htdocs/commite/vendor/laravel/framework/src/Illuminate/Container/Container.php(696): Illuminate/Container/BoundMethod::call()
#20 C:/xampp/htdocs/commite/vendor/laravel/framework/src/Illuminate/Console/Command.php(213): Illuminate/Container/Container->call()
#21 C:/xampp/htdocs/commite/vendor/symfony/console/Command/Command.php(341): Illuminate/Console/Command->execute()
#22 C:/xampp/htdocs/commite/vendor/laravel/framework/src/Illuminate/Console/Command.php(182): Symfony/Component/Console/Command/Command->run()
#23 C:/xampp/htdocs/commite/vendor/symfony/console/Application.php(1117): Illuminate/Console/Command->run()
#24 C:/xampp/htdocs/commite/vendor/symfony/console/Application.php(356): Symfony/Component/Console/Application->doRunCommand()
#25 C:/xampp/htdocs/commite/vendor/symfony/console/Application.php(195): Symfony/Component/Console/Application->doRun()
#26 C:/xampp/htdocs/commite/vendor/laravel/framework/src/Illuminate/Foundation/Console/Kernel.php(198): Symfony/Component/Console/Application->run()
#27 C:/xampp/htdocs/commite/artisan(12): Illuminate/Foundation/Console/Kernel->handle()
#28 {main}

[previous exception] [object] (Illuminate\\Database\\SQLiteDatabaseDoesNotExistException(code: 0): Database file at path [/absolute/path/to/database/central.sqlite] does not exist. Ensure this is an absolute path to the database. at C:/xampp/htdocs/commite/vendor/laravel/framework/src/Illuminate/Database/Connectors/SQLiteConnector.php:37)
[stacktrace]
#0 C:/xampp/htdocs/commite/vendor/laravel/framework/src/Illuminate/Database/Connectors/ConnectionFactory.php(224): Illuminate/Database/Connectors/SQLiteConnector->connect()
#1 [internal function]: Illuminate/Database/Connectors/ConnectionFactory->{closure:Illuminate/Database/Connectors/ConnectionFactory::createPdoResolverWithoutHosts():224}()
#2 C:/xampp/htdocs/commite/vendor/laravel/framework/src/Illuminate/Database/Connection.php(1231): call_user_func()
#3 C:/xampp/htdocs/commite/vendor/laravel/framework/src/Illuminate/Database/Connection.php(1267): Illuminate/Database/Connection->getPdo()
#4 C:/xampp/htdocs/commite/vendor/laravel/framework/src/Illuminate/Database/Connection.php(512): Illuminate/Database/Connection->getReadPdo()
#5 C:/xampp/htdocs/commite/vendor/laravel/framework/src/Illuminate/Database/Connection.php(407): Illuminate/Database/Connection->getPdoForSelect()
#6 C:/xampp/htdocs/commite/vendor/laravel/framework/src/Illuminate/Database/Connection.php(812): Illuminate/Database/Connection->{closure:Illuminate/Database/Connection::select():398}()
#7 C:/xampp/htdocs/commite/vendor/laravel/framework/src/Illuminate/Database/Connection.php(779): Illuminate/Database/Connection->runQueryCallback()
#8 C:/xampp/htdocs/commite/vendor/laravel/framework/src/Illuminate/Database/Connection.php(398): Illuminate/Database/Connection->run()
#9 C:/xampp/htdocs/commite/vendor/laravel/framework/src/Illuminate/Database/Connection.php(344): Illuminate/Database/Connection->select()
#10 C:/xampp/htdocs/commite/vendor/laravel/framework/src/Illuminate/Database/Connection.php(361): Illuminate/Database/Connection->selectOne()
#11 C:/xampp/htdocs/commite/vendor/laravel/framework/src/Illuminate/Database/Schema/SQLiteBuilder.php(44): Illuminate/Database/Connection->scalar()
#12 C:/xampp/htdocs/commite/vendor/laravel/framework/src/Illuminate/Database/Migrations/DatabaseMigrationRepository.php(184): Illuminate/Database/Schema/SQLiteBuilder->hasTable()
#13 C:/xampp/htdocs/commite/vendor/laravel/framework/src/Illuminate/Database/Migrations/Migrator.php(742): Illuminate/Database/Migrations/DatabaseMigrationRepository->repositoryExists()
#14 C:/xampp/htdocs/commite/vendor/laravel/framework/src/Illuminate/Database/Console/Migrations/MigrateCommand.php(165): Illuminate/Database/Migrations/Migrator->repositoryExists()
#15 C:/xampp/htdocs/commite/vendor/laravel/framework/src/Illuminate/Support/helpers.php(338): Illuminate/Database/Console/Migrations/MigrateCommand->{closure:Illuminate/Database/Console/Migrations/MigrateCommand::repositoryExists():165}()
#16 C:/xampp/htdocs/commite/vendor/laravel/framework/src/Illuminate/Database/Console/Migrations/MigrateCommand.php(165): retry()
#17 C:/xampp/htdocs/commite/vendor/laravel/framework/src/Illuminate/Database/Console/Migrations/MigrateCommand.php(141): Illuminate/Database/Console/Migrations/MigrateCommand->repositoryExists()
#18 C:/xampp/htdocs/commite/vendor/laravel/framework/src/Illuminate/Database/Console/Migrations/MigrateCommand.php(111): Illuminate/Database/Console/Migrations/MigrateCommand->prepareDatabase()
#19 C:/xampp/htdocs/commite/vendor/laravel/framework/src/Illuminate/Database/Migrations/Migrator.php(658): Illuminate/Database/Console/Migrations/MigrateCommand->{closure:Illuminate/Database/Console/Migrations/MigrateCommand::runMigrations():110}()
#20 C:/xampp/htdocs/commite/vendor/laravel/framework/src/Illuminate/Database/Console/Migrations/MigrateCommand.php(110): Illuminate/Database/Migrations/Migrator->usingConnection()
#21 C:/xampp/htdocs/commite/vendor/laravel/framework/src/Illuminate/Database/Console/Migrations/MigrateCommand.php(89): Illuminate/Database/Console/Migrations/MigrateCommand->runMigrations()
#22 C:/xampp/htdocs/commite/vendor/laravel/framework/src/Illuminate/Container/BoundMethod.php(36): Illuminate/Database/Console/Migrations/MigrateCommand->handle()
#23 C:/xampp/htdocs/commite/vendor/laravel/framework/src/Illuminate/Container/Util.php(43): Illuminate/Container/BoundMethod::{closure:Illuminate/Container/BoundMethod::call():35}()
#24 C:/xampp/htdocs/commite/vendor/laravel/framework/src/Illuminate/Container/BoundMethod.php(95): Illuminate/Container/Util::unwrapIfClosure()
#25 C:/xampp/htdocs/commite/vendor/laravel/framework/src/Illuminate/Container/BoundMethod.php(35): Illuminate/Container/BoundMethod::callBoundMethod()
#26 C:/xampp/htdocs/commite/vendor/laravel/framework/src/Illuminate/Container/Container.php(696): Illuminate/Container/BoundMethod::call()
#27 C:/xampp/htdocs/commite/vendor/laravel/framework/src/Illuminate/Console/Command.php(213): Illuminate/Container/Container->call()
#28 C:/xampp/htdocs/commite/vendor/symfony/console/Command/Command.php(341): Illuminate/Console/Command->execute()
#29 C:/xampp/htdocs/commite/vendor/laravel/framework/src/Illuminate/Console/Command.php(182): Symfony/Component/Console/Command/Command->run()
#30 C:/xampp/htdocs/commite/vendor/symfony/console/Application.php(1117): Illuminate/Console/Command->run()
#31 C:/xampp/htdocs/commite/vendor/symfony/console/Application.php(356): Symfony/Component/Console/Application->doRunCommand()
#32 C:/xampp/htdocs/commite/vendor/symfony/console/Application.php(195): Symfony/Component/Console/Application->doRun()
#33 C:/xampp/htdocs/commite/vendor/laravel/framework/src/Illuminate/Foundation/Console/Kernel.php(198): Symfony/Component/Console/Application->run()
#34 C:/xampp/htdocs/commite/artisan(12): Illuminate/Foundation/Console/Kernel->handle()
#35 {main}
"} 
[2026-08-26 03:43:37] local.ERROR: Target class [signed] does not exist. {"exception":"[object] (Illuminate\\Contracts\\Container\\BindingResolutionException(code: 0): Target class [signed] does not exist. at C:/xampp/htdocs/commite/vendor/laravel/framework/src/Illuminate/Container/Container.php:961)
[stacktrace]
#0 C:/xampp/htdocs/commite/vendor/laravel/framework/src/Illuminate/Container/Container.php(832): Illuminate/Container/Container->build()
#1 C:/xampp/htdocs/commite/vendor/laravel/framework/src/Illuminate/Foundation/Application.php(1078): Illuminate/Container/Container->resolve()
#2 C:/xampp/htdocs/commite/vendor/laravel/framework/src/Illuminate/Container/Container.php(763): Illuminate/Foundation/Application->resolve()
#3 C:/xampp/htdocs/commite/vendor/laravel/framework/src/Illuminate/Foundation/Application.php(1058): Illuminate/Container/Container->make()
#4 C:/xampp/htdocs/commite/vendor/laravel/framework/src/Illuminate/Pipeline/Pipeline.php(198): Illuminate/Foundation/Application->make()
#5 C:/xampp/htdocs/commite/vendor/laravel/framework/src/Illuminate/Routing/Middleware/SubstituteBindings.php(51): Illuminate/Pipeline/Pipeline->{closure:{closure:Illuminate/Pipeline/Pipeline::carry():184}:185}()
#6 C:/xampp/htdocs/commite/vendor/laravel/framework/src/Illuminate/Pipeline/Pipeline.php(209): Illuminate/Routing/Middleware/SubstituteBindings->handle()
#7 C:/xampp/htdocs/commite/vendor/laravel/framework/src/Illuminate/Foundation/Http/Middleware/VerifyCsrfToken.php(88): Illuminate/Pipeline/Pipeline->{closure:{closure:Illuminate/Pipeline/Pipeline::carry():184}:185}()
#8 C:/xampp/htdocs/commite/vendor/laravel/framework/src/Illuminate/Pipeline/Pipeline.php(209): Illuminate/Foundation/Http/Middleware/VerifyCsrfToken->handle()
#9 C:/xampp/htdocs/commite/vendor/laravel/framework/src/Illuminate/View/Middleware/ShareErrorsFromSession.php(49): Illuminate/Pipeline/Pipeline->{closure:{closure:Illuminate/Pipeline/Pipeline::carry():184}:185}()
#10 C:/xampp/htdocs/commite/vendor/laravel/framework/src/Illuminate/Pipeline/Pipeline.php(209): Illuminate/View/Middleware/ShareErrorsFromSession->handle()
#11 C:/xampp/htdocs/commite/vendor/laravel/framework/src/Illuminate/Session/Middleware/StartSession.php(121): Illuminate/Pipeline/Pipeline->{closure:{closure:Illuminate/Pipeline/Pipeline::carry():184}:185}()
#12 C:/xampp/htdocs/commite/vendor/laravel/framework/src/Illuminate/Session/Middleware/StartSession.php(64): Illuminate/Session/Middleware/StartSession->handleStatefulRequest()
#13 C:/xampp/htdocs/commite/vendor/laravel/framework/src/Illuminate/Pipeline/Pipeline.php(209): Illuminate/Session/Middleware/StartSession->handle()
#14 C:/xampp/htdocs/commite/vendor/laravel/framework/src/Illuminate/Cookie/Middleware/EncryptCookies.php(75): Illuminate/Pipeline/Pipeline->{closure:{closure:Illuminate/Pipeline/Pipeline::carry():184}:185}()
#15 C:/xampp/htdocs/commite/vendor/laravel/framework/src/Illuminate/Pipeline/Pipeline.php(209): Illuminate/Cookie/Middleware/EncryptCookies->handle()
#16 C:/xampp/htdocs/commite/vendor/laravel/framework/src/Illuminate/Pipeline/Pipeline.php(127): Illuminate/Pipeline/Pipeline->{closure:{closure:Illuminate/Pipeline/Pipeline::carry():184}:185}()
#17 C:/xampp/htdocs/commite/vendor/laravel/framework/src/Illuminate/Routing/Router.php(807): Illuminate/Pipeline/Pipeline->then()
#18 C:/xampp/htdocs/commite/vendor/laravel/framework/src/Illuminate/Routing/Router.php(786): Illuminate/Routing/Router->runRouteWithinStack()
#19 C:/xampp/htdocs/commite/vendor/laravel/framework/src/Illuminate/Routing/Router.php(750): Illuminate/Routing/Router->runRoute()
#20 C:/xampp/htdocs/commite/vendor/laravel/framework/src/Illuminate/Routing/Router.php(739): Illuminate/Routing/Router->dispatchToRoute()
#21 C:/xampp/htdocs/commite/vendor/laravel/framework/src/Illuminate/Foundation/Http/Kernel.php(201): Illuminate/Routing/Router->dispatch()
#22 C:/xampp/htdocs/commite/vendor/laravel/framework/src/Illuminate/Pipeline/Pipeline.php(170): Illuminate/Foundation/Http/Kernel->{closure:Illuminate/Foundation/Http/Kernel::dispatchToRouter():198}()
#23 C:/xampp/htdocs/commite/vendor/laravel/framework/src/Illuminate/Foundation/Http/Middleware/TransformsRequest.php(21): Illuminate/Pipeline/Pipeline->{closure:Illuminate/Pipeline/Pipeline::prepareDestination():168}()
#24 C:/xampp/htdocs/commite/vendor/laravel/framework/src/Illuminate/Foundation/Http/Middleware/ConvertEmptyStringsToNull.php(31): Illuminate/Foundation/Http/Middleware/TransformsRequest->handle()
#25 C:/xampp/htdocs/commite/vendor/laravel/framework/src/Illuminate/Pipeline/Pipeline.php(209): Illuminate/Foundation/Http/Middleware/ConvertEmptyStringsToNull->handle()
#26 C:/xampp/htdocs/commite/vendor/laravel/framework/src/Illuminate/Foundation/Http/Middleware/TransformsRequest.php(21): Illuminate/Pipeline/Pipeline->{closure:{closure:Illuminate/Pipeline/Pipeline::carry():184}:185}()
#27 C:/xampp/htdocs/commite/vendor/laravel/framework/src/Illuminate/Foundation/Http/Middleware/TrimStrings.php(51): Illuminate/Foundation/Http/Middleware/TransformsRequest->handle()
#28 C:/xampp/htdocs/commite/vendor/laravel/framework/src/Illuminate/Pipeline/Pipeline.php(209): Illuminate/Foundation/Http/Middleware/TrimStrings->handle()
#29 C:/xampp/htdocs/commite/vendor/laravel/framework/src/Illuminate/Http/Middleware/ValidatePostSize.php(27): Illuminate/Pipeline/Pipeline->{closure:{closure:Illuminate/Pipeline/Pipeline::carry():184}:185}()
#30 C:/xampp/htdocs/commite/vendor/laravel/framework/src/Illuminate/Pipeline/Pipeline.php(209): Illuminate/Http/Middleware/ValidatePostSize->handle()
#31 C:/xampp/htdocs/commite/vendor/laravel/framework/src/Illuminate/Foundation/Http/Middleware/PreventRequestsDuringMaintenance.php(110): Illuminate/Pipeline/Pipeline->{closure:{closure:Illuminate/Pipeline/Pipeline::carry():184}:185}()
#32 C:/xampp/htdocs/commite/vendor/laravel/framework/src/Illuminate/Pipeline/Pipeline.php(209): Illuminate/Foundation/Http/Middleware/PreventRequestsDuringMaintenance->handle()
#33 C:/xampp/htdocs/commite/vendor/laravel/framework/src/Illuminate/Http/Middleware/HandleCors.php(49): Illuminate/Pipeline/Pipeline->{closure:{closure:Illuminate/Pipeline/Pipeline::carry():184}:185}()
#34 C:/xampp/htdocs/commite/vendor/laravel/framework/src/Illuminate/Pipeline/Pipeline.php(209): Illuminate/Http/Middleware/HandleCors->handle()
#35 C:/xampp/htdocs/commite/vendor/laravel/framework/src/Illuminate/Http/Middleware/TrustProxies.php(58): Illuminate/Pipeline/Pipeline->{closure:{closure:Illuminate/Pipeline/Pipeline::carry():184}:185}()
#36 C:/xampp/htdocs/commite/vendor/laravel/framework/src/Illuminate/Pipeline/Pipeline.php(209): Illuminate/Http/Middleware/TrustProxies->handle()
#37 C:/xampp/htdocs/commite/vendor/laravel/framework/src/Illuminate/Pipeline/Pipeline.php(127): Illuminate/Pipeline/Pipeline->{closure:{closure:Illuminate/Pipeline/Pipeline::carry():184}:185}()
#38 C:/xampp/htdocs/commite/vendor/laravel/framework/src/Illuminate/Foundation/Http/Kernel.php(176): Illuminate/Pipeline/Pipeline->then()
#39 C:/xampp/htdocs/commite/vendor/laravel/framework/src/Illuminate/Foundation/Http/Kernel.php(145): Illuminate/Foundation/Http/Kernel->sendRequestThroughRouter()
#40 C:/xampp/htdocs/commite/public/index.php(18): Illuminate/Foundation/Http/Kernel->handle()
#41 C:/xampp/htdocs/commite/vendor/laravel/framework/src/Illuminate/Foundation/resources/server.php(23): require_once('...')
#42 {main}

[previous exception] [object] (ReflectionException(code: -1): Class \"signed\" does not exist at C:/xampp/htdocs/commite/vendor/laravel/framework/src/Illuminate/Container/Container.php:959)
[stacktrace]
#0 C:/xampp/htdocs/commite/vendor/laravel/framework/src/Illuminate/Container/Container.php(959): ReflectionClass->__construct()
#1 C:/xampp/htdocs/commite/vendor/laravel/framework/src/Illuminate/Container/Container.php(832): Illuminate/Container/Container->build()
#2 C:/xampp/htdocs/commite/vendor/laravel/framework/src/Illuminate/Foundation/Application.php(1078): Illuminate/Container/Container->resolve()
#3 C:/xampp/htdocs/commite/vendor/laravel/framework/src/Illuminate/Container/Container.php(763): Illuminate/Foundation/Application->resolve()
#4 C:/xampp/htdocs/commite/vendor/laravel/framework/src/Illuminate/Foundation/Application.php(1058): Illuminate/Container/Container->make()
#5 C:/xampp/htdocs/commite/vendor/laravel/framework/src/Illuminate/Pipeline/Pipeline.php(198): Illuminate/Foundation/Application->make()
#6 C:/xampp/htdocs/commite/vendor/laravel/framework/src/Illuminate/Routing/Middleware/SubstituteBindings.php(51): Illuminate/Pipeline/Pipeline->{closure:{closure:Illuminate/Pipeline/Pipeline::carry():184}:185}()
#7 C:/xampp/htdocs/commite/vendor/laravel/framework/src/Illuminate/Pipeline/Pipeline.php(209): Illuminate/Routing/Middleware/SubstituteBindings->handle()
#8 C:/xampp/htdocs/commite/vendor/laravel/framework/src/Illuminate/Foundation/Http/Middleware/VerifyCsrfToken.php(88): Illuminate/Pipeline/Pipeline->{closure:{closure:Illuminate/Pipeline/Pipeline::carry():184}:185}()
#9 C:/xampp/htdocs/commite/vendor/laravel/framework/src/Illuminate/Pipeline/Pipeline.php(209): Illuminate/Foundation/Http/Middleware/VerifyCsrfToken->handle()
#10 C:/xampp/htdocs/commite/vendor/laravel/framework/src/Illuminate/View/Middleware/ShareErrorsFromSession.php(49): Illuminate/Pipeline/Pipeline->{closure:{closure:Illuminate/Pipeline/Pipeline::carry():184}:185}()
#11 C:/xampp/htdocs/commite/vendor/laravel/framework/src/Illuminate/Pipeline/Pipeline.php(209): Illuminate/View/Middleware/ShareErrorsFromSession->handle()
#12 C:/xampp/htdocs/commite/vendor/laravel/framework/src/Illuminate/Session/Middleware/StartSession.php(121): Illuminate/Pipeline/Pipeline->{closure:{closure:Illuminate/Pipeline/Pipeline::carry():184}:185}()
#13 C:/xampp/htdocs/commite/vendor/laravel/framework/src/Illuminate/Session/Middleware/StartSession.php(64): Illuminate/Session/Middleware/StartSession->handleStatefulRequest()
#14 C:/xampp/htdocs/commite/vendor/laravel/framework/src/Illuminate/Pipeline/Pipeline.php(209): Illuminate/Session/Middleware/StartSession->handle()
#15 C:/xampp/htdocs/commite/vendor/laravel/framework/src/Illuminate/Cookie/Middleware/EncryptCookies.php(75): Illuminate/Pipeline/Pipeline->{closure:{closure:Illuminate/Pipeline/Pipeline::carry():184}:185}()
#16 C:/xampp/htdocs/commite/vendor/laravel/framework/src/Illuminate/Pipeline/Pipeline.php(209): Illuminate/Cookie/Middleware/EncryptCookies->handle()
#17 C:/xampp/htdocs/commite/vendor/laravel/framework/src/Illuminate/Pipeline/Pipeline.php(127): Illuminate/Pipeline/Pipeline->{closure:{closure:Illuminate/Pipeline/Pipeline::carry():184}:185}()
#18 C:/xampp/htdocs/commite/vendor/laravel/framework/src/Illuminate/Routing/Router.php(807): Illuminate/Pipeline/Pipeline->then()
#19 C:/xampp/htdocs/commite/vendor/laravel/framework/src/Illuminate/Routing/Router.php(786): Illuminate/Routing/Router->runRouteWithinStack()
#20 C:/xampp/htdocs/commite/vendor/laravel/framework/src/Illuminate/Routing/Router.php(750): Illuminate/Routing/Router->runRoute()
#21 C:/xampp/htdocs/commite/vendor/laravel/framework/src/Illuminate/Routing/Router.php(739): Illuminate/Routing/Router->dispatchToRoute()
#22 C:/xampp/htdocs/commite/vendor/laravel/framework/src/Illuminate/Foundation/Http/Kernel.php(201): Illuminate/Routing/Router->dispatch()
#23 C:/xampp/htdocs/commite/vendor/laravel/framework/src/Illuminate/Pipeline/Pipeline.php(170): Illuminate/Foundation/Http/Kernel->{closure:Illuminate/Foundation/Http/Kernel::dispatchToRouter():198}()
#24 C:/xampp/htdocs/commite/vendor/laravel/framework/src/Illuminate/Foundation/Http/Middleware/TransformsRequest.php(21): Illuminate/Pipeline/Pipeline->{closure:Illuminate/Pipeline/Pipeline::prepareDestination():168}()
#25 C:/xampp/htdocs/commite/vendor/laravel/framework/src/Illuminate/Foundation/Http/Middleware/ConvertEmptyStringsToNull.php(31): Illuminate/Foundation/Http/Middleware/TransformsRequest->handle()
#26 C:/xampp/htdocs/commite/vendor/laravel/framework/src/Illuminate/Pipeline/Pipeline.php(209): Illuminate/Foundation/Http/Middleware/ConvertEmptyStringsToNull->handle()
#27 C:/xampp/htdocs/commite/vendor/laravel/framework/src/Illuminate/Foundation/Http/Middleware/TransformsRequest.php(21): Illuminate/Pipeline/Pipeline->{closure:{closure:Illuminate/Pipeline/Pipeline::carry():184}:185}()
#28 C:/xampp/htdocs/commite/vendor/laravel/framework/src/Illuminate/Foundation/Http/Middleware/TrimStrings.php(51): Illuminate/Foundation/Http/Middleware/TransformsRequest->handle()
#29 C:/xampp/htdocs/commite/vendor/laravel/framework/src/Illuminate/Pipeline/Pipeline.php(209): Illuminate/Foundation/Http/Middleware/TrimStrings->handle()
#30 C:/xampp/htdocs/commite/vendor/laravel/framework/src/Illuminate/Http/Middleware/ValidatePostSize.php(27): Illuminate/Pipeline/Pipeline->{closure:{closure:Illuminate/Pipeline/Pipeline::carry():184}:185}()
#31 C:/xampp/htdocs/commite/vendor/laravel/framework/src/Illuminate/Pipeline/Pipeline.php(209): Illuminate/Http/Middleware/ValidatePostSize->handle()
#32 C:/xampp/htdocs/commite/vendor/laravel/framework/src/Illuminate/Foundation/Http/Middleware/PreventRequestsDuringMaintenance.php(110): Illuminate/Pipeline/Pipeline->{closure:{closure:Illuminate/Pipeline/Pipeline::carry():184}:185}()
#33 C:/xampp/htdocs/commite/vendor/laravel/framework/src/Illuminate/Pipeline/Pipeline.php(209): Illuminate/Foundation/Http/Middleware/PreventRequestsDuringMaintenance->handle()
#34 C:/xampp/htdocs/commite/vendor/laravel/framework/src/Illuminate/Http/Middleware/HandleCors.php(49): Illuminate/Pipeline/Pipeline->{closure:{closure:Illuminate/Pipeline/Pipeline::carry():184}:185}()
#35 C:/xampp/htdocs/commite/vendor/laravel/framework/src/Illuminate/Pipeline/Pipeline.php(209): Illuminate/Http/Middleware/HandleCors->handle()
#36 C:/xampp/htdocs/commite/vendor/laravel/framework/src/Illuminate/Http/Middleware/TrustProxies.php(58): Illuminate/Pipeline/Pipeline->{closure:{closure:Illuminate/Pipeline/Pipeline::carry():184}:185}()
#37 C:/xampp/htdocs/commite/vendor/laravel/framework/src/Illuminate/Pipeline/Pipeline.php(209): Illuminate/Http/Middleware/TrustProxies->handle()
#38 C:/xampp/htdocs/commite/vendor/laravel/framework/src/Illuminate/Pipeline/Pipeline.php(127): Illuminate/Pipeline/Pipeline->{closure:{closure:Illuminate/Pipeline/Pipeline::carry():184}:185}()
#39 C:/xampp/htdocs/commite/vendor/laravel/framework/src/Illuminate/Foundation/Http/Kernel.php(176): Illuminate/Pipeline/Pipeline->then()
#40 C:/xampp/htdocs/commite/vendor/laravel/framework/src/Illuminate/Foundation/Http/Kernel.php(145): Illuminate/Foundation/Http/Kernel->sendRequestThroughRouter()
#41 C:/xampp/htdocs/commite/public/index.php(18): Illuminate/Foundation/Http/Kernel->handle()
#42 C:/xampp/htdocs/commite/vendor/laravel/framework/src/Illuminate/Foundation/resources/server.php(23): require_once('...')
#43 {main}
"} 
[2026-08-26 03:43:48] local.ERROR: Target class [signed] does not exist. {"exception":"[object] (Illuminate\\Contracts\\Container\\BindingResolutionException(code: 0): Target class [signed] does not exist. at C:/xampp/htdocs/commite/vendor/laravel/framework/src/Illuminate/Container/Container.php:961)
[stacktrace]
#0 C:/xampp/htdocs/commite/vendor/laravel/framework/src/Illuminate/Container/Container.php(832): Illuminate/Container/Container->build()
#1 C:/xampp/htdocs/commite/vendor/laravel/framework/src/Illuminate/Foundation/Application.php(1078): Illuminate/Container/Container->resolve()
#2 C:/xampp/htdocs/commite/vendor/laravel/framework/src/Illuminate/Container/Container.php(763): Illuminate/Foundation/Application->resolve()
#3 C:/xampp/htdocs/commite/vendor/laravel/framework/src/Illuminate/Foundation/Application.php(1058): Illuminate/Container/Container->make()
#4 C:/xampp/htdocs/commite/vendor/laravel/framework/src/Illuminate/Foundation/Http/Kernel.php(258): Illuminate/Foundation/Application->make()
#5 C:/xampp/htdocs/commite/vendor/laravel/framework/src/Illuminate/Foundation/Http/Kernel.php(216): Illuminate/Foundation/Http/Kernel->terminateMiddleware()
#6 C:/xampp/htdocs/commite/public/index.php(22): Illuminate/Foundation/Http/Kernel->terminate()
#7 C:/xampp/htdocs/commite/vendor/laravel/framework/src/Illuminate/Foundation/resources/server.php(23): require_once('...')
#8 {main}

[previous exception] [object] (ReflectionException(code: -1): Class \"signed\" does not exist at C:/xampp/htdocs/commite/vendor/laravel/framework/src/Illuminate/Container/Container.php:959)
[stacktrace]
#0 C:/xampp/htdocs/commite/vendor/laravel/framework/src/Illuminate/Container/Container.php(959): ReflectionClass->__construct()
#1 C:/xampp/htdocs/commite/vendor/laravel/framework/src/Illuminate/Container/Container.php(832): Illuminate/Container/Container->build()
#2 C:/xampp/htdocs/commite/vendor/laravel/framework/src/Illuminate/Foundation/Application.php(1078): Illuminate/Container/Container->resolve()
#3 C:/xampp/htdocs/commite/vendor/laravel/framework/src/Illuminate/Container/Container.php(763): Illuminate/Foundation/Application->resolve()
#4 C:/xampp/htdocs/commite/vendor/laravel/framework/src/Illuminate/Foundation/Application.php(1058): Illuminate/Container/Container->make()
#5 C:/xampp/htdocs/commite/vendor/laravel/framework/src/Illuminate/Foundation/Http/Kernel.php(258): Illuminate/Foundation/Application->make()
#6 C:/xampp/htdocs/commite/vendor/laravel/framework/src/Illuminate/Foundation/Http/Kernel.php(216): Illuminate/Foundation/Http/Kernel->terminateMiddleware()
#7 C:/xampp/htdocs/commite/public/index.php(22): Illuminate/Foundation/Http/Kernel->terminate()
#8 C:/xampp/htdocs/commite/vendor/laravel/framework/src/Illuminate/Foundation/resources/server.php(23): require_once('...')
#9 {main}
"} 
[2026-08-26 04:52:36] local.ERROR: Database file at path [C:/xampp/htdocs/commite/database/tenants/_placeholder.sqlite] does not exist. Ensure this is an absolute path to the database. (Connection: tenant, SQL: select exists (select 1 from sqlite_master where name = 'migrations' and type = 'table') as "exists") {"exception":"[object] (Illuminate\\Database\\QueryException(code: 0): Database file at path [C:/xampp/htdocs/commite/database/tenants/_placeholder.sqlite] does not exist. Ensure this is an absolute path to the database. (Connection: tenant, SQL: select exists (select 1 from sqlite_master where name = 'migrations' and type = 'table') as \"exists\") at C:/xampp/htdocs/commite/vendor/laravel/framework/src/Illuminate/Database/Connection.php:825)
[stacktrace]
#0 C:/xampp/htdocs/commite/vendor/laravel/framework/src/Illuminate/Database/Connection.php(779): Illuminate/Database/Connection->runQueryCallback()
#1 C:/xampp/htdocs/commite/vendor/laravel/framework/src/Illuminate/Database/Connection.php(398): Illuminate/Database/Connection->run()
#2 C:/xampp/htdocs/commite/vendor/laravel/framework/src/Illuminate/Database/Connection.php(344): Illuminate/Database/Connection->select()
#3 C:/xampp/htdocs/commite/vendor/laravel/framework/src/Illuminate/Database/Connection.php(361): Illuminate/Database/Connection->selectOne()
#4 C:/xampp/htdocs/commite/vendor/laravel/framework/src/Illuminate/Database/Schema/SQLiteBuilder.php(44): Illuminate/Database/Connection->scalar()
#5 C:/xampp/htdocs/commite/vendor/laravel/framework/src/Illuminate/Database/Migrations/DatabaseMigrationRepository.php(184): Illuminate/Database/Schema/SQLiteBuilder->hasTable()
#6 C:/xampp/htdocs/commite/vendor/laravel/framework/src/Illuminate/Database/Migrations/Migrator.php(742): Illuminate/Database/Migrations/DatabaseMigrationRepository->repositoryExists()
#7 C:/xampp/htdocs/commite/vendor/laravel/framework/src/Illuminate/Database/Console/Migrations/FreshCommand.php(68): Illuminate/Database/Migrations/Migrator->repositoryExists()
#8 C:/xampp/htdocs/commite/vendor/laravel/framework/src/Illuminate/Database/Migrations/Migrator.php(658): Illuminate/Database/Console/Migrations/FreshCommand->{closure:Illuminate/Database/Console/Migrations/FreshCommand::handle():67}()
#9 C:/xampp/htdocs/commite/vendor/laravel/framework/src/Illuminate/Database/Console/Migrations/FreshCommand.php(67): Illuminate/Database/Migrations/Migrator->usingConnection()
#10 C:/xampp/htdocs/commite/vendor/laravel/framework/src/Illuminate/Container/BoundMethod.php(36): Illuminate/Database/Console/Migrations/FreshCommand->handle()
#11 C:/xampp/htdocs/commite/vendor/laravel/framework/src/Illuminate/Container/Util.php(43): Illuminate/Container/BoundMethod::{closure:Illuminate/Container/BoundMethod::call():35}()
#12 C:/xampp/htdocs/commite/vendor/laravel/framework/src/Illuminate/Container/BoundMethod.php(95): Illuminate/Container/Util::unwrapIfClosure()
#13 C:/xampp/htdocs/commite/vendor/laravel/framework/src/Illuminate/Container/BoundMethod.php(35): Illuminate/Container/BoundMethod::callBoundMethod()
#14 C:/xampp/htdocs/commite/vendor/laravel/framework/src/Illuminate/Container/Container.php(696): Illuminate/Container/BoundMethod::call()
#15 C:/xampp/htdocs/commite/vendor/laravel/framework/src/Illuminate/Console/Command.php(213): Illuminate/Container/Container->call()
#16 C:/xampp/htdocs/commite/vendor/symfony/console/Command/Command.php(341): Illuminate/Console/Command->execute()
#17 C:/xampp/htdocs/commite/vendor/laravel/framework/src/Illuminate/Console/Command.php(182): Symfony/Component/Console/Command/Command->run()
#18 C:/xampp/htdocs/commite/vendor/symfony/console/Application.php(1117): Illuminate/Console/Command->run()
#19 C:/xampp/htdocs/commite/vendor/symfony/console/Application.php(356): Symfony/Component/Console/Application->doRunCommand()
#20 C:/xampp/htdocs/commite/vendor/symfony/console/Application.php(195): Symfony/Component/Console/Application->doRun()
#21 C:/xampp/htdocs/commite/vendor/laravel/framework/src/Illuminate/Foundation/Console/Kernel.php(198): Symfony/Component/Console/Application->run()
#22 C:/xampp/htdocs/commite/artisan(12): Illuminate/Foundation/Console/Kernel->handle()
#23 {main}

[previous exception] [object] (Illuminate\\Database\\SQLiteDatabaseDoesNotExistException(code: 0): Database file at path [C:/xampp/htdocs/commite/database/tenants/_placeholder.sqlite] does not exist. Ensure this is an absolute path to the database. at C:/xampp/htdocs/commite/vendor/laravel/framework/src/Illuminate/Database/Connectors/SQLiteConnector.php:37)
[stacktrace]
#0 C:/xampp/htdocs/commite/vendor/laravel/framework/src/Illuminate/Database/Connectors/ConnectionFactory.php(224): Illuminate/Database/Connectors/SQLiteConnector->connect()
#1 [internal function]: Illuminate/Database/Connectors/ConnectionFactory->{closure:Illuminate/Database/Connectors/ConnectionFactory::createPdoResolverWithoutHosts():224}()
#2 C:/xampp/htdocs/commite/vendor/laravel/framework/src/Illuminate/Database/Connection.php(1231): call_user_func()
#3 C:/xampp/htdocs/commite/vendor/laravel/framework/src/Illuminate/Database/Connection.php(1267): Illuminate/Database/Connection->getPdo()
#4 C:/xampp/htdocs/commite/vendor/laravel/framework/src/Illuminate/Database/Connection.php(512): Illuminate/Database/Connection->getReadPdo()
#5 C:/xampp/htdocs/commite/vendor/laravel/framework/src/Illuminate/Database/Connection.php(407): Illuminate/Database/Connection->getPdoForSelect()
#6 C:/xampp/htdocs/commite/vendor/laravel/framework/src/Illuminate/Database/Connection.php(812): Illuminate/Database/Connection->{closure:Illuminate/Database/Connection::select():398}()
#7 C:/xampp/htdocs/commite/vendor/laravel/framework/src/Illuminate/Database/Connection.php(779): Illuminate/Database/Connection->runQueryCallback()
#8 C:/xampp/htdocs/commite/vendor/laravel/framework/src/Illuminate/Database/Connection.php(398): Illuminate/Database/Connection->run()
#9 C:/xampp/htdocs/commite/vendor/laravel/framework/src/Illuminate/Database/Connection.php(344): Illuminate/Database/Connection->select()
#10 C:/xampp/htdocs/commite/vendor/laravel/framework/src/Illuminate/Database/Connection.php(361): Illuminate/Database/Connection->selectOne()
#11 C:/xampp/htdocs/commite/vendor/laravel/framework/src/Illuminate/Database/Schema/SQLiteBuilder.php(44): Illuminate/Database/Connection->scalar()
#12 C:/xampp/htdocs/commite/vendor/laravel/framework/src/Illuminate/Database/Migrations/DatabaseMigrationRepository.php(184): Illuminate/Database/Schema/SQLiteBuilder->hasTable()
#13 C:/xampp/htdocs/commite/vendor/laravel/framework/src/Illuminate/Database/Migrations/Migrator.php(742): Illuminate/Database/Migrations/DatabaseMigrationRepository->repositoryExists()
#14 C:/xampp/htdocs/commite/vendor/laravel/framework/src/Illuminate/Database/Console/Migrations/FreshCommand.php(68): Illuminate/Database/Migrations/Migrator->repositoryExists()
#15 C:/xampp/htdocs/commite/vendor/laravel/framework/src/Illuminate/Database/Migrations/Migrator.php(658): Illuminate/Database/Console/Migrations/FreshCommand->{closure:Illuminate/Database/Console/Migrations/FreshCommand::handle():67}()
#16 C:/xampp/htdocs/commite/vendor/laravel/framework/src/Illuminate/Database/Console/Migrations/FreshCommand.php(67): Illuminate/Database/Migrations/Migrator->usingConnection()
#17 C:/xampp/htdocs/commite/vendor/laravel/framework/src/Illuminate/Container/BoundMethod.php(36): Illuminate/Database/Console/Migrations/FreshCommand->handle()
#18 C:/xampp/htdocs/commite/vendor/laravel/framework/src/Illuminate/Container/Util.php(43): Illuminate/Container/BoundMethod::{closure:Illuminate/Container/BoundMethod::call():35}()
#19 C:/xampp/htdocs/commite/vendor/laravel/framework/src/Illuminate/Container/BoundMethod.php(95): Illuminate/Container/Util::unwrapIfClosure()
#20 C:/xampp/htdocs/commite/vendor/laravel/framework/src/Illuminate/Container/BoundMethod.php(35): Illuminate/Container/BoundMethod::callBoundMethod()
#21 C:/xampp/htdocs/commite/vendor/laravel/framework/src/Illuminate/Container/Container.php(696): Illuminate/Container/BoundMethod::call()
#22 C:/xampp/htdocs/commite/vendor/laravel/framework/src/Illuminate/Console/Command.php(213): Illuminate/Container/Container->call()
#23 C:/xampp/htdocs/commite/vendor/symfony/console/Command/Command.php(341): Illuminate/Console/Command->execute()
#24 C:/xampp/htdocs/commite/vendor/laravel/framework/src/Illuminate/Console/Command.php(182): Symfony/Component/Console/Command/Command->run()
#25 C:/xampp/htdocs/commite/vendor/symfony/console/Application.php(1117): Illuminate/Console/Command->run()
#26 C:/xampp/htdocs/commite/vendor/symfony/console/Application.php(356): Symfony/Component/Console/Application->doRunCommand()
#27 C:/xampp/htdocs/commite/vendor/symfony/console/Application.php(195): Symfony/Component/Console/Application->doRun()
#28 C:/xampp/htdocs/commite/vendor/laravel/framework/src/Illuminate/Foundation/Console/Kernel.php(198): Symfony/Component/Console/Application->run()
#29 C:/xampp/htdocs/commite/artisan(12): Illuminate/Foundation/Console/Kernel->handle()
#30 {main}
"} 
[2026-08-26 04:54:09] local.ERROR: SQLSTATE[HY000]: General error: 1 no such table: jobs (Connection: central, SQL: select * from "jobs" where "queue" = default and (("reserved_at" is null and "available_at" <= 1787720049) or ("reserved_at" <= 1787719959)) order by "id" asc limit 1) {"exception":"[object] (Illuminate\\Database\\QueryException(code: HY000): SQLSTATE[HY000]: General error: 1 no such table: jobs (Connection: central, SQL: select * from \"jobs\" where \"queue\" = default and ((\"reserved_at\" is null and \"available_at\" <= 1787720049) or (\"reserved_at\" <= 1787719959)) order by \"id\" asc limit 1) at C:/xampp/htdocs/commite/vendor/laravel/framework/src/Illuminate/Database/Connection.php:825)
[stacktrace]
#0 C:/xampp/htdocs/commite/vendor/laravel/framework/src/Illuminate/Database/Connection.php(779): Illuminate/Database/Connection->runQueryCallback()
#1 C:/xampp/htdocs/commite/vendor/laravel/framework/src/Illuminate/Database/Connection.php(398): Illuminate/Database/Connection->run()
#2 C:/xampp/htdocs/commite/vendor/laravel/framework/src/Illuminate/Database/Query/Builder.php(3106): Illuminate/Database/Connection->select()
#3 C:/xampp/htdocs/commite/vendor/laravel/framework/src/Illuminate/Database/Query/Builder.php(3091): Illuminate/Database/Query/Builder->runSelect()
#4 C:/xampp/htdocs/commite/vendor/laravel/framework/src/Illuminate/Database/Query/Builder.php(3676): Illuminate/Database/Query/Builder->{closure:Illuminate/Database/Query/Builder::get():3090}()
#5 C:/xampp/htdocs/commite/vendor/laravel/framework/src/Illuminate/Database/Query/Builder.php(3090): Illuminate/Database/Query/Builder->onceWithColumns()
#6 C:/xampp/htdocs/commite/vendor/laravel/framework/src/Illuminate/Database/Concerns/BuildsQueries.php(343): Illuminate/Database/Query/Builder->get()
#7 C:/xampp/htdocs/commite/vendor/laravel/framework/src/Illuminate/Queue/DatabaseQueue.php(249): Illuminate/Database/Query/Builder->first()
#8 C:/xampp/htdocs/commite/vendor/laravel/framework/src/Illuminate/Queue/DatabaseQueue.php(227): Illuminate/Queue/DatabaseQueue->getNextAvailableJob()
#9 C:/xampp/htdocs/commite/vendor/laravel/framework/src/Illuminate/Database/Concerns/ManagesTransactions.php(32): Illuminate/Queue/DatabaseQueue->{closure:Illuminate/Queue/DatabaseQueue::pop():226}()
#10 C:/xampp/htdocs/commite/vendor/laravel/framework/src/Illuminate/Queue/DatabaseQueue.php(226): Illuminate/Database/Connection->transaction()
#11 C:/xampp/htdocs/commite/vendor/laravel/framework/src/Illuminate/Queue/Worker.php(370): Illuminate/Queue/DatabaseQueue->pop()
#12 C:/xampp/htdocs/commite/vendor/laravel/framework/src/Illuminate/Queue/Worker.php(385): Illuminate/Queue/Worker->{closure:Illuminate/Queue/Worker::getNextJob():369}()
#13 C:/xampp/htdocs/commite/vendor/laravel/framework/src/Illuminate/Queue/Worker.php(175): Illuminate/Queue/Worker->getNextJob()
#14 C:/xampp/htdocs/commite/vendor/laravel/framework/src/Illuminate/Queue/Console/WorkCommand.php(150): Illuminate/Queue/Worker->daemon()
#15 C:/xampp/htdocs/commite/vendor/laravel/framework/src/Illuminate/Queue/Console/WorkCommand.php(133): Illuminate/Queue/Console/WorkCommand->runWorker()
#16 C:/xampp/htdocs/commite/vendor/laravel/framework/src/Illuminate/Container/BoundMethod.php(36): Illuminate/Queue/Console/WorkCommand->handle()
#17 C:/xampp/htdocs/commite/vendor/laravel/framework/src/Illuminate/Container/Util.php(43): Illuminate/Container/BoundMethod::{closure:Illuminate/Container/BoundMethod::call():35}()
#18 C:/xampp/htdocs/commite/vendor/laravel/framework/src/Illuminate/Container/BoundMethod.php(95): Illuminate/Container/Util::unwrapIfClosure()
#19 C:/xampp/htdocs/commite/vendor/laravel/framework/src/Illuminate/Container/BoundMethod.php(35): Illuminate/Container/BoundMethod::callBoundMethod()
#20 C:/xampp/htdocs/commite/vendor/laravel/framework/src/Illuminate/Container/Container.php(696): Illuminate/Container/BoundMethod::call()
#21 C:/xampp/htdocs/commite/vendor/laravel/framework/src/Illuminate/Console/Command.php(213): Illuminate/Container/Container->call()
#22 C:/xampp/htdocs/commite/vendor/symfony/console/Command/Command.php(341): Illuminate/Console/Command->execute()
#23 C:/xampp/htdocs/commite/vendor/laravel/framework/src/Illuminate/Console/Command.php(182): Symfony/Component/Console/Command/Command->run()
#24 C:/xampp/htdocs/commite/vendor/symfony/console/Application.php(1117): Illuminate/Console/Command->run()
#25 C:/xampp/htdocs/commite/vendor/symfony/console/Application.php(356): Symfony/Component/Console/Application->doRunCommand()
#26 C:/xampp/htdocs/commite/vendor/symfony/console/Application.php(195): Symfony/Component/Console/Application->doRun()
#27 C:/xampp/htdocs/commite/vendor/laravel/framework/src/Illuminate/Foundation/Console/Kernel.php(198): Symfony/Component/Console/Application->run()
#28 C:/xampp/htdocs/commite/artisan(12): Illuminate/Foundation/Console/Kernel->handle()
#29 {main}

[previous exception] [object] (PDOException(code: HY000): SQLSTATE[HY000]: General error: 1 no such table: jobs at C:/xampp/htdocs/commite/vendor/laravel/framework/src/Illuminate/Database/Connection.php:407)
[stacktrace]
#0 C:/xampp/htdocs/commite/vendor/laravel/framework/src/Illuminate/Database/Connection.php(407): PDO->prepare()
#1 C:/xampp/htdocs/commite/vendor/laravel/framework/src/Illuminate/Database/Connection.php(812): Illuminate/Database/Connection->{closure:Illuminate/Database/Connection::select():398}()
#2 C:/xampp/htdocs/commite/vendor/laravel/framework/src/Illuminate/Database/Connection.php(779): Illuminate/Database/Connection->runQueryCallback()
#3 C:/xampp/htdocs/commite/vendor/laravel/framework/src/Illuminate/Database/Connection.php(398): Illuminate/Database/Connection->run()
#4 C:/xampp/htdocs/commite/vendor/laravel/framework/src/Illuminate/Database/Query/Builder.php(3106): Illuminate/Database/Connection->select()
#5 C:/xampp/htdocs/commite/vendor/laravel/framework/src/Illuminate/Database/Query/Builder.php(3091): Illuminate/Database/Query/Builder->runSelect()
#6 C:/xampp/htdocs/commite/vendor/laravel/framework/src/Illuminate/Database/Query/Builder.php(3676): Illuminate/Database/Query/Builder->{closure:Illuminate/Database/Query/Builder::get():3090}()
#7 C:/xampp/htdocs/commite/vendor/laravel/framework/src/Illuminate/Database/Query/Builder.php(3090): Illuminate/Database/Query/Builder->onceWithColumns()
#8 C:/xampp/htdocs/commite/vendor/laravel/framework/src/Illuminate/Database/Concerns/BuildsQueries.php(343): Illuminate/Database/Query/Builder->get()
#9 C:/xampp/htdocs/commite/vendor/laravel/framework/src/Illuminate/Queue/DatabaseQueue.php(249): Illuminate/Database/Query/Builder->first()
#10 C:/xampp/htdocs/commite/vendor/laravel/framework/src/Illuminate/Queue/DatabaseQueue.php(227): Illuminate/Queue/DatabaseQueue->getNextAvailableJob()
#11 C:/xampp/htdocs/commite/vendor/laravel/framework/src/Illuminate/Database/Concerns/ManagesTransactions.php(32): Illuminate/Queue/DatabaseQueue->{closure:Illuminate/Queue/DatabaseQueue::pop():226}()
#12 C:/xampp/htdocs/commite/vendor/laravel/framework/src/Illuminate/Queue/DatabaseQueue.php(226): Illuminate/Database/Connection->transaction()
#13 C:/xampp/htdocs/commite/vendor/laravel/framework/src/Illuminate/Queue/Worker.php(370): Illuminate/Queue/DatabaseQueue->pop()
#14 C:/xampp/htdocs/commite/vendor/laravel/framework/src/Illuminate/Queue/Worker.php(385): Illuminate/Queue/Worker->{closure:Illuminate/Queue/Worker::getNextJob():369}()
#15 C:/xampp/htdocs/commite/vendor/laravel/framework/src/Illuminate/Queue/Worker.php(175): Illuminate/Queue/Worker->getNextJob()
#16 C:/xampp/htdocs/commite/vendor/laravel/framework/src/Illuminate/Queue/Console/WorkCommand.php(150): Illuminate/Queue/Worker->daemon()
#17 C:/xampp/htdocs/commite/vendor/laravel/framework/src/Illuminate/Queue/Console/WorkCommand.php(133): Illuminate/Queue/Console/WorkCommand->runWorker()
#18 C:/xampp/htdocs/commite/vendor/laravel/framework/src/Illuminate/Container/BoundMethod.php(36): Illuminate/Queue/Console/WorkCommand->handle()
#19 C:/xampp/htdocs/commite/vendor/laravel/framework/src/Illuminate/Container/Util.php(43): Illuminate/Container/BoundMethod::{closure:Illuminate/Container/BoundMethod::call():35}()
#20 C:/xampp/htdocs/commite/vendor/laravel/framework/src/Illuminate/Container/BoundMethod.php(95): Illuminate/Container/Util::unwrapIfClosure()
#21 C:/xampp/htdocs/commite/vendor/laravel/framework/src/Illuminate/Container/BoundMethod.php(35): Illuminate/Container/BoundMethod::callBoundMethod()
#22 C:/xampp/htdocs/commite/vendor/laravel/framework/src/Illuminate/Container/Container.php(696): Illuminate/Container/BoundMethod::call()
#23 C:/xampp/htdocs/commite/vendor/laravel/framework/src/Illuminate/Console/Command.php(213): Illuminate/Container/Container->call()
#24 C:/xampp/htdocs/commite/vendor/symfony/console/Command/Command.php(341): Illuminate/Console/Command->execute()
#25 C:/xampp/htdocs/commite/vendor/laravel/framework/src/Illuminate/Console/Command.php(182): Symfony/Component/Console/Command/Command->run()
#26 C:/xampp/htdocs/commite/vendor/symfony/console/Application.php(1117): Illuminate/Console/Command->run()
#27 C:/xampp/htdocs/commite/vendor/symfony/console/Application.php(356): Symfony/Component/Console/Application->doRunCommand()
#28 C:/xampp/htdocs/commite/vendor/symfony/console/Application.php(195): Symfony/Component/Console/Application->doRun()
#29 C:/xampp/htdocs/commite/vendor/laravel/framework/src/Illuminate/Foundation/Console/Kernel.php(198): Symfony/Component/Console/Application->run()
#30 C:/xampp/htdocs/commite/artisan(12): Illuminate/Foundation/Console/Kernel->handle()
#31 {main}
"} 
[2026-08-26 04:54:13] local.ERROR: SQLSTATE[HY000]: General error: 1 no such table: jobs (Connection: central, SQL: select * from "jobs" where "queue" = default and (("reserved_at" is null and "available_at" <= 1787720053) or ("reserved_at" <= 1787719963)) order by "id" asc limit 1) {"exception":"[object] (Illuminate\\Database\\QueryException(code: HY000): SQLSTATE[HY000]: General error: 1 no such table: jobs (Connection: central, SQL: select * from \"jobs\" where \"queue\" = default and ((\"reserved_at\" is null and \"available_at\" <= 1787720053) or (\"reserved_at\" <= 1787719963)) order by \"id\" asc limit 1) at C:/xampp/htdocs/commite/vendor/laravel/framework/src/Illuminate/Database/Connection.php:825)
[stacktrace]
#0 C:/xampp/htdocs/commite/vendor/laravel/framework/src/Illuminate/Database/Connection.php(779): Illuminate/Database/Connection->runQueryCallback()
#1 C:/xampp/htdocs/commite/vendor/laravel/framework/src/Illuminate/Database/Connection.php(398): Illuminate/Database/Connection->run()
#2 C:/xampp/htdocs/commite/vendor/laravel/framework/src/Illuminate/Database/Query/Builder.php(3106): Illuminate/Database/Connection->select()
#3 C:/xampp/htdocs/commite/vendor/laravel/framework/src/Illuminate/Database/Query/Builder.php(3091): Illuminate/Database/Query/Builder->runSelect()
#4 C:/xampp/htdocs/commite/vendor/laravel/framework/src/Illuminate/Database/Query/Builder.php(3676): Illuminate/Database/Query/Builder->{closure:Illuminate/Database/Query/Builder::get():3090}()
#5 C:/xampp/htdocs/commite/vendor/laravel/framework/src/Illuminate/Database/Query/Builder.php(3090): Illuminate/Database/Query/Builder->onceWithColumns()
#6 C:/xampp/htdocs/commite/vendor/laravel/framework/src/Illuminate/Database/Concerns/BuildsQueries.php(343): Illuminate/Database/Query/Builder->get()
#7 C:/xampp/htdocs/commite/vendor/laravel/framework/src/Illuminate/Queue/DatabaseQueue.php(249): Illuminate/Database/Query/Builder->first()
#8 C:/xampp/htdocs/commite/vendor/laravel/framework/src/Illuminate/Queue/DatabaseQueue.php(227): Illuminate/Queue/DatabaseQueue->getNextAvailableJob()
#9 C:/xampp/htdocs/commite/vendor/laravel/framework/src/Illuminate/Database/Concerns/ManagesTransactions.php(32): Illuminate/Queue/DatabaseQueue->{closure:Illuminate/Queue/DatabaseQueue::pop():226}()
#10 C:/xampp/htdocs/commite/vendor/laravel/framework/src/Illuminate/Queue/DatabaseQueue.php(226): Illuminate/Database/Connection->transaction()
#11 C:/xampp/htdocs/commite/vendor/laravel/framework/src/Illuminate/Queue/Worker.php(370): Illuminate/Queue/DatabaseQueue->pop()
#12 C:/xampp/htdocs/commite/vendor/laravel/framework/src/Illuminate/Queue/Worker.php(385): Illuminate/Queue/Worker->{closure:Illuminate/Queue/Worker::getNextJob():369}()
#13 C:/xampp/htdocs/commite/vendor/laravel/framework/src/Illuminate/Queue/Worker.php(175): Illuminate/Queue/Worker->getNextJob()
#14 C:/xampp/htdocs/commite/vendor/laravel/framework/src/Illuminate/Queue/Console/WorkCommand.php(150): Illuminate/Queue/Worker->daemon()
#15 C:/xampp/htdocs/commite/vendor/laravel/framework/src/Illuminate/Queue/Console/WorkCommand.php(133): Illuminate/Queue/Console/WorkCommand->runWorker()
#16 C:/xampp/htdocs/commite/vendor/laravel/framework/src/Illuminate/Container/BoundMethod.php(36): Illuminate/Queue/Console/WorkCommand->handle()
#17 C:/xampp/htdocs/commite/vendor/laravel/framework/src/Illuminate/Container/Util.php(43): Illuminate/Container/BoundMethod::{closure:Illuminate/Container/BoundMethod::call():35}()
#18 C:/xampp/htdocs/commite/vendor/laravel/framework/src/Illuminate/Container/BoundMethod.php(95): Illuminate/Container/Util::unwrapIfClosure()
#19 C:/xampp/htdocs/commite/vendor/laravel/framework/src/Illuminate/Container/BoundMethod.php(35): Illuminate/Container/BoundMethod::callBoundMethod()
#20 C:/xampp/htdocs/commite/vendor/laravel/framework/src/Illuminate/Container/Container.php(696): Illuminate/Container/BoundMethod::call()
#21 C:/xampp/htdocs/commite/vendor/laravel/framework/src/Illuminate/Console/Command.php(213): Illuminate/Container/Container->call()
#22 C:/xampp/htdocs/commite/vendor/symfony/console/Command/Command.php(341): Illuminate/Console/Command->execute()
#23 C:/xampp/htdocs/commite/vendor/laravel/framework/src/Illuminate/Console/Command.php(182): Symfony/Component/Console/Command/Command->run()
#24 C:/xampp/htdocs/commite/vendor/symfony/console/Application.php(1117): Illuminate/Console/Command->run()
#25 C:/xampp/htdocs/commite/vendor/symfony/console/Application.php(356): Symfony/Component/Console/Application->doRunCommand()
#26 C:/xampp/htdocs/commite/vendor/symfony/console/Application.php(195): Symfony/Component/Console/Application->doRun()
#27 C:/xampp/htdocs/commite/vendor/laravel/framework/src/Illuminate/Foundation/Console/Kernel.php(198): Symfony/Component/Console/Application->run()
#28 C:/xampp/htdocs/commite/artisan(12): Illuminate/Foundation/Console/Kernel->handle()
#29 {main}

[previous exception] [object] (PDOException(code: HY000): SQLSTATE[HY000]: General error: 1 no such table: jobs at C:/xampp/htdocs/commite/vendor/laravel/framework/src/Illuminate/Database/Connection.php:407)
[stacktrace]
#0 C:/xampp/htdocs/commite/vendor/laravel/framework/src/Illuminate/Database/Connection.php(407): PDO->prepare()
#1 C:/xampp/htdocs/commite/vendor/laravel/framework/src/Illuminate/Database/Connection.php(812): Illuminate/Database/Connection->{closure:Illuminate/Database/Connection::select():398}()
#2 C:/xampp/htdocs/commite/vendor/laravel/framework/src/Illuminate/Database/Connection.php(779): Illuminate/Database/Connection->runQueryCallback()
#3 C:/xampp/htdocs/commite/vendor/laravel/framework/src/Illuminate/Database/Connection.php(398): Illuminate/Database/Connection->run()
#4 C:/xampp/htdocs/commite/vendor/laravel/framework/src/Illuminate/Database/Query/Builder.php(3106): Illuminate/Database/Connection->select()
#5 C:/xampp/htdocs/commite/vendor/laravel/framework/src/Illuminate/Database/Query/Builder.php(3091): Illuminate/Database/Query/Builder->runSelect()
#6 C:/xampp/htdocs/commite/vendor/laravel/framework/src/Illuminate/Database/Query/Builder.php(3676): Illuminate/Database/Query/Builder->{closure:Illuminate/Database/Query/Builder::get():3090}()
#7 C:/xampp/htdocs/commite/vendor/laravel/framework/src/Illuminate/Database/Query/Builder.php(3090): Illuminate/Database/Query/Builder->onceWithColumns()
#8 C:/xampp/htdocs/commite/vendor/laravel/framework/src/Illuminate/Database/Concerns/BuildsQueries.php(343): Illuminate/Database/Query/Builder->get()
#9 C:/xampp/htdocs/commite/vendor/laravel/framework/src/Illuminate/Queue/DatabaseQueue.php(249): Illuminate/Database/Query/Builder->first()
#10 C:/xampp/htdocs/commite/vendor/laravel/framework/src/Illuminate/Queue/DatabaseQueue.php(227): Illuminate/Queue/DatabaseQueue->getNextAvailableJob()
#11 C:/xampp/htdocs/commite/vendor/laravel/framework/src/Illuminate/Database/Concerns/ManagesTransactions.php(32): Illuminate/Queue/DatabaseQueue->{closure:Illuminate/Queue/DatabaseQueue::pop():226}()
#12 C:/xampp/htdocs/commite/vendor/laravel/framework/src/Illuminate/Queue/DatabaseQueue.php(226): Illuminate/Database/Connection->transaction()
#13 C:/xampp/htdocs/commite/vendor/laravel/framework/src/Illuminate/Queue/Worker.php(370): Illuminate/Queue/DatabaseQueue->pop()
#14 C:/xampp/htdocs/commite/vendor/laravel/framework/src/Illuminate/Queue/Worker.php(385): Illuminate/Queue/Worker->{closure:Illuminate/Queue/Worker::getNextJob():369}()
#15 C:/xampp/htdocs/commite/vendor/laravel/framework/src/Illuminate/Queue/Worker.php(175): Illuminate/Queue/Worker->getNextJob()
#16 C:/xampp/htdocs/commite/vendor/laravel/framework/src/Illuminate/Queue/Console/WorkCommand.php(150): Illuminate/Queue/Worker->daemon()
#17 C:/xampp/htdocs/commite/vendor/laravel/framework/src/Illuminate/Queue/Console/WorkCommand.php(133): Illuminate/Queue/Console/WorkCommand->runWorker()
#18 C:/xampp/htdocs/commite/vendor/laravel/framework/src/Illuminate/Container/BoundMethod.php(36): Illuminate/Queue/Console/WorkCommand->handle()
#19 C:/xampp/htdocs/commite/vendor/laravel/framework/src/Illuminate/Container/Util.php(43): Illuminate/Container/BoundMethod::{closure:Illuminate/Container/BoundMethod::call():35}()
#20 C:/xampp/htdocs/commite/vendor/laravel/framework/src/Illuminate/Container/BoundMethod.php(95): Illuminate/Container/Util::unwrapIfClosure()
#21 C:/xampp/htdocs/commite/vendor/laravel/framework/src/Illuminate/Container/BoundMethod.php(35): Illuminate/Container/BoundMethod::callBoundMethod()
#22 C:/xampp/htdocs/commite/vendor/laravel/framework/src/Illuminate/Container/Container.php(696): Illuminate/Container/BoundMethod::call()
#23 C:/xampp/htdocs/commite/vendor/laravel/framework/src/Illuminate/Console/Command.php(213): Illuminate/Container/Container->call()
#24 C:/xampp/htdocs/commite/vendor/symfony/console/Command/Command.php(341): Illuminate/Console/Command->execute()
#25 C:/xampp/htdocs/commite/vendor/laravel/framework/src/Illuminate/Console/Command.php(182): Symfony/Component/Console/Command/Command->run()
#26 C:/xampp/htdocs/commite/vendor/symfony/console/Application.php(1117): Illuminate/Console/Command->run()
#27 C:/xampp/htdocs/commite/vendor/symfony/console/Application.php(356): Symfony/Component/Console/Application->doRunCommand()
#28 C:/xampp/htdocs/commite/vendor/symfony/console/Application.php(195): Symfony/Component/Console/Application->doRun()
#29 C:/xampp/htdocs/commite/vendor/laravel/framework/src/Illuminate/Foundation/Console/Kernel.php(198): Symfony/Component/Console/Application->run()
#30 C:/xampp/htdocs/commite/artisan(12): Illuminate/Foundation/Console/Kernel->handle()
#31 {main}
"} 
[2026-08-26 04:54:17] local.ERROR: SQLSTATE[HY000]: General error: 1 no such table: jobs (Connection: central, SQL: select * from "jobs" where "queue" = default and (("reserved_at" is null and "available_at" <= 1787720057) or ("reserved_at" <= 1787719967)) order by "id" asc limit 1) {"exception":"[object] (Illuminate\\Database\\QueryException(code: HY000): SQLSTATE[HY000]: General error: 1 no such table: jobs (Connection: central, SQL: select * from \"jobs\" where \"queue\" = default and ((\"reserved_at\" is null and \"available_at\" <= 1787720057) or (\"reserved_at\" <= 1787719967)) order by \"id\" asc limit 1) at C:/xampp/htdocs/commite/vendor/laravel/framework/src/Illuminate/Database/Connection.php:825)
[stacktrace]
#0 C:/xampp/htdocs/commite/vendor/laravel/framework/src/Illuminate/Database/Connection.php(779): Illuminate/Database/Connection->runQueryCallback()
#1 C:/xampp/htdocs/commite/vendor/laravel/framework/src/Illuminate/Database/Connection.php(398): Illuminate/Database/Connection->run()
#2 C:/xampp/htdocs/commite/vendor/laravel/framework/src/Illuminate/Database/Query/Builder.php(3106): Illuminate/Database/Connection->select()
#3 C:/xampp/htdocs/commite/vendor/laravel/framework/src/Illuminate/Database/Query/Builder.php(3091): Illuminate/Database/Query/Builder->runSelect()
#4 C:/xampp/htdocs/commite/vendor/laravel/framework/src/Illuminate/Database/Query/Builder.php(3676): Illuminate/Database/Query/Builder->{closure:Illuminate/Database/Query/Builder::get():3090}()
#5 C:/xampp/htdocs/commite/vendor/laravel/framework/src/Illuminate/Database/Query/Builder.php(3090): Illuminate/Database/Query/Builder->onceWithColumns()
#6 C:/xampp/htdocs/commite/vendor/laravel/framework/src/Illuminate/Database/Concerns/BuildsQueries.php(343): Illuminate/Database/Query/Builder->get()
#7 C:/xampp/htdocs/commite/vendor/laravel/framework/src/Illuminate/Queue/DatabaseQueue.php(249): Illuminate/Database/Query/Builder->first()
#8 C:/xampp/htdocs/commite/vendor/laravel/framework/src/Illuminate/Queue/DatabaseQueue.php(227): Illuminate/Queue/DatabaseQueue->getNextAvailableJob()
#9 C:/xampp/htdocs/commite/vendor/laravel/framework/src/Illuminate/Database/Concerns/ManagesTransactions.php(32): Illuminate/Queue/DatabaseQueue->{closure:Illuminate/Queue/DatabaseQueue::pop():226}()
#10 C:/xampp/htdocs/commite/vendor/laravel/framework/src/Illuminate/Queue/DatabaseQueue.php(226): Illuminate/Database/Connection->transaction()
#11 C:/xampp/htdocs/commite/vendor/laravel/framework/src/Illuminate/Queue/Worker.php(370): Illuminate/Queue/DatabaseQueue->pop()
#12 C:/xampp/htdocs/commite/vendor/laravel/framework/src/Illuminate/Queue/Worker.php(385): Illuminate/Queue/Worker->{closure:Illuminate/Queue/Worker::getNextJob():369}()
#13 C:/xampp/htdocs/commite/vendor/laravel/framework/src/Illuminate/Queue/Worker.php(175): Illuminate/Queue/Worker->getNextJob()
#14 C:/xampp/htdocs/commite/vendor/laravel/framework/src/Illuminate/Queue/Console/WorkCommand.php(150): Illuminate/Queue/Worker->daemon()
#15 C:/xampp/htdocs/commite/vendor/laravel/framework/src/Illuminate/Queue/Console/WorkCommand.php(133): Illuminate/Queue/Console/WorkCommand->runWorker()
#16 C:/xampp/htdocs/commite/vendor/laravel/framework/src/Illuminate/Container/BoundMethod.php(36): Illuminate/Queue/Console/WorkCommand->handle()
#17 C:/xampp/htdocs/commite/vendor/laravel/framework/src/Illuminate/Container/Util.php(43): Illuminate/Container/BoundMethod::{closure:Illuminate/Container/BoundMethod::call():35}()
#18 C:/xampp/htdocs/commite/vendor/laravel/framework/src/Illuminate/Container/BoundMethod.php(95): Illuminate/Container/Util::unwrapIfClosure()
#19 C:/xampp/htdocs/commite/vendor/laravel/framework/src/Illuminate/Container/BoundMethod.php(35): Illuminate/Container/BoundMethod::callBoundMethod()
#20 C:/xampp/htdocs/commite/vendor/laravel/framework/src/Illuminate/Container/Container.php(696): Illuminate/Container/BoundMethod::call()
#21 C:/xampp/htdocs/commite/vendor/laravel/framework/src/Illuminate/Console/Command.php(213): Illuminate/Container/Container->call()
#22 C:/xampp/htdocs/commite/vendor/symfony/console/Command/Command.php(341): Illuminate/Console/Command->execute()
#23 C:/xampp/htdocs/commite/vendor/laravel/framework/src/Illuminate/Console/Command.php(182): Symfony/Component/Console/Command/Command->run()
#24 C:/xampp/htdocs/commite/vendor/symfony/console/Application.php(1117): Illuminate/Console/Command->run()
#25 C:/xampp/htdocs/commite/vendor/symfony/console/Application.php(356): Symfony/Component/Console/Application->doRunCommand()
#26 C:/xampp/htdocs/commite/vendor/symfony/console/Application.php(195): Symfony/Component/Console/Application->doRun()
#27 C:/xampp/htdocs/commite/vendor/laravel/framework/src/Illuminate/Foundation/Console/Kernel.php(198): Symfony/Component/Console/Application->run()
#28 C:/xampp/htdocs/commite/artisan(12): Illuminate/Foundation/Console/Kernel->handle()
#29 {main}

[previous exception] [object] (PDOException(code: HY000): SQLSTATE[HY000]: General error: 1 no such table: jobs at C:/xampp/htdocs/commite/vendor/laravel/framework/src/Illuminate/Database/Connection.php:407)
[stacktrace]
#0 C:/xampp/htdocs/commite/vendor/laravel/framework/src/Illuminate/Database/Connection.php(407): PDO->prepare()
#1 C:/xampp/htdocs/commite/vendor/laravel/framework/src/Illuminate/Database/Connection.php(812): Illuminate/Database/Connection->{closure:Illuminate/Database/Connection::select():398}()
#2 C:/xampp/htdocs/commite/vendor/laravel/framework/src/Illuminate/Database/Connection.php(779): Illuminate/Database/Connection->runQueryCallback()
#3 C:/xampp/htdocs/commite/vendor/laravel/framework/src/Illuminate/Database/Connection.php(398): Illuminate/Database/Connection->run()
#4 C:/xampp/htdocs/commite/vendor/laravel/framework/src/Illuminate/Database/Query/Builder.php(3106): Illuminate/Database/Connection->select()
#5 C:/xampp/htdocs/commite/vendor/laravel/framework/src/Illuminate/Database/Query/Builder.php(3091): Illuminate/Database/Query/Builder->runSelect()
#6 C:/xampp/htdocs/commite/vendor/laravel/framework/src/Illuminate/Database/Query/Builder.php(3676): Illuminate/Database/Query/Builder->{closure:Illuminate/Database/Query/Builder::get():3090}()
#7 C:/xampp/htdocs/commite/vendor/laravel/framework/src/Illuminate/Database/Query/Builder.php(3090): Illuminate/Database/Query/Builder->onceWithColumns()
#8 C:/xampp/htdocs/commite/vendor/laravel/framework/src/Illuminate/Database/Concerns/BuildsQueries.php(343): Illuminate/Database/Query/Builder->get()
#9 C:/xampp/htdocs/commite/vendor/laravel/framework/src/Illuminate/Queue/DatabaseQueue.php(249): Illuminate/Database/Query/Builder->first()
#10 C:/xampp/htdocs/commite/vendor/laravel/framework/src/Illuminate/Queue/DatabaseQueue.php(227): Illuminate/Queue/DatabaseQueue->getNextAvailableJob()
#11 C:/xampp/htdocs/commite/vendor/laravel/framework/src/Illuminate/Database/Concerns/ManagesTransactions.php(32): Illuminate/Queue/DatabaseQueue->{closure:Illuminate/Queue/DatabaseQueue::pop():226}()
#12 C:/xampp/htdocs/commite/vendor/laravel/framework/src/Illuminate/Queue/DatabaseQueue.php(226): Illuminate/Database/Connection->transaction()
#13 C:/xampp/htdocs/commite/vendor/laravel/framework/src/Illuminate/Queue/Worker.php(370): Illuminate/Queue/DatabaseQueue->pop()
#14 C:/xampp/htdocs/commite/vendor/laravel/framework/src/Illuminate/Queue/Worker.php(385): Illuminate/Queue/Worker->{closure:Illuminate/Queue/Worker::getNextJob():369}()
#15 C:/xampp/htdocs/commite/vendor/laravel/framework/src/Illuminate/Queue/Worker.php(175): Illuminate/Queue/Worker->getNextJob()
#16 C:/xampp/htdocs/commite/vendor/laravel/framework/src/Illuminate/Queue/Console/WorkCommand.php(150): Illuminate/Queue/Worker->daemon()
#17 C:/xampp/htdocs/commite/vendor/laravel/framework/src/Illuminate/Queue/Console/WorkCommand.php(133): Illuminate/Queue/Console/WorkCommand->runWorker()
#18 C:/xampp/htdocs/commite/vendor/laravel/framework/src/Illuminate/Container/BoundMethod.php(36): Illuminate/Queue/Console/WorkCommand->handle()
#19 C:/xampp/htdocs/commite/vendor/laravel/framework/src/Illuminate/Container/Util.php(43): Illuminate/Container/BoundMethod::{closure:Illuminate/Container/BoundMethod::call():35}()
#20 C:/xampp/htdocs/commite/vendor/laravel/framework/src/Illuminate/Container/BoundMethod.php(95): Illuminate/Container/Util::unwrapIfClosure()
#21 C:/xampp/htdocs/commite/vendor/laravel/framework/src/Illuminate/Container/BoundMethod.php(35): Illuminate/Container/BoundMethod::callBoundMethod()
#22 C:/xampp/htdocs/commite/vendor/laravel/framework/src/Illuminate/Container/Container.php(696): Illuminate/Container/BoundMethod::call()
#23 C:/xampp/htdocs/commite/vendor/laravel/framework/src/Illuminate/Console/Command.php(213): Illuminate/Container/Container->call()
#24 C:/xampp/htdocs/commite/vendor/symfony/console/Command/Command.php(341): Illuminate/Console/Command->execute()
#25 C:/xampp/htdocs/commite/vendor/laravel/framework/src/Illuminate/Console/Command.php(182): Symfony/Component/Console/Command/Command->run()
#26 C:/xampp/htdocs/commite/vendor/symfony/console/Application.php(1117): Illuminate/Console/Command->run()
#27 C:/xampp/htdocs/commite/vendor/symfony/console/Application.php(356): Symfony/Component/Console/Application->doRunCommand()
#28 C:/xampp/htdocs/commite/vendor/symfony/console/Application.php(195): Symfony/Component/Console/Application->doRun()
#29 C:/xampp/htdocs/commite/vendor/laravel/framework/src/Illuminate/Foundation/Console/Kernel.php(198): Symfony/Component/Console/Application->run()
#30 C:/xampp/htdocs/commite/artisan(12): Illuminate/Foundation/Console/Kernel->handle()
#31 {main}
"} 
[2026-08-26 04:54:21] local.ERROR: SQLSTATE[HY000]: General error: 1 no such table: jobs (Connection: central, SQL: select * from "jobs" where "queue" = default and (("reserved_at" is null and "available_at" <= 1787720061) or ("reserved_at" <= 1787719971)) order by "id" asc limit 1) {"exception":"[object] (Illuminate\\Database\\QueryException(code: HY000): SQLSTATE[HY000]: General error: 1 no such table: jobs (Connection: central, SQL: select * from \"jobs\" where \"queue\" = default and ((\"reserved_at\" is null and \"available_at\" <= 1787720061) or (\"reserved_at\" <= 1787719971)) order by \"id\" asc limit 1) at C:/xampp/htdocs/commite/vendor/laravel/framework/src/Illuminate/Database/Connection.php:825)
[stacktrace]
#0 C:/xampp/htdocs/commite/vendor/laravel/framework/src/Illuminate/Database/Connection.php(779): Illuminate/Database/Connection->runQueryCallback()
#1 C:/xampp/htdocs/commite/vendor/laravel/framework/src/Illuminate/Database/Connection.php(398): Illuminate/Database/Connection->run()
#2 C:/xampp/htdocs/commite/vendor/laravel/framework/src/Illuminate/Database/Query/Builder.php(3106): Illuminate/Database/Connection->select()
#3 C:/xampp/htdocs/commite/vendor/laravel/framework/src/Illuminate/Database/Query/Builder.php(3091): Illuminate/Database/Query/Builder->runSelect()
#4 C:/xampp/htdocs/commite/vendor/laravel/framework/src/Illuminate/Database/Query/Builder.php(3676): Illuminate/Database/Query/Builder->{closure:Illuminate/Database/Query/Builder::get():3090}()
#5 C:/xampp/htdocs/commite/vendor/laravel/framework/src/Illuminate/Database/Query/Builder.php(3090): Illuminate/Database/Query/Builder->onceWithColumns()
#6 C:/xampp/htdocs/commite/vendor/laravel/framework/src/Illuminate/Database/Concerns/BuildsQueries.php(343): Illuminate/Database/Query/Builder->get()
#7 C:/xampp/htdocs/commite/vendor/laravel/framework/src/Illuminate/Queue/DatabaseQueue.php(249): Illuminate/Database/Query/Builder->first()
#8 C:/xampp/htdocs/commite/vendor/laravel/framework/src/Illuminate/Queue/DatabaseQueue.php(227): Illuminate/Queue/DatabaseQueue->getNextAvailableJob()
#9 C:/xampp/htdocs/commite/vendor/laravel/framework/src/Illuminate/Database/Concerns/ManagesTransactions.php(32): Illuminate/Queue/DatabaseQueue->{closure:Illuminate/Queue/DatabaseQueue::pop():226}()
#10 C:/xampp/htdocs/commite/vendor/laravel/framework/src/Illuminate/Queue/DatabaseQueue.php(226): Illuminate/Database/Connection->transaction()
#11 C:/xampp/htdocs/commite/vendor/laravel/framework/src/Illuminate/Queue/Worker.php(370): Illuminate/Queue/DatabaseQueue->pop()
#12 C:/xampp/htdocs/commite/vendor/laravel/framework/src/Illuminate/Queue/Worker.php(385): Illuminate/Queue/Worker->{closure:Illuminate/Queue/Worker::getNextJob():369}()
#13 C:/xampp/htdocs/commite/vendor/laravel/framework/src/Illuminate/Queue/Worker.php(175): Illuminate/Queue/Worker->getNextJob()
#14 C:/xampp/htdocs/commite/vendor/laravel/framework/src/Illuminate/Queue/Console/WorkCommand.php(150): Illuminate/Queue/Worker->daemon()
#15 C:/xampp/htdocs/commite/vendor/laravel/framework/src/Illuminate/Queue/Console/WorkCommand.php(133): Illuminate/Queue/Console/WorkCommand->runWorker()
#16 C:/xampp/htdocs/commite/vendor/laravel/framework/src/Illuminate/Container/BoundMethod.php(36): Illuminate/Queue/Console/WorkCommand->handle()
#17 C:/xampp/htdocs/commite/vendor/laravel/framework/src/Illuminate/Container/Util.php(43): Illuminate/Container/BoundMethod::{closure:Illuminate/Container/BoundMethod::call():35}()
#18 C:/xampp/htdocs/commite/vendor/laravel/framework/src/Illuminate/Container/BoundMethod.php(95): Illuminate/Container/Util::unwrapIfClosure()
#19 C:/xampp/htdocs/commite/vendor/laravel/framework/src/Illuminate/Container/BoundMethod.php(35): Illuminate/Container/BoundMethod::callBoundMethod()
#20 C:/xampp/htdocs/commite/vendor/laravel/framework/src/Illuminate/Container/Container.php(696): Illuminate/Container/BoundMethod::call()
#21 C:/xampp/htdocs/commite/vendor/laravel/framework/src/Illuminate/Console/Command.php(213): Illuminate/Container/Container->call()
#22 C:/xampp/htdocs/commite/vendor/symfony/console/Command/Command.php(341): Illuminate/Console/Command->execute()
#23 C:/xampp/htdocs/commite/vendor/laravel/framework/src/Illuminate/Console/Command.php(182): Symfony/Component/Console/Command/Command->run()
#24 C:/xampp/htdocs/commite/vendor/symfony/console/Application.php(1117): Illuminate/Console/Command->run()
#25 C:/xampp/htdocs/commite/vendor/symfony/console/Application.php(356): Symfony/Component/Console/Application->doRunCommand()
#26 C:/xampp/htdocs/commite/vendor/symfony/console/Application.php(195): Symfony/Component/Console/Application->doRun()
#27 C:/xampp/htdocs/commite/vendor/laravel/framework/src/Illuminate/Foundation/Console/Kernel.php(198): Symfony/Component/Console/Application->run()
#28 C:/xampp/htdocs/commite/artisan(12): Illuminate/Foundation/Console/Kernel->handle()
#29 {main}

[previous exception] [object] (PDOException(code: HY000): SQLSTATE[HY000]: General error: 1 no such table: jobs at C:/xampp/htdocs/commite/vendor/laravel/framework/src/Illuminate/Database/Connection.php:407)
[stacktrace]
#0 C:/xampp/htdocs/commite/vendor/laravel/framework/src/Illuminate/Database/Connection.php(407): PDO->prepare()
#1 C:/xampp/htdocs/commite/vendor/laravel/framework/src/Illuminate/Database/Connection.php(812): Illuminate/Database/Connection->{closure:Illuminate/Database/Connection::select():398}()
#2 C:/xampp/htdocs/commite/vendor/laravel/framework/src/Illuminate/Database/Connection.php(779): Illuminate/Database/Connection->runQueryCallback()
#3 C:/xampp/htdocs/commite/vendor/laravel/framework/src/Illuminate/Database/Connection.php(398): Illuminate/Database/Connection->run()
#4 C:/xampp/htdocs/commite/vendor/laravel/framework/src/Illuminate/Database/Query/Builder.php(3106): Illuminate/Database/Connection->select()
#5 C:/xampp/htdocs/commite/vendor/laravel/framework/src/Illuminate/Database/Query/Builder.php(3091): Illuminate/Database/Query/Builder->runSelect()
#6 C:/xampp/htdocs/commite/vendor/laravel/framework/src/Illuminate/Database/Query/Builder.php(3676): Illuminate/Database/Query/Builder->{closure:Illuminate/Database/Query/Builder::get():3090}()
#7 C:/xampp/htdocs/commite/vendor/laravel/framework/src/Illuminate/Database/Query/Builder.php(3090): Illuminate/Database/Query/Builder->onceWithColumns()
#8 C:/xampp/htdocs/commite/vendor/laravel/framework/src/Illuminate/Database/Concerns/BuildsQueries.php(343): Illuminate/Database/Query/Builder->get()
#9 C:/xampp/htdocs/commite/vendor/laravel/framework/src/Illuminate/Queue/DatabaseQueue.php(249): Illuminate/Database/Query/Builder->first()
#10 C:/xampp/htdocs/commite/vendor/laravel/framework/src/Illuminate/Queue/DatabaseQueue.php(227): Illuminate/Queue/DatabaseQueue->getNextAvailableJob()
#11 C:/xampp/htdocs/commite/vendor/laravel/framework/src/Illuminate/Database/Concerns/ManagesTransactions.php(32): Illuminate/Queue/DatabaseQueue->{closure:Illuminate/Queue/DatabaseQueue::pop():226}()
#12 C:/xampp/htdocs/commite/vendor/laravel/framework/src/Illuminate/Queue/DatabaseQueue.php(226): Illuminate/Database/Connection->transaction()
#13 C:/xampp/htdocs/commite/vendor/laravel/framework/src/Illuminate/Queue/Worker.php(370): Illuminate/Queue/DatabaseQueue->pop()
#14 C:/xampp/htdocs/commite/vendor/laravel/framework/src/Illuminate/Queue/Worker.php(385): Illuminate/Queue/Worker->{closure:Illuminate/Queue/Worker::getNextJob():369}()
#15 C:/xampp/htdocs/commite/vendor/laravel/framework/src/Illuminate/Queue/Worker.php(175): Illuminate/Queue/Worker->getNextJob()
#16 C:/xampp/htdocs/commite/vendor/laravel/framework/src/Illuminate/Queue/Console/WorkCommand.php(150): Illuminate/Queue/Worker->daemon()
#17 C:/xampp/htdocs/commite/vendor/laravel/framework/src/Illuminate/Queue/Console/WorkCommand.php(133): Illuminate/Queue/Console/WorkCommand->runWorker()
#18 C:/xampp/htdocs/commite/vendor/laravel/framework/src/Illuminate/Container/BoundMethod.php(36): Illuminate/Queue/Console/WorkCommand->handle()
#19 C:/xampp/htdocs/commite/vendor/laravel/framework/src/Illuminate/Container/Util.php(43): Illuminate/Container/BoundMethod::{closure:Illuminate/Container/BoundMethod::call():35}()
#20 C:/xampp/htdocs/commite/vendor/laravel/framework/src/Illuminate/Container/BoundMethod.php(95): Illuminate/Container/Util::unwrapIfClosure()
#21 C:/xampp/htdocs/commite/vendor/laravel/framework/src/Illuminate/Container/BoundMethod.php(35): Illuminate/Container/BoundMethod::callBoundMethod()
#22 C:/xampp/htdocs/commite/vendor/laravel/framework/src/Illuminate/Container/Container.php(696): Illuminate/Container/BoundMethod::call()
#23 C:/xampp/htdocs/commite/vendor/laravel/framework/src/Illuminate/Console/Command.php(213): Illuminate/Container/Container->call()
#24 C:/xampp/htdocs/commite/vendor/symfony/console/Command/Command.php(341): Illuminate/Console/Command->execute()
#25 C:/xampp/htdocs/commite/vendor/laravel/framework/src/Illuminate/Console/Command.php(182): Symfony/Component/Console/Command/Command->run()
#26 C:/xampp/htdocs/commite/vendor/symfony/console/Application.php(1117): Illuminate/Console/Command->run()
#27 C:/xampp/htdocs/commite/vendor/symfony/console/Application.php(356): Symfony/Component/Console/Application->doRunCommand()
#28 C:/xampp/htdocs/commite/vendor/symfony/console/Application.php(195): Symfony/Component/Console/Application->doRun()
#29 C:/xampp/htdocs/commite/vendor/laravel/framework/src/Illuminate/Foundation/Console/Kernel.php(198): Symfony/Component/Console/Application->run()
#30 C:/xampp/htdocs/commite/artisan(12): Illuminate/Foundation/Console/Kernel->handle()
#31 {main}
"} 
[2026-08-26 04:54:21] local.ERROR: SQLSTATE[HY000]: General error: 1 no such table: tenants (Connection: central, SQL: select * from "tenants" where "slug" = farm limit 1) {"exception":"[object] (Illuminate\\Database\\QueryException(code: HY000): SQLSTATE[HY000]: General error: 1 no such table: tenants (Connection: central, SQL: select * from \"tenants\" where \"slug\" = farm limit 1) at C:/xampp/htdocs/commite/vendor/laravel/framework/src/Illuminate/Database/Connection.php:825)
[stacktrace]
#0 C:/xampp/htdocs/commite/vendor/laravel/framework/src/Illuminate/Database/Connection.php(779): Illuminate/Database/Connection->runQueryCallback()
#1 C:/xampp/htdocs/commite/vendor/laravel/framework/src/Illuminate/Database/Connection.php(398): Illuminate/Database/Connection->run()
#2 C:/xampp/htdocs/commite/vendor/laravel/framework/src/Illuminate/Database/Query/Builder.php(3106): Illuminate/Database/Connection->select()
#3 C:/xampp/htdocs/commite/vendor/laravel/framework/src/Illuminate/Database/Query/Builder.php(3091): Illuminate/Database/Query/Builder->runSelect()
#4 C:/xampp/htdocs/commite/vendor/laravel/framework/src/Illuminate/Database/Query/Builder.php(3676): Illuminate/Database/Query/Builder->{closure:Illuminate/Database/Query/Builder::get():3090}()
#5 C:/xampp/htdocs/commite/vendor/laravel/framework/src/Illuminate/Database/Query/Builder.php(3090): Illuminate/Database/Query/Builder->onceWithColumns()
#6 C:/xampp/htdocs/commite/vendor/laravel/framework/src/Illuminate/Database/Eloquent/Builder.php(811): Illuminate/Database/Query/Builder->get()
#7 C:/xampp/htdocs/commite/vendor/laravel/framework/src/Illuminate/Database/Eloquent/Builder.php(793): Illuminate/Database/Eloquent/Builder->getModels()
#8 C:/xampp/htdocs/commite/vendor/laravel/framework/src/Illuminate/Database/Concerns/BuildsQueries.php(343): Illuminate/Database/Eloquent/Builder->get()
#9 C:/xampp/htdocs/commite/app/Http/Middleware/ResolveTenant.php(30): Illuminate/Database/Eloquent/Builder->first()
#10 C:/xampp/htdocs/commite/vendor/laravel/framework/src/Illuminate/Pipeline/Pipeline.php(209): App/Http/Middleware/ResolveTenant->handle()
#11 C:/xampp/htdocs/commite/vendor/laravel/framework/src/Illuminate/Routing/Middleware/SubstituteBindings.php(51): Illuminate/Pipeline/Pipeline->{closure:{closure:Illuminate/Pipeline/Pipeline::carry():184}:185}()
#12 C:/xampp/htdocs/commite/vendor/laravel/framework/src/Illuminate/Pipeline/Pipeline.php(209): Illuminate/Routing/Middleware/SubstituteBindings->handle()
#13 C:/xampp/htdocs/commite/vendor/laravel/framework/src/Illuminate/Foundation/Http/Middleware/VerifyCsrfToken.php(88): Illuminate/Pipeline/Pipeline->{closure:{closure:Illuminate/Pipeline/Pipeline::carry():184}:185}()
#14 C:/xampp/htdocs/commite/vendor/laravel/framework/src/Illuminate/Pipeline/Pipeline.php(209): Illuminate/Foundation/Http/Middleware/VerifyCsrfToken->handle()
#15 C:/xampp/htdocs/commite/vendor/laravel/framework/src/Illuminate/View/Middleware/ShareErrorsFromSession.php(49): Illuminate/Pipeline/Pipeline->{closure:{closure:Illuminate/Pipeline/Pipeline::carry():184}:185}()
#16 C:/xampp/htdocs/commite/vendor/laravel/framework/src/Illuminate/Pipeline/Pipeline.php(209): Illuminate/View/Middleware/ShareErrorsFromSession->handle()
#17 C:/xampp/htdocs/commite/vendor/laravel/framework/src/Illuminate/Session/Middleware/StartSession.php(121): Illuminate/Pipeline/Pipeline->{closure:{closure:Illuminate/Pipeline/Pipeline::carry():184}:185}()
#18 C:/xampp/htdocs/commite/vendor/laravel/framework/src/Illuminate/Session/Middleware/StartSession.php(64): Illuminate/Session/Middleware/StartSession->handleStatefulRequest()
#19 C:/xampp/htdocs/commite/vendor/laravel/framework/src/Illuminate/Pipeline/Pipeline.php(209): Illuminate/Session/Middleware/StartSession->handle()
#20 C:/xampp/htdocs/commite/vendor/laravel/framework/src/Illuminate/Cookie/Middleware/EncryptCookies.php(75): Illuminate/Pipeline/Pipeline->{closure:{closure:Illuminate/Pipeline/Pipeline::carry():184}:185}()
#21 C:/xampp/htdocs/commite/vendor/laravel/framework/src/Illuminate/Pipeline/Pipeline.php(209): Illuminate/Cookie/Middleware/EncryptCookies->handle()
#22 C:/xampp/htdocs/commite/vendor/laravel/framework/src/Illuminate/Pipeline/Pipeline.php(127): Illuminate/Pipeline/Pipeline->{closure:{closure:Illuminate/Pipeline/Pipeline::carry():184}:185}()
#23 C:/xampp/htdocs/commite/vendor/laravel/framework/src/Illuminate/Routing/Router.php(807): Illuminate/Pipeline/Pipeline->then()
#24 C:/xampp/htdocs/commite/vendor/laravel/framework/src/Illuminate/Routing/Router.php(786): Illuminate/Routing/Router->runRouteWithinStack()
#25 C:/xampp/htdocs/commite/vendor/laravel/framework/src/Illuminate/Routing/Router.php(750): Illuminate/Routing/Router->runRoute()
#26 C:/xampp/htdocs/commite/vendor/laravel/framework/src/Illuminate/Routing/Router.php(739): Illuminate/Routing/Router->dispatchToRoute()
#27 C:/xampp/htdocs/commite/vendor/laravel/framework/src/Illuminate/Foundation/Http/Kernel.php(201): Illuminate/Routing/Router->dispatch()
#28 C:/xampp/htdocs/commite/vendor/laravel/framework/src/Illuminate/Pipeline/Pipeline.php(170): Illuminate/Foundation/Http/Kernel->{closure:Illuminate/Foundation/Http/Kernel::dispatchToRouter():198}()
#29 C:/xampp/htdocs/commite/vendor/laravel/framework/src/Illuminate/Foundation/Http/Middleware/TransformsRequest.php(21): Illuminate/Pipeline/Pipeline->{closure:Illuminate/Pipeline/Pipeline::prepareDestination():168}()
#30 C:/xampp/htdocs/commite/vendor/laravel/framework/src/Illuminate/Foundation/Http/Middleware/ConvertEmptyStringsToNull.php(31): Illuminate/Foundation/Http/Middleware/TransformsRequest->handle()
#31 C:/xampp/htdocs/commite/vendor/laravel/framework/src/Illuminate/Pipeline/Pipeline.php(209): Illuminate/Foundation/Http/Middleware/ConvertEmptyStringsToNull->handle()
#32 C:/xampp/htdocs/commite/vendor/laravel/framework/src/Illuminate/Foundation/Http/Middleware/TransformsRequest.php(21): Illuminate/Pipeline/Pipeline->{closure:{closure:Illuminate/Pipeline/Pipeline::carry():184}:185}()
#33 C:/xampp/htdocs/commite/vendor/laravel/framework/src/Illuminate/Foundation/Http/Middleware/TrimStrings.php(51): Illuminate/Foundation/Http/Middleware/TransformsRequest->handle()
#34 C:/xampp/htdocs/commite/vendor/laravel/framework/src/Illuminate/Pipeline/Pipeline.php(209): Illuminate/Foundation/Http/Middleware/TrimStrings->handle()
#35 C:/xampp/htdocs/commite/vendor/laravel/framework/src/Illuminate/Http/Middleware/ValidatePostSize.php(27): Illuminate/Pipeline/Pipeline->{closure:{closure:Illuminate/Pipeline/Pipeline::carry():184}:185}()
#36 C:/xampp/htdocs/commite/vendor/laravel/framework/src/Illuminate/Pipeline/Pipeline.php(209): Illuminate/Http/Middleware/ValidatePostSize->handle()
#37 C:/xampp/htdocs/commite/vendor/laravel/framework/src/Illuminate/Foundation/Http/Middleware/PreventRequestsDuringMaintenance.php(110): Illuminate/Pipeline/Pipeline->{closure:{closure:Illuminate/Pipeline/Pipeline::carry():184}:185}()
#38 C:/xampp/htdocs/commite/vendor/laravel/framework/src/Illuminate/Pipeline/Pipeline.php(209): Illuminate/Foundation/Http/Middleware/PreventRequestsDuringMaintenance->handle()
#39 C:/xampp/htdocs/commite/vendor/laravel/framework/src/Illuminate/Http/Middleware/HandleCors.php(49): Illuminate/Pipeline/Pipeline->{closure:{closure:Illuminate/Pipeline/Pipeline::carry():184}:185}()
#40 C:/xampp/htdocs/commite/vendor/laravel/framework/src/Illuminate/Pipeline/Pipeline.php(209): Illuminate/Http/Middleware/HandleCors->handle()
#41 C:/xampp/htdocs/commite/vendor/laravel/framework/src/Illuminate/Http/Middleware/TrustProxies.php(58): Illuminate/Pipeline/Pipeline->{closure:{closure:Illuminate/Pipeline/Pipeline::carry():184}:185}()
#42 C:/xampp/htdocs/commite/vendor/laravel/framework/src/Illuminate/Pipeline/Pipeline.php(209): Illuminate/Http/Middleware/TrustProxies->handle()
#43 C:/xampp/htdocs/commite/vendor/laravel/framework/src/Illuminate/Pipeline/Pipeline.php(127): Illuminate/Pipeline/Pipeline->{closure:{closure:Illuminate/Pipeline/Pipeline::carry():184}:185}()
#44 C:/xampp/htdocs/commite/vendor/laravel/framework/src/Illuminate/Foundation/Http/Kernel.php(176): Illuminate/Pipeline/Pipeline->then()
#45 C:/xampp/htdocs/commite/vendor/laravel/framework/src/Illuminate/Foundation/Http/Kernel.php(145): Illuminate/Foundation/Http/Kernel->sendRequestThroughRouter()
#46 C:/xampp/htdocs/commite/public/index.php(18): Illuminate/Foundation/Http/Kernel->handle()
#47 C:/xampp/htdocs/commite/vendor/laravel/framework/src/Illuminate/Foundation/resources/server.php(23): require_once('...')
#48 {main}

[previous exception] [object] (PDOException(code: HY000): SQLSTATE[HY000]: General error: 1 no such table: tenants at C:/xampp/htdocs/commite/vendor/laravel/framework/src/Illuminate/Database/Connection.php:407)
[stacktrace]
#0 C:/xampp/htdocs/commite/vendor/laravel/framework/src/Illuminate/Database/Connection.php(407): PDO->prepare()
#1 C:/xampp/htdocs/commite/vendor/laravel/framework/src/Illuminate/Database/Connection.php(812): Illuminate/Database/Connection->{closure:Illuminate/Database/Connection::select():398}()
#2 C:/xampp/htdocs/commite/vendor/laravel/framework/src/Illuminate/Database/Connection.php(779): Illuminate/Database/Connection->runQueryCallback()
#3 C:/xampp/htdocs/commite/vendor/laravel/framework/src/Illuminate/Database/Connection.php(398): Illuminate/Database/Connection->run()
#4 C:/xampp/htdocs/commite/vendor/laravel/framework/src/Illuminate/Database/Query/Builder.php(3106): Illuminate/Database/Connection->select()
#5 C:/xampp/htdocs/commite/vendor/laravel/framework/src/Illuminate/Database/Query/Builder.php(3091): Illuminate/Database/Query/Builder->runSelect()
#6 C:/xampp/htdocs/commite/vendor/laravel/framework/src/Illuminate/Database/Query/Builder.php(3676): Illuminate/Database/Query/Builder->{closure:Illuminate/Database/Query/Builder::get():3090}()
#7 C:/xampp/htdocs/commite/vendor/laravel/framework/src/Illuminate/Database/Query/Builder.php(3090): Illuminate/Database/Query/Builder->onceWithColumns()
#8 C:/xampp/htdocs/commite/vendor/laravel/framework/src/Illuminate/Database/Eloquent/Builder.php(811): Illuminate/Database/Query/Builder->get()
#9 C:/xampp/htdocs/commite/vendor/laravel/framework/src/Illuminate/Database/Eloquent/Builder.php(793): Illuminate/Database/Eloquent/Builder->getModels()
#10 C:/xampp/htdocs/commite/vendor/laravel/framework/src/Illuminate/Database/Concerns/BuildsQueries.php(343): Illuminate/Database/Eloquent/Builder->get()
#11 C:/xampp/htdocs/commite/app/Http/Middleware/ResolveTenant.php(30): Illuminate/Database/Eloquent/Builder->first()
#12 C:/xampp/htdocs/commite/vendor/laravel/framework/src/Illuminate/Pipeline/Pipeline.php(209): App/Http/Middleware/ResolveTenant->handle()
#13 C:/xampp/htdocs/commite/vendor/laravel/framework/src/Illuminate/Routing/Middleware/SubstituteBindings.php(51): Illuminate/Pipeline/Pipeline->{closure:{closure:Illuminate/Pipeline/Pipeline::carry():184}:185}()
#14 C:/xampp/htdocs/commite/vendor/laravel/framework/src/Illuminate/Pipeline/Pipeline.php(209): Illuminate/Routing/Middleware/SubstituteBindings->handle()
#15 C:/xampp/htdocs/commite/vendor/laravel/framework/src/Illuminate/Foundation/Http/Middleware/VerifyCsrfToken.php(88): Illuminate/Pipeline/Pipeline->{closure:{closure:Illuminate/Pipeline/Pipeline::carry():184}:185}()
#16 C:/xampp/htdocs/commite/vendor/laravel/framework/src/Illuminate/Pipeline/Pipeline.php(209): Illuminate/Foundation/Http/Middleware/VerifyCsrfToken->handle()
#17 C:/xampp/htdocs/commite/vendor/laravel/framework/src/Illuminate/View/Middleware/ShareErrorsFromSession.php(49): Illuminate/Pipeline/Pipeline->{closure:{closure:Illuminate/Pipeline/Pipeline::carry():184}:185}()
#18 C:/xampp/htdocs/commite/vendor/laravel/framework/src/Illuminate/Pipeline/Pipeline.php(209): Illuminate/View/Middleware/ShareErrorsFromSession->handle()
#19 C:/xampp/htdocs/commite/vendor/laravel/framework/src/Illuminate/Session/Middleware/StartSession.php(121): Illuminate/Pipeline/Pipeline->{closure:{closure:Illuminate/Pipeline/Pipeline::carry():184}:185}()
#20 C:/xampp/htdocs/commite/vendor/laravel/framework/src/Illuminate/Session/Middleware/StartSession.php(64): Illuminate/Session/Middleware/StartSession->handleStatefulRequest()
#21 C:/xampp/htdocs/commite/vendor/laravel/framework/src/Illuminate/Pipeline/Pipeline.php(209): Illuminate/Session/Middleware/StartSession->handle()
#22 C:/xampp/htdocs/commite/vendor/laravel/framework/src/Illuminate/Cookie/Middleware/EncryptCookies.php(75): Illuminate/Pipeline/Pipeline->{closure:{closure:Illuminate/Pipeline/Pipeline::carry():184}:185}()
#23 C:/xampp/htdocs/commite/vendor/laravel/framework/src/Illuminate/Pipeline/Pipeline.php(209): Illuminate/Cookie/Middleware/EncryptCookies->handle()
#24 C:/xampp/htdocs/commite/vendor/laravel/framework/src/Illuminate/Pipeline/Pipeline.php(127): Illuminate/Pipeline/Pipeline->{closure:{closure:Illuminate/Pipeline/Pipeline::carry():184}:185}()
#25 C:/xampp/htdocs/commite/vendor/laravel/framework/src/Illuminate/Routing/Router.php(807): Illuminate/Pipeline/Pipeline->then()
#26 C:/xampp/htdocs/commite/vendor/laravel/framework/src/Illuminate/Routing/Router.php(786): Illuminate/Routing/Router->runRouteWithinStack()
#27 C:/xampp/htdocs/commite/vendor/laravel/framework/src/Illuminate/Routing/Router.php(750): Illuminate/Routing/Router->runRoute()
#28 C:/xampp/htdocs/commite/vendor/laravel/framework/src/Illuminate/Routing/Router.php(739): Illuminate/Routing/Router->dispatchToRoute()
#29 C:/xampp/htdocs/commite/vendor/laravel/framework/src/Illuminate/Foundation/Http/Kernel.php(201): Illuminate/Routing/Router->dispatch()
#30 C:/xampp/htdocs/commite/vendor/laravel/framework/src/Illuminate/Pipeline/Pipeline.php(170): Illuminate/Foundation/Http/Kernel->{closure:Illuminate/Foundation/Http/Kernel::dispatchToRouter():198}()
#31 C:/xampp/htdocs/commite/vendor/laravel/framework/src/Illuminate/Foundation/Http/Middleware/TransformsRequest.php(21): Illuminate/Pipeline/Pipeline->{closure:Illuminate/Pipeline/Pipeline::prepareDestination():168}()
#32 C:/xampp/htdocs/commite/vendor/laravel/framework/src/Illuminate/Foundation/Http/Middleware/ConvertEmptyStringsToNull.php(31): Illuminate/Foundation/Http/Middleware/TransformsRequest->handle()
#33 C:/xampp/htdocs/commite/vendor/laravel/framework/src/Illuminate/Pipeline/Pipeline.php(209): Illuminate/Foundation/Http/Middleware/ConvertEmptyStringsToNull->handle()
#34 C:/xampp/htdocs/commite/vendor/laravel/framework/src/Illuminate/Foundation/Http/Middleware/TransformsRequest.php(21): Illuminate/Pipeline/Pipeline->{closure:{closure:Illuminate/Pipeline/Pipeline::carry():184}:185}()
#35 C:/xampp/htdocs/commite/vendor/laravel/framework/src/Illuminate/Foundation/Http/Middleware/TrimStrings.php(51): Illuminate/Foundation/Http/Middleware/TransformsRequest->handle()
#36 C:/xampp/htdocs/commite/vendor/laravel/framework/src/Illuminate/Pipeline/Pipeline.php(209): Illuminate/Foundation/Http/Middleware/TrimStrings->handle()
#37 C:/xampp/htdocs/commite/vendor/laravel/framework/src/Illuminate/Http/Middleware/ValidatePostSize.php(27): Illuminate/Pipeline/Pipeline->{closure:{closure:Illuminate/Pipeline/Pipeline::carry():184}:185}()
#38 C:/xampp/htdocs/commite/vendor/laravel/framework/src/Illuminate/Pipeline/Pipeline.php(209): Illuminate/Http/Middleware/ValidatePostSize->handle()
#39 C:/xampp/htdocs/commite/vendor/laravel/framework/src/Illuminate/Foundation/Http/Middleware/PreventRequestsDuringMaintenance.php(110): Illuminate/Pipeline/Pipeline->{closure:{closure:Illuminate/Pipeline/Pipeline::carry():184}:185}()
#40 C:/xampp/htdocs/commite/vendor/laravel/framework/src/Illuminate/Pipeline/Pipeline.php(209): Illuminate/Foundation/Http/Middleware/PreventRequestsDuringMaintenance->handle()
#41 C:/xampp/htdocs/commite/vendor/laravel/framework/src/Illuminate/Http/Middleware/HandleCors.php(49): Illuminate/Pipeline/Pipeline->{closure:{closure:Illuminate/Pipeline/Pipeline::carry():184}:185}()
#42 C:/xampp/htdocs/commite/vendor/laravel/framework/src/Illuminate/Pipeline/Pipeline.php(209): Illuminate/Http/Middleware/HandleCors->handle()
#43 C:/xampp/htdocs/commite/vendor/laravel/framework/src/Illuminate/Http/Middleware/TrustProxies.php(58): Illuminate/Pipeline/Pipeline->{closure:{closure:Illuminate/Pipeline/Pipeline::carry():184}:185}()
#44 C:/xampp/htdocs/commite/vendor/laravel/framework/src/Illuminate/Pipeline/Pipeline.php(209): Illuminate/Http/Middleware/TrustProxies->handle()
#45 C:/xampp/htdocs/commite/vendor/laravel/framework/src/Illuminate/Pipeline/Pipeline.php(127): Illuminate/Pipeline/Pipeline->{closure:{closure:Illuminate/Pipeline/Pipeline::carry():184}:185}()
#46 C:/xampp/htdocs/commite/vendor/laravel/framework/src/Illuminate/Foundation/Http/Kernel.php(176): Illuminate/Pipeline/Pipeline->then()
#47 C:/xampp/htdocs/commite/vendor/laravel/framework/src/Illuminate/Foundation/Http/Kernel.php(145): Illuminate/Foundation/Http/Kernel->sendRequestThroughRouter()
#48 C:/xampp/htdocs/commite/public/index.php(18): Illuminate/Foundation/Http/Kernel->handle()
#49 C:/xampp/htdocs/commite/vendor/laravel/framework/src/Illuminate/Foundation/resources/server.php(23): require_once('...')
#50 {main}
"} 
[2026-08-26 04:54:25] local.ERROR: SQLSTATE[HY000]: General error: 1 no such table: jobs (Connection: central, SQL: select * from "jobs" where "queue" = default and (("reserved_at" is null and "available_at" <= 1787720065) or ("reserved_at" <= 1787719975)) order by "id" asc limit 1) {"exception":"[object] (Illuminate\\Database\\QueryException(code: HY000): SQLSTATE[HY000]: General error: 1 no such table: jobs (Connection: central, SQL: select * from \"jobs\" where \"queue\" = default and ((\"reserved_at\" is null and \"available_at\" <= 1787720065) or (\"reserved_at\" <= 1787719975)) order by \"id\" asc limit 1) at C:/xampp/htdocs/commite/vendor/laravel/framework/src/Illuminate/Database/Connection.php:825)
[stacktrace]
#0 C:/xampp/htdocs/commite/vendor/laravel/framework/src/Illuminate/Database/Connection.php(779): Illuminate/Database/Connection->runQueryCallback()
#1 C:/xampp/htdocs/commite/vendor/laravel/framework/src/Illuminate/Database/Connection.php(398): Illuminate/Database/Connection->run()
#2 C:/xampp/htdocs/commite/vendor/laravel/framework/src/Illuminate/Database/Query/Builder.php(3106): Illuminate/Database/Connection->select()
#3 C:/xampp/htdocs/commite/vendor/laravel/framework/src/Illuminate/Database/Query/Builder.php(3091): Illuminate/Database/Query/Builder->runSelect()
#4 C:/xampp/htdocs/commite/vendor/laravel/framework/src/Illuminate/Database/Query/Builder.php(3676): Illuminate/Database/Query/Builder->{closure:Illuminate/Database/Query/Builder::get():3090}()
#5 C:/xampp/htdocs/commite/vendor/laravel/framework/src/Illuminate/Database/Query/Builder.php(3090): Illuminate/Database/Query/Builder->onceWithColumns()
#6 C:/xampp/htdocs/commite/vendor/laravel/framework/src/Illuminate/Database/Concerns/BuildsQueries.php(343): Illuminate/Database/Query/Builder->get()
#7 C:/xampp/htdocs/commite/vendor/laravel/framework/src/Illuminate/Queue/DatabaseQueue.php(249): Illuminate/Database/Query/Builder->first()
#8 C:/xampp/htdocs/commite/vendor/laravel/framework/src/Illuminate/Queue/DatabaseQueue.php(227): Illuminate/Queue/DatabaseQueue->getNextAvailableJob()
#9 C:/xampp/htdocs/commite/vendor/laravel/framework/src/Illuminate/Database/Concerns/ManagesTransactions.php(32): Illuminate/Queue/DatabaseQueue->{closure:Illuminate/Queue/DatabaseQueue::pop():226}()
#10 C:/xampp/htdocs/commite/vendor/laravel/framework/src/Illuminate/Queue/DatabaseQueue.php(226): Illuminate/Database/Connection->transaction()
#11 C:/xampp/htdocs/commite/vendor/laravel/framework/src/Illuminate/Queue/Worker.php(370): Illuminate/Queue/DatabaseQueue->pop()
#12 C:/xampp/htdocs/commite/vendor/laravel/framework/src/Illuminate/Queue/Worker.php(385): Illuminate/Queue/Worker->{closure:Illuminate/Queue/Worker::getNextJob():369}()
#13 C:/xampp/htdocs/commite/vendor/laravel/framework/src/Illuminate/Queue/Worker.php(175): Illuminate/Queue/Worker->getNextJob()
#14 C:/xampp/htdocs/commite/vendor/laravel/framework/src/Illuminate/Queue/Console/WorkCommand.php(150): Illuminate/Queue/Worker->daemon()
#15 C:/xampp/htdocs/commite/vendor/laravel/framework/src/Illuminate/Queue/Console/WorkCommand.php(133): Illuminate/Queue/Console/WorkCommand->runWorker()
#16 C:/xampp/htdocs/commite/vendor/laravel/framework/src/Illuminate/Container/BoundMethod.php(36): Illuminate/Queue/Console/WorkCommand->handle()
#17 C:/xampp/htdocs/commite/vendor/laravel/framework/src/Illuminate/Container/Util.php(43): Illuminate/Container/BoundMethod::{closure:Illuminate/Container/BoundMethod::call():35}()
#18 C:/xampp/htdocs/commite/vendor/laravel/framework/src/Illuminate/Container/BoundMethod.php(95): Illuminate/Container/Util::unwrapIfClosure()
#19 C:/xampp/htdocs/commite/vendor/laravel/framework/src/Illuminate/Container/BoundMethod.php(35): Illuminate/Container/BoundMethod::callBoundMethod()
#20 C:/xampp/htdocs/commite/vendor/laravel/framework/src/Illuminate/Container/Container.php(696): Illuminate/Container/BoundMethod::call()
#21 C:/xampp/htdocs/commite/vendor/laravel/framework/src/Illuminate/Console/Command.php(213): Illuminate/Container/Container->call()
#22 C:/xampp/htdocs/commite/vendor/symfony/console/Command/Command.php(341): Illuminate/Console/Command->execute()
#23 C:/xampp/htdocs/commite/vendor/laravel/framework/src/Illuminate/Console/Command.php(182): Symfony/Component/Console/Command/Command->run()
#24 C:/xampp/htdocs/commite/vendor/symfony/console/Application.php(1117): Illuminate/Console/Command->run()
#25 C:/xampp/htdocs/commite/vendor/symfony/console/Application.php(356): Symfony/Component/Console/Application->doRunCommand()
#26 C:/xampp/htdocs/commite/vendor/symfony/console/Application.php(195): Symfony/Component/Console/Application->doRun()
#27 C:/xampp/htdocs/commite/vendor/laravel/framework/src/Illuminate/Foundation/Console/Kernel.php(198): Symfony/Component/Console/Application->run()
#28 C:/xampp/htdocs/commite/artisan(12): Illuminate/Foundation/Console/Kernel->handle()
#29 {main}

[previous exception] [object] (PDOException(code: HY000): SQLSTATE[HY000]: General error: 1 no such table: jobs at C:/xampp/htdocs/commite/vendor/laravel/framework/src/Illuminate/Database/Connection.php:407)
[stacktrace]
#0 C:/xampp/htdocs/commite/vendor/laravel/framework/src/Illuminate/Database/Connection.php(407): PDO->prepare()
#1 C:/xampp/htdocs/commite/vendor/laravel/framework/src/Illuminate/Database/Connection.php(812): Illuminate/Database/Connection->{closure:Illuminate/Database/Connection::select():398}()
#2 C:/xampp/htdocs/commite/vendor/laravel/framework/src/Illuminate/Database/Connection.php(779): Illuminate/Database/Connection->runQueryCallback()
#3 C:/xampp/htdocs/commite/vendor/laravel/framework/src/Illuminate/Database/Connection.php(398): Illuminate/Database/Connection->run()
#4 C:/xampp/htdocs/commite/vendor/laravel/framework/src/Illuminate/Database/Query/Builder.php(3106): Illuminate/Database/Connection->select()
#5 C:/xampp/htdocs/commite/vendor/laravel/framework/src/Illuminate/Database/Query/Builder.php(3091): Illuminate/Database/Query/Builder->runSelect()
#6 C:/xampp/htdocs/commite/vendor/laravel/framework/src/Illuminate/Database/Query/Builder.php(3676): Illuminate/Database/Query/Builder->{closure:Illuminate/Database/Query/Builder::get():3090}()
#7 C:/xampp/htdocs/commite/vendor/laravel/framework/src/Illuminate/Database/Query/Builder.php(3090): Illuminate/Database/Query/Builder->onceWithColumns()
#8 C:/xampp/htdocs/commite/vendor/laravel/framework/src/Illuminate/Database/Concerns/BuildsQueries.php(343): Illuminate/Database/Query/Builder->get()
#9 C:/xampp/htdocs/commite/vendor/laravel/framework/src/Illuminate/Queue/DatabaseQueue.php(249): Illuminate/Database/Query/Builder->first()
#10 C:/xampp/htdocs/commite/vendor/laravel/framework/src/Illuminate/Queue/DatabaseQueue.php(227): Illuminate/Queue/DatabaseQueue->getNextAvailableJob()
#11 C:/xampp/htdocs/commite/vendor/laravel/framework/src/Illuminate/Database/Concerns/ManagesTransactions.php(32): Illuminate/Queue/DatabaseQueue->{closure:Illuminate/Queue/DatabaseQueue::pop():226}()
#12 C:/xampp/htdocs/commite/vendor/laravel/framework/src/Illuminate/Queue/DatabaseQueue.php(226): Illuminate/Database/Connection->transaction()
#13 C:/xampp/htdocs/commite/vendor/laravel/framework/src/Illuminate/Queue/Worker.php(370): Illuminate/Queue/DatabaseQueue->pop()
#14 C:/xampp/htdocs/commite/vendor/laravel/framework/src/Illuminate/Queue/Worker.php(385): Illuminate/Queue/Worker->{closure:Illuminate/Queue/Worker::getNextJob():369}()
#15 C:/xampp/htdocs/commite/vendor/laravel/framework/src/Illuminate/Queue/Worker.php(175): Illuminate/Queue/Worker->getNextJob()
#16 C:/xampp/htdocs/commite/vendor/laravel/framework/src/Illuminate/Queue/Console/WorkCommand.php(150): Illuminate/Queue/Worker->daemon()
#17 C:/xampp/htdocs/commite/vendor/laravel/framework/src/Illuminate/Queue/Console/WorkCommand.php(133): Illuminate/Queue/Console/WorkCommand->runWorker()
#18 C:/xampp/htdocs/commite/vendor/laravel/framework/src/Illuminate/Container/BoundMethod.php(36): Illuminate/Queue/Console/WorkCommand->handle()
#19 C:/xampp/htdocs/commite/vendor/laravel/framework/src/Illuminate/Container/Util.php(43): Illuminate/Container/BoundMethod::{closure:Illuminate/Container/BoundMethod::call():35}()
#20 C:/xampp/htdocs/commite/vendor/laravel/framework/src/Illuminate/Container/BoundMethod.php(95): Illuminate/Container/Util::unwrapIfClosure()
#21 C:/xampp/htdocs/commite/vendor/laravel/framework/src/Illuminate/Container/BoundMethod.php(35): Illuminate/Container/BoundMethod::callBoundMethod()
#22 C:/xampp/htdocs/commite/vendor/laravel/framework/src/Illuminate/Container/Container.php(696): Illuminate/Container/BoundMethod::call()
#23 C:/xampp/htdocs/commite/vendor/laravel/framework/src/Illuminate/Console/Command.php(213): Illuminate/Container/Container->call()
#24 C:/xampp/htdocs/commite/vendor/symfony/console/Command/Command.php(341): Illuminate/Console/Command->execute()
#25 C:/xampp/htdocs/commite/vendor/laravel/framework/src/Illuminate/Console/Command.php(182): Symfony/Component/Console/Command/Command->run()
#26 C:/xampp/htdocs/commite/vendor/symfony/console/Application.php(1117): Illuminate/Console/Command->run()
#27 C:/xampp/htdocs/commite/vendor/symfony/console/Application.php(356): Symfony/Component/Console/Application->doRunCommand()
#28 C:/xampp/htdocs/commite/vendor/symfony/console/Application.php(195): Symfony/Component/Console/Application->doRun()
#29 C:/xampp/htdocs/commite/vendor/laravel/framework/src/Illuminate/Foundation/Console/Kernel.php(198): Symfony/Component/Console/Application->run()
#30 C:/xampp/htdocs/commite/artisan(12): Illuminate/Foundation/Console/Kernel->handle()
#31 {main}
"} 
[2026-08-26 04:54:29] local.ERROR: SQLSTATE[HY000]: General error: 1 no such table: jobs (Connection: central, SQL: select * from "jobs" where "queue" = default and (("reserved_at" is null and "available_at" <= 1787720069) or ("reserved_at" <= 1787719979)) order by "id" asc limit 1) {"exception":"[object] (Illuminate\\Database\\QueryException(code: HY000): SQLSTATE[HY000]: General error: 1 no such table: jobs (Connection: central, SQL: select * from \"jobs\" where \"queue\" = default and ((\"reserved_at\" is null and \"available_at\" <= 1787720069) or (\"reserved_at\" <= 1787719979)) order by \"id\" asc limit 1) at C:/xampp/htdocs/commite/vendor/laravel/framework/src/Illuminate/Database/Connection.php:825)
[stacktrace]
#0 C:/xampp/htdocs/commite/vendor/laravel/framework/src/Illuminate/Database/Connection.php(779): Illuminate/Database/Connection->runQueryCallback()
#1 C:/xampp/htdocs/commite/vendor/laravel/framework/src/Illuminate/Database/Connection.php(398): Illuminate/Database/Connection->run()
#2 C:/xampp/htdocs/commite/vendor/laravel/framework/src/Illuminate/Database/Query/Builder.php(3106): Illuminate/Database/Connection->select()
#3 C:/xampp/htdocs/commite/vendor/laravel/framework/src/Illuminate/Database/Query/Builder.php(3091): Illuminate/Database/Query/Builder->runSelect()
#4 C:/xampp/htdocs/commite/vendor/laravel/framework/src/Illuminate/Database/Query/Builder.php(3676): Illuminate/Database/Query/Builder->{closure:Illuminate/Database/Query/Builder::get():3090}()
#5 C:/xampp/htdocs/commite/vendor/laravel/framework/src/Illuminate/Database/Query/Builder.php(3090): Illuminate/Database/Query/Builder->onceWithColumns()
#6 C:/xampp/htdocs/commite/vendor/laravel/framework/src/Illuminate/Database/Concerns/BuildsQueries.php(343): Illuminate/Database/Query/Builder->get()
#7 C:/xampp/htdocs/commite/vendor/laravel/framework/src/Illuminate/Queue/DatabaseQueue.php(249): Illuminate/Database/Query/Builder->first()
#8 C:/xampp/htdocs/commite/vendor/laravel/framework/src/Illuminate/Queue/DatabaseQueue.php(227): Illuminate/Queue/DatabaseQueue->getNextAvailableJob()
#9 C:/xampp/htdocs/commite/vendor/laravel/framework/src/Illuminate/Database/Concerns/ManagesTransactions.php(32): Illuminate/Queue/DatabaseQueue->{closure:Illuminate/Queue/DatabaseQueue::pop():226}()
#10 C:/xampp/htdocs/commite/vendor/laravel/framework/src/Illuminate/Queue/DatabaseQueue.php(226): Illuminate/Database/Connection->transaction()
#11 C:/xampp/htdocs/commite/vendor/laravel/framework/src/Illuminate/Queue/Worker.php(370): Illuminate/Queue/DatabaseQueue->pop()
#12 C:/xampp/htdocs/commite/vendor/laravel/framework/src/Illuminate/Queue/Worker.php(385): Illuminate/Queue/Worker->{closure:Illuminate/Queue/Worker::getNextJob():369}()
#13 C:/xampp/htdocs/commite/vendor/laravel/framework/src/Illuminate/Queue/Worker.php(175): Illuminate/Queue/Worker->getNextJob()
#14 C:/xampp/htdocs/commite/vendor/laravel/framework/src/Illuminate/Queue/Console/WorkCommand.php(150): Illuminate/Queue/Worker->daemon()
#15 C:/xampp/htdocs/commite/vendor/laravel/framework/src/Illuminate/Queue/Console/WorkCommand.php(133): Illuminate/Queue/Console/WorkCommand->runWorker()
#16 C:/xampp/htdocs/commite/vendor/laravel/framework/src/Illuminate/Container/BoundMethod.php(36): Illuminate/Queue/Console/WorkCommand->handle()
#17 C:/xampp/htdocs/commite/vendor/laravel/framework/src/Illuminate/Container/Util.php(43): Illuminate/Container/BoundMethod::{closure:Illuminate/Container/BoundMethod::call():35}()
#18 C:/xampp/htdocs/commite/vendor/laravel/framework/src/Illuminate/Container/BoundMethod.php(95): Illuminate/Container/Util::unwrapIfClosure()
#19 C:/xampp/htdocs/commite/vendor/laravel/framework/src/Illuminate/Container/BoundMethod.php(35): Illuminate/Container/BoundMethod::callBoundMethod()
#20 C:/xampp/htdocs/commite/vendor/laravel/framework/src/Illuminate/Container/Container.php(696): Illuminate/Container/BoundMethod::call()
#21 C:/xampp/htdocs/commite/vendor/laravel/framework/src/Illuminate/Console/Command.php(213): Illuminate/Container/Container->call()
#22 C:/xampp/htdocs/commite/vendor/symfony/console/Command/Command.php(341): Illuminate/Console/Command->execute()
#23 C:/xampp/htdocs/commite/vendor/laravel/framework/src/Illuminate/Console/Command.php(182): Symfony/Component/Console/Command/Command->run()
#24 C:/xampp/htdocs/commite/vendor/symfony/console/Application.php(1117): Illuminate/Console/Command->run()
#25 C:/xampp/htdocs/commite/vendor/symfony/console/Application.php(356): Symfony/Component/Console/Application->doRunCommand()
#26 C:/xampp/htdocs/commite/vendor/symfony/console/Application.php(195): Symfony/Component/Console/Application->doRun()
#27 C:/xampp/htdocs/commite/vendor/laravel/framework/src/Illuminate/Foundation/Console/Kernel.php(198): Symfony/Component/Console/Application->run()
#28 C:/xampp/htdocs/commite/artisan(12): Illuminate/Foundation/Console/Kernel->handle()
#29 {main}

[previous exception] [object] (PDOException(code: HY000): SQLSTATE[HY000]: General error: 1 no such table: jobs at C:/xampp/htdocs/commite/vendor/laravel/framework/src/Illuminate/Database/Connection.php:407)
[stacktrace]
#0 C:/xampp/htdocs/commite/vendor/laravel/framework/src/Illuminate/Database/Connection.php(407): PDO->prepare()
#1 C:/xampp/htdocs/commite/vendor/laravel/framework/src/Illuminate/Database/Connection.php(812): Illuminate/Database/Connection->{closure:Illuminate/Database/Connection::select():398}()
#2 C:/xampp/htdocs/commite/vendor/laravel/framework/src/Illuminate/Database/Connection.php(779): Illuminate/Database/Connection->runQueryCallback()
#3 C:/xampp/htdocs/commite/vendor/laravel/framework/src/Illuminate/Database/Connection.php(398): Illuminate/Database/Connection->run()
#4 C:/xampp/htdocs/commite/vendor/laravel/framework/src/Illuminate/Database/Query/Builder.php(3106): Illuminate/Database/Connection->select()
#5 C:/xampp/htdocs/commite/vendor/laravel/framework/src/Illuminate/Database/Query/Builder.php(3091): Illuminate/Database/Query/Builder->runSelect()
#6 C:/xampp/htdocs/commite/vendor/laravel/framework/src/Illuminate/Database/Query/Builder.php(3676): Illuminate/Database/Query/Builder->{closure:Illuminate/Database/Query/Builder::get():3090}()
#7 C:/xampp/htdocs/commite/vendor/laravel/framework/src/Illuminate/Database/Query/Builder.php(3090): Illuminate/Database/Query/Builder->onceWithColumns()
#8 C:/xampp/htdocs/commite/vendor/laravel/framework/src/Illuminate/Database/Concerns/BuildsQueries.php(343): Illuminate/Database/Query/Builder->get()
#9 C:/xampp/htdocs/commite/vendor/laravel/framework/src/Illuminate/Queue/DatabaseQueue.php(249): Illuminate/Database/Query/Builder->first()
#10 C:/xampp/htdocs/commite/vendor/laravel/framework/src/Illuminate/Queue/DatabaseQueue.php(227): Illuminate/Queue/DatabaseQueue->getNextAvailableJob()
#11 C:/xampp/htdocs/commite/vendor/laravel/framework/src/Illuminate/Database/Concerns/ManagesTransactions.php(32): Illuminate/Queue/DatabaseQueue->{closure:Illuminate/Queue/DatabaseQueue::pop():226}()
#12 C:/xampp/htdocs/commite/vendor/laravel/framework/src/Illuminate/Queue/DatabaseQueue.php(226): Illuminate/Database/Connection->transaction()
#13 C:/xampp/htdocs/commite/vendor/laravel/framework/src/Illuminate/Queue/Worker.php(370): Illuminate/Queue/DatabaseQueue->pop()
#14 C:/xampp/htdocs/commite/vendor/laravel/framework/src/Illuminate/Queue/Worker.php(385): Illuminate/Queue/Worker->{closure:Illuminate/Queue/Worker::getNextJob():369}()
#15 C:/xampp/htdocs/commite/vendor/laravel/framework/src/Illuminate/Queue/Worker.php(175): Illuminate/Queue/Worker->getNextJob()
#16 C:/xampp/htdocs/commite/vendor/laravel/framework/src/Illuminate/Queue/Console/WorkCommand.php(150): Illuminate/Queue/Worker->daemon()
#17 C:/xampp/htdocs/commite/vendor/laravel/framework/src/Illuminate/Queue/Console/WorkCommand.php(133): Illuminate/Queue/Console/WorkCommand->runWorker()
#18 C:/xampp/htdocs/commite/vendor/laravel/framework/src/Illuminate/Container/BoundMethod.php(36): Illuminate/Queue/Console/WorkCommand->handle()
#19 C:/xampp/htdocs/commite/vendor/laravel/framework/src/Illuminate/Container/Util.php(43): Illuminate/Container/BoundMethod::{closure:Illuminate/Container/BoundMethod::call():35}()
#20 C:/xampp/htdocs/commite/vendor/laravel/framework/src/Illuminate/Container/BoundMethod.php(95): Illuminate/Container/Util::unwrapIfClosure()
#21 C:/xampp/htdocs/commite/vendor/laravel/framework/src/Illuminate/Container/BoundMethod.php(35): Illuminate/Container/BoundMethod::callBoundMethod()
#22 C:/xampp/htdocs/commite/vendor/laravel/framework/src/Illuminate/Container/Container.php(696): Illuminate/Container/BoundMethod::call()
#23 C:/xampp/htdocs/commite/vendor/laravel/framework/src/Illuminate/Console/Command.php(213): Illuminate/Container/Container->call()
#24 C:/xampp/htdocs/commite/vendor/symfony/console/Command/Command.php(341): Illuminate/Console/Command->execute()
#25 C:/xampp/htdocs/commite/vendor/laravel/framework/src/Illuminate/Console/Command.php(182): Symfony/Component/Console/Command/Command->run()
#26 C:/xampp/htdocs/commite/vendor/symfony/console/Application.php(1117): Illuminate/Console/Command->run()
#27 C:/xampp/htdocs/commite/vendor/symfony/console/Application.php(356): Symfony/Component/Console/Application->doRunCommand()
#28 C:/xampp/htdocs/commite/vendor/symfony/console/Application.php(195): Symfony/Component/Console/Application->doRun()
#29 C:/xampp/htdocs/commite/vendor/laravel/framework/src/Illuminate/Foundation/Console/Kernel.php(198): Symfony/Component/Console/Application->run()
#30 C:/xampp/htdocs/commite/artisan(12): Illuminate/Foundation/Console/Kernel->handle()
#31 {main}
"} 
[2026-08-26 04:54:33] local.ERROR: SQLSTATE[HY000]: General error: 1 no such table: jobs (Connection: central, SQL: select * from "jobs" where "queue" = default and (("reserved_at" is null and "available_at" <= 1787720073) or ("reserved_at" <= 1787719983)) order by "id" asc limit 1) {"exception":"[object] (Illuminate\\Database\\QueryException(code: HY000): SQLSTATE[HY000]: General error: 1 no such table: jobs (Connection: central, SQL: select * from \"jobs\" where \"queue\" = default and ((\"reserved_at\" is null and \"available_at\" <= 1787720073) or (\"reserved_at\" <= 1787719983)) order by \"id\" asc limit 1) at C:/xampp/htdocs/commite/vendor/laravel/framework/src/Illuminate/Database/Connection.php:825)
[stacktrace]
#0 C:/xampp/htdocs/commite/vendor/laravel/framework/src/Illuminate/Database/Connection.php(779): Illuminate/Database/Connection->runQueryCallback()
#1 C:/xampp/htdocs/commite/vendor/laravel/framework/src/Illuminate/Database/Connection.php(398): Illuminate/Database/Connection->run()
#2 C:/xampp/htdocs/commite/vendor/laravel/framework/src/Illuminate/Database/Query/Builder.php(3106): Illuminate/Database/Connection->select()
#3 C:/xampp/htdocs/commite/vendor/laravel/framework/src/Illuminate/Database/Query/Builder.php(3091): Illuminate/Database/Query/Builder->runSelect()
#4 C:/xampp/htdocs/commite/vendor/laravel/framework/src/Illuminate/Database/Query/Builder.php(3676): Illuminate/Database/Query/Builder->{closure:Illuminate/Database/Query/Builder::get():3090}()
#5 C:/xampp/htdocs/commite/vendor/laravel/framework/src/Illuminate/Database/Query/Builder.php(3090): Illuminate/Database/Query/Builder->onceWithColumns()
#6 C:/xampp/htdocs/commite/vendor/laravel/framework/src/Illuminate/Database/Concerns/BuildsQueries.php(343): Illuminate/Database/Query/Builder->get()
#7 C:/xampp/htdocs/commite/vendor/laravel/framework/src/Illuminate/Queue/DatabaseQueue.php(249): Illuminate/Database/Query/Builder->first()
#8 C:/xampp/htdocs/commite/vendor/laravel/framework/src/Illuminate/Queue/DatabaseQueue.php(227): Illuminate/Queue/DatabaseQueue->getNextAvailableJob()
#9 C:/xampp/htdocs/commite/vendor/laravel/framework/src/Illuminate/Database/Concerns/ManagesTransactions.php(32): Illuminate/Queue/DatabaseQueue->{closure:Illuminate/Queue/DatabaseQueue::pop():226}()
#10 C:/xampp/htdocs/commite/vendor/laravel/framework/src/Illuminate/Queue/DatabaseQueue.php(226): Illuminate/Database/Connection->transaction()
#11 C:/xampp/htdocs/commite/vendor/laravel/framework/src/Illuminate/Queue/Worker.php(370): Illuminate/Queue/DatabaseQueue->pop()
#12 C:/xampp/htdocs/commite/vendor/laravel/framework/src/Illuminate/Queue/Worker.php(385): Illuminate/Queue/Worker->{closure:Illuminate/Queue/Worker::getNextJob():369}()
#13 C:/xampp/htdocs/commite/vendor/laravel/framework/src/Illuminate/Queue/Worker.php(175): Illuminate/Queue/Worker->getNextJob()
#14 C:/xampp/htdocs/commite/vendor/laravel/framework/src/Illuminate/Queue/Console/WorkCommand.php(150): Illuminate/Queue/Worker->daemon()
#15 C:/xampp/htdocs/commite/vendor/laravel/framework/src/Illuminate/Queue/Console/WorkCommand.php(133): Illuminate/Queue/Console/WorkCommand->runWorker()
#16 C:/xampp/htdocs/commite/vendor/laravel/framework/src/Illuminate/Container/BoundMethod.php(36): Illuminate/Queue/Console/WorkCommand->handle()
#17 C:/xampp/htdocs/commite/vendor/laravel/framework/src/Illuminate/Container/Util.php(43): Illuminate/Container/BoundMethod::{closure:Illuminate/Container/BoundMethod::call():35}()
#18 C:/xampp/htdocs/commite/vendor/laravel/framework/src/Illuminate/Container/BoundMethod.php(95): Illuminate/Container/Util::unwrapIfClosure()
#19 C:/xampp/htdocs/commite/vendor/laravel/framework/src/Illuminate/Container/BoundMethod.php(35): Illuminate/Container/BoundMethod::callBoundMethod()
#20 C:/xampp/htdocs/commite/vendor/laravel/framework/src/Illuminate/Container/Container.php(696): Illuminate/Container/BoundMethod::call()
#21 C:/xampp/htdocs/commite/vendor/laravel/framework/src/Illuminate/Console/Command.php(213): Illuminate/Container/Container->call()
#22 C:/xampp/htdocs/commite/vendor/symfony/console/Command/Command.php(341): Illuminate/Console/Command->execute()
#23 C:/xampp/htdocs/commite/vendor/laravel/framework/src/Illuminate/Console/Command.php(182): Symfony/Component/Console/Command/Command->run()
#24 C:/xampp/htdocs/commite/vendor/symfony/console/Application.php(1117): Illuminate/Console/Command->run()
#25 C:/xampp/htdocs/commite/vendor/symfony/console/Application.php(356): Symfony/Component/Console/Application->doRunCommand()
#26 C:/xampp/htdocs/commite/vendor/symfony/console/Application.php(195): Symfony/Component/Console/Application->doRun()
#27 C:/xampp/htdocs/commite/vendor/laravel/framework/src/Illuminate/Foundation/Console/Kernel.php(198): Symfony/Component/Console/Application->run()
#28 C:/xampp/htdocs/commite/artisan(12): Illuminate/Foundation/Console/Kernel->handle()
#29 {main}

[previous exception] [object] (PDOException(code: HY000): SQLSTATE[HY000]: General error: 1 no such table: jobs at C:/xampp/htdocs/commite/vendor/laravel/framework/src/Illuminate/Database/Connection.php:407)
[stacktrace]
#0 C:/xampp/htdocs/commite/vendor/laravel/framework/src/Illuminate/Database/Connection.php(407): PDO->prepare()
#1 C:/xampp/htdocs/commite/vendor/laravel/framework/src/Illuminate/Database/Connection.php(812): Illuminate/Database/Connection->{closure:Illuminate/Database/Connection::select():398}()
#2 C:/xampp/htdocs/commite/vendor/laravel/framework/src/Illuminate/Database/Connection.php(779): Illuminate/Database/Connection->runQueryCallback()
#3 C:/xampp/htdocs/commite/vendor/laravel/framework/src/Illuminate/Database/Connection.php(398): Illuminate/Database/Connection->run()
#4 C:/xampp/htdocs/commite/vendor/laravel/framework/src/Illuminate/Database/Query/Builder.php(3106): Illuminate/Database/Connection->select()
#5 C:/xampp/htdocs/commite/vendor/laravel/framework/src/Illuminate/Database/Query/Builder.php(3091): Illuminate/Database/Query/Builder->runSelect()
#6 C:/xampp/htdocs/commite/vendor/laravel/framework/src/Illuminate/Database/Query/Builder.php(3676): Illuminate/Database/Query/Builder->{closure:Illuminate/Database/Query/Builder::get():3090}()
#7 C:/xampp/htdocs/commite/vendor/laravel/framework/src/Illuminate/Database/Query/Builder.php(3090): Illuminate/Database/Query/Builder->onceWithColumns()
#8 C:/xampp/htdocs/commite/vendor/laravel/framework/src/Illuminate/Database/Concerns/BuildsQueries.php(343): Illuminate/Database/Query/Builder->get()
#9 C:/xampp/htdocs/commite/vendor/laravel/framework/src/Illuminate/Queue/DatabaseQueue.php(249): Illuminate/Database/Query/Builder->first()
#10 C:/xampp/htdocs/commite/vendor/laravel/framework/src/Illuminate/Queue/DatabaseQueue.php(227): Illuminate/Queue/DatabaseQueue->getNextAvailableJob()
#11 C:/xampp/htdocs/commite/vendor/laravel/framework/src/Illuminate/Database/Concerns/ManagesTransactions.php(32): Illuminate/Queue/DatabaseQueue->{closure:Illuminate/Queue/DatabaseQueue::pop():226}()
#12 C:/xampp/htdocs/commite/vendor/laravel/framework/src/Illuminate/Queue/DatabaseQueue.php(226): Illuminate/Database/Connection->transaction()
#13 C:/xampp/htdocs/commite/vendor/laravel/framework/src/Illuminate/Queue/Worker.php(370): Illuminate/Queue/DatabaseQueue->pop()
#14 C:/xampp/htdocs/commite/vendor/laravel/framework/src/Illuminate/Queue/Worker.php(385): Illuminate/Queue/Worker->{closure:Illuminate/Queue/Worker::getNextJob():369}()
#15 C:/xampp/htdocs/commite/vendor/laravel/framework/src/Illuminate/Queue/Worker.php(175): Illuminate/Queue/Worker->getNextJob()
#16 C:/xampp/htdocs/commite/vendor/laravel/framework/src/Illuminate/Queue/Console/WorkCommand.php(150): Illuminate/Queue/Worker->daemon()
#17 C:/xampp/htdocs/commite/vendor/laravel/framework/src/Illuminate/Queue/Console/WorkCommand.php(133): Illuminate/Queue/Console/WorkCommand->runWorker()
#18 C:/xampp/htdocs/commite/vendor/laravel/framework/src/Illuminate/Container/BoundMethod.php(36): Illuminate/Queue/Console/WorkCommand->handle()
#19 C:/xampp/htdocs/commite/vendor/laravel/framework/src/Illuminate/Container/Util.php(43): Illuminate/Container/BoundMethod::{closure:Illuminate/Container/BoundMethod::call():35}()
#20 C:/xampp/htdocs/commite/vendor/laravel/framework/src/Illuminate/Container/BoundMethod.php(95): Illuminate/Container/Util::unwrapIfClosure()
#21 C:/xampp/htdocs/commite/vendor/laravel/framework/src/Illuminate/Container/BoundMethod.php(35): Illuminate/Container/BoundMethod::callBoundMethod()
#22 C:/xampp/htdocs/commite/vendor/laravel/framework/src/Illuminate/Container/Container.php(696): Illuminate/Container/BoundMethod::call()
#23 C:/xampp/htdocs/commite/vendor/laravel/framework/src/Illuminate/Console/Command.php(213): Illuminate/Container/Container->call()
#24 C:/xampp/htdocs/commite/vendor/symfony/console/Command/Command.php(341): Illuminate/Console/Command->execute()
#25 C:/xampp/htdocs/commite/vendor/laravel/framework/src/Illuminate/Console/Command.php(182): Symfony/Component/Console/Command/Command->run()
#26 C:/xampp/htdocs/commite/vendor/symfony/console/Application.php(1117): Illuminate/Console/Command->run()
#27 C:/xampp/htdocs/commite/vendor/symfony/console/Application.php(356): Symfony/Component/Console/Application->doRunCommand()
#28 C:/xampp/htdocs/commite/vendor/symfony/console/Application.php(195): Symfony/Component/Console/Application->doRun()
#29 C:/xampp/htdocs/commite/vendor/laravel/framework/src/Illuminate/Foundation/Console/Kernel.php(198): Symfony/Component/Console/Application->run()
#30 C:/xampp/htdocs/commite/artisan(12): Illuminate/Foundation/Console/Kernel->handle()
#31 {main}
"} 
[2026-08-26 04:54:37] local.ERROR: SQLSTATE[HY000]: General error: 1 no such table: jobs (Connection: central, SQL: select * from "jobs" where "queue" = default and (("reserved_at" is null and "available_at" <= 1787720077) or ("reserved_at" <= 1787719987)) order by "id" asc limit 1) {"exception":"[object] (Illuminate\\Database\\QueryException(code: HY000): SQLSTATE[HY000]: General error: 1 no such table: jobs (Connection: central, SQL: select * from \"jobs\" where \"queue\" = default and ((\"reserved_at\" is null and \"available_at\" <= 1787720077) or (\"reserved_at\" <= 1787719987)) order by \"id\" asc limit 1) at C:/xampp/htdocs/commite/vendor/laravel/framework/src/Illuminate/Database/Connection.php:825)
[stacktrace]
#0 C:/xampp/htdocs/commite/vendor/laravel/framework/src/Illuminate/Database/Connection.php(779): Illuminate/Database/Connection->runQueryCallback()
#1 C:/xampp/htdocs/commite/vendor/laravel/framework/src/Illuminate/Database/Connection.php(398): Illuminate/Database/Connection->run()
#2 C:/xampp/htdocs/commite/vendor/laravel/framework/src/Illuminate/Database/Query/Builder.php(3106): Illuminate/Database/Connection->select()
#3 C:/xampp/htdocs/commite/vendor/laravel/framework/src/Illuminate/Database/Query/Builder.php(3091): Illuminate/Database/Query/Builder->runSelect()
#4 C:/xampp/htdocs/commite/vendor/laravel/framework/src/Illuminate/Database/Query/Builder.php(3676): Illuminate/Database/Query/Builder->{closure:Illuminate/Database/Query/Builder::get():3090}()
#5 C:/xampp/htdocs/commite/vendor/laravel/framework/src/Illuminate/Database/Query/Builder.php(3090): Illuminate/Database/Query/Builder->onceWithColumns()
#6 C:/xampp/htdocs/commite/vendor/laravel/framework/src/Illuminate/Database/Concerns/BuildsQueries.php(343): Illuminate/Database/Query/Builder->get()
#7 C:/xampp/htdocs/commite/vendor/laravel/framework/src/Illuminate/Queue/DatabaseQueue.php(249): Illuminate/Database/Query/Builder->first()
#8 C:/xampp/htdocs/commite/vendor/laravel/framework/src/Illuminate/Queue/DatabaseQueue.php(227): Illuminate/Queue/DatabaseQueue->getNextAvailableJob()
#9 C:/xampp/htdocs/commite/vendor/laravel/framework/src/Illuminate/Database/Concerns/ManagesTransactions.php(32): Illuminate/Queue/DatabaseQueue->{closure:Illuminate/Queue/DatabaseQueue::pop():226}()
#10 C:/xampp/htdocs/commite/vendor/laravel/framework/src/Illuminate/Queue/DatabaseQueue.php(226): Illuminate/Database/Connection->transaction()
#11 C:/xampp/htdocs/commite/vendor/laravel/framework/src/Illuminate/Queue/Worker.php(370): Illuminate/Queue/DatabaseQueue->pop()
#12 C:/xampp/htdocs/commite/vendor/laravel/framework/src/Illuminate/Queue/Worker.php(385): Illuminate/Queue/Worker->{closure:Illuminate/Queue/Worker::getNextJob():369}()
#13 C:/xampp/htdocs/commite/vendor/laravel/framework/src/Illuminate/Queue/Worker.php(175): Illuminate/Queue/Worker->getNextJob()
#14 C:/xampp/htdocs/commite/vendor/laravel/framework/src/Illuminate/Queue/Console/WorkCommand.php(150): Illuminate/Queue/Worker->daemon()
#15 C:/xampp/htdocs/commite/vendor/laravel/framework/src/Illuminate/Queue/Console/WorkCommand.php(133): Illuminate/Queue/Console/WorkCommand->runWorker()
#16 C:/xampp/htdocs/commite/vendor/laravel/framework/src/Illuminate/Container/BoundMethod.php(36): Illuminate/Queue/Console/WorkCommand->handle()
#17 C:/xampp/htdocs/commite/vendor/laravel/framework/src/Illuminate/Container/Util.php(43): Illuminate/Container/BoundMethod::{closure:Illuminate/Container/BoundMethod::call():35}()
#18 C:/xampp/htdocs/commite/vendor/laravel/framework/src/Illuminate/Container/BoundMethod.php(95): Illuminate/Container/Util::unwrapIfClosure()
#19 C:/xampp/htdocs/commite/vendor/laravel/framework/src/Illuminate/Container/BoundMethod.php(35): Illuminate/Container/BoundMethod::callBoundMethod()
#20 C:/xampp/htdocs/commite/vendor/laravel/framework/src/Illuminate/Container/Container.php(696): Illuminate/Container/BoundMethod::call()
#21 C:/xampp/htdocs/commite/vendor/laravel/framework/src/Illuminate/Console/Command.php(213): Illuminate/Container/Container->call()
#22 C:/xampp/htdocs/commite/vendor/symfony/console/Command/Command.php(341): Illuminate/Console/Command->execute()
#23 C:/xampp/htdocs/commite/vendor/laravel/framework/src/Illuminate/Console/Command.php(182): Symfony/Component/Console/Command/Command->run()
#24 C:/xampp/htdocs/commite/vendor/symfony/console/Application.php(1117): Illuminate/Console/Command->run()
#25 C:/xampp/htdocs/commite/vendor/symfony/console/Application.php(356): Symfony/Component/Console/Application->doRunCommand()
#26 C:/xampp/htdocs/commite/vendor/symfony/console/Application.php(195): Symfony/Component/Console/Application->doRun()
#27 C:/xampp/htdocs/commite/vendor/laravel/framework/src/Illuminate/Foundation/Console/Kernel.php(198): Symfony/Component/Console/Application->run()
#28 C:/xampp/htdocs/commite/artisan(12): Illuminate/Foundation/Console/Kernel->handle()
#29 {main}

[previous exception] [object] (PDOException(code: HY000): SQLSTATE[HY000]: General error: 1 no such table: jobs at C:/xampp/htdocs/commite/vendor/laravel/framework/src/Illuminate/Database/Connection.php:407)
[stacktrace]
#0 C:/xampp/htdocs/commite/vendor/laravel/framework/src/Illuminate/Database/Connection.php(407): PDO->prepare()
#1 C:/xampp/htdocs/commite/vendor/laravel/framework/src/Illuminate/Database/Connection.php(812): Illuminate/Database/Connection->{closure:Illuminate/Database/Connection::select():398}()
#2 C:/xampp/htdocs/commite/vendor/laravel/framework/src/Illuminate/Database/Connection.php(779): Illuminate/Database/Connection->runQueryCallback()
#3 C:/xampp/htdocs/commite/vendor/laravel/framework/src/Illuminate/Database/Connection.php(398): Illuminate/Database/Connection->run()
#4 C:/xampp/htdocs/commite/vendor/laravel/framework/src/Illuminate/Database/Query/Builder.php(3106): Illuminate/Database/Connection->select()
#5 C:/xampp/htdocs/commite/vendor/laravel/framework/src/Illuminate/Database/Query/Builder.php(3091): Illuminate/Database/Query/Builder->runSelect()
#6 C:/xampp/htdocs/commite/vendor/laravel/framework/src/Illuminate/Database/Query/Builder.php(3676): Illuminate/Database/Query/Builder->{closure:Illuminate/Database/Query/Builder::get():3090}()
#7 C:/xampp/htdocs/commite/vendor/laravel/framework/src/Illuminate/Database/Query/Builder.php(3090): Illuminate/Database/Query/Builder->onceWithColumns()
#8 C:/xampp/htdocs/commite/vendor/laravel/framework/src/Illuminate/Database/Concerns/BuildsQueries.php(343): Illuminate/Database/Query/Builder->get()
#9 C:/xampp/htdocs/commite/vendor/laravel/framework/src/Illuminate/Queue/DatabaseQueue.php(249): Illuminate/Database/Query/Builder->first()
#10 C:/xampp/htdocs/commite/vendor/laravel/framework/src/Illuminate/Queue/DatabaseQueue.php(227): Illuminate/Queue/DatabaseQueue->getNextAvailableJob()
#11 C:/xampp/htdocs/commite/vendor/laravel/framework/src/Illuminate/Database/Concerns/ManagesTransactions.php(32): Illuminate/Queue/DatabaseQueue->{closure:Illuminate/Queue/DatabaseQueue::pop():226}()
#12 C:/xampp/htdocs/commite/vendor/laravel/framework/src/Illuminate/Queue/DatabaseQueue.php(226): Illuminate/Database/Connection->transaction()
#13 C:/xampp/htdocs/commite/vendor/laravel/framework/src/Illuminate/Queue/Worker.php(370): Illuminate/Queue/DatabaseQueue->pop()
#14 C:/xampp/htdocs/commite/vendor/laravel/framework/src/Illuminate/Queue/Worker.php(385): Illuminate/Queue/Worker->{closure:Illuminate/Queue/Worker::getNextJob():369}()
#15 C:/xampp/htdocs/commite/vendor/laravel/framework/src/Illuminate/Queue/Worker.php(175): Illuminate/Queue/Worker->getNextJob()
#16 C:/xampp/htdocs/commite/vendor/laravel/framework/src/Illuminate/Queue/Console/WorkCommand.php(150): Illuminate/Queue/Worker->daemon()
#17 C:/xampp/htdocs/commite/vendor/laravel/framework/src/Illuminate/Queue/Console/WorkCommand.php(133): Illuminate/Queue/Console/WorkCommand->runWorker()
#18 C:/xampp/htdocs/commite/vendor/laravel/framework/src/Illuminate/Container/BoundMethod.php(36): Illuminate/Queue/Console/WorkCommand->handle()
#19 C:/xampp/htdocs/commite/vendor/laravel/framework/src/Illuminate/Container/Util.php(43): Illuminate/Container/BoundMethod::{closure:Illuminate/Container/BoundMethod::call():35}()
#20 C:/xampp/htdocs/commite/vendor/laravel/framework/src/Illuminate/Container/BoundMethod.php(95): Illuminate/Container/Util::unwrapIfClosure()
#21 C:/xampp/htdocs/commite/vendor/laravel/framework/src/Illuminate/Container/BoundMethod.php(35): Illuminate/Container/BoundMethod::callBoundMethod()
#22 C:/xampp/htdocs/commite/vendor/laravel/framework/src/Illuminate/Container/Container.php(696): Illuminate/Container/BoundMethod::call()
#23 C:/xampp/htdocs/commite/vendor/laravel/framework/src/Illuminate/Console/Command.php(213): Illuminate/Container/Container->call()
#24 C:/xampp/htdocs/commite/vendor/symfony/console/Command/Command.php(341): Illuminate/Console/Command->execute()
#25 C:/xampp/htdocs/commite/vendor/laravel/framework/src/Illuminate/Console/Command.php(182): Symfony/Component/Console/Command/Command->run()
#26 C:/xampp/htdocs/commite/vendor/symfony/console/Application.php(1117): Illuminate/Console/Command->run()
#27 C:/xampp/htdocs/commite/vendor/symfony/console/Application.php(356): Symfony/Component/Console/Application->doRunCommand()
#28 C:/xampp/htdocs/commite/vendor/symfony/console/Application.php(195): Symfony/Component/Console/Application->doRun()
#29 C:/xampp/htdocs/commite/vendor/laravel/framework/src/Illuminate/Foundation/Console/Kernel.php(198): Symfony/Component/Console/Application->run()
#30 C:/xampp/htdocs/commite/artisan(12): Illuminate/Foundation/Console/Kernel->handle()
#31 {main}
"} 
[2026-08-26 04:54:41] local.ERROR: SQLSTATE[HY000]: General error: 1 no such table: jobs (Connection: central, SQL: select * from "jobs" where "queue" = default and (("reserved_at" is null and "available_at" <= 1787720081) or ("reserved_at" <= 1787719991)) order by "id" asc limit 1) {"exception":"[object] (Illuminate\\Database\\QueryException(code: HY000): SQLSTATE[HY000]: General error: 1 no such table: jobs (Connection: central, SQL: select * from \"jobs\" where \"queue\" = default and ((\"reserved_at\" is null and \"available_at\" <= 1787720081) or (\"reserved_at\" <= 1787719991)) order by \"id\" asc limit 1) at C:/xampp/htdocs/commite/vendor/laravel/framework/src/Illuminate/Database/Connection.php:825)
[stacktrace]
#0 C:/xampp/htdocs/commite/vendor/laravel/framework/src/Illuminate/Database/Connection.php(779): Illuminate/Database/Connection->runQueryCallback()
#1 C:/xampp/htdocs/commite/vendor/laravel/framework/src/Illuminate/Database/Connection.php(398): Illuminate/Database/Connection->run()
#2 C:/xampp/htdocs/commite/vendor/laravel/framework/src/Illuminate/Database/Query/Builder.php(3106): Illuminate/Database/Connection->select()
#3 C:/xampp/htdocs/commite/vendor/laravel/framework/src/Illuminate/Database/Query/Builder.php(3091): Illuminate/Database/Query/Builder->runSelect()
#4 C:/xampp/htdocs/commite/vendor/laravel/framework/src/Illuminate/Database/Query/Builder.php(3676): Illuminate/Database/Query/Builder->{closure:Illuminate/Database/Query/Builder::get():3090}()
#5 C:/xampp/htdocs/commite/vendor/laravel/framework/src/Illuminate/Database/Query/Builder.php(3090): Illuminate/Database/Query/Builder->onceWithColumns()
#6 C:/xampp/htdocs/commite/vendor/laravel/framework/src/Illuminate/Database/Concerns/BuildsQueries.php(343): Illuminate/Database/Query/Builder->get()
#7 C:/xampp/htdocs/commite/vendor/laravel/framework/src/Illuminate/Queue/DatabaseQueue.php(249): Illuminate/Database/Query/Builder->first()
#8 C:/xampp/htdocs/commite/vendor/laravel/framework/src/Illuminate/Queue/DatabaseQueue.php(227): Illuminate/Queue/DatabaseQueue->getNextAvailableJob()
#9 C:/xampp/htdocs/commite/vendor/laravel/framework/src/Illuminate/Database/Concerns/ManagesTransactions.php(32): Illuminate/Queue/DatabaseQueue->{closure:Illuminate/Queue/DatabaseQueue::pop():226}()
#10 C:/xampp/htdocs/commite/vendor/laravel/framework/src/Illuminate/Queue/DatabaseQueue.php(226): Illuminate/Database/Connection->transaction()
#11 C:/xampp/htdocs/commite/vendor/laravel/framework/src/Illuminate/Queue/Worker.php(370): Illuminate/Queue/DatabaseQueue->pop()
#12 C:/xampp/htdocs/commite/vendor/laravel/framework/src/Illuminate/Queue/Worker.php(385): Illuminate/Queue/Worker->{closure:Illuminate/Queue/Worker::getNextJob():369}()
#13 C:/xampp/htdocs/commite/vendor/laravel/framework/src/Illuminate/Queue/Worker.php(175): Illuminate/Queue/Worker->getNextJob()
#14 C:/xampp/htdocs/commite/vendor/laravel/framework/src/Illuminate/Queue/Console/WorkCommand.php(150): Illuminate/Queue/Worker->daemon()
#15 C:/xampp/htdocs/commite/vendor/laravel/framework/src/Illuminate/Queue/Console/WorkCommand.php(133): Illuminate/Queue/Console/WorkCommand->runWorker()
#16 C:/xampp/htdocs/commite/vendor/laravel/framework/src/Illuminate/Container/BoundMethod.php(36): Illuminate/Queue/Console/WorkCommand->handle()
#17 C:/xampp/htdocs/commite/vendor/laravel/framework/src/Illuminate/Container/Util.php(43): Illuminate/Container/BoundMethod::{closure:Illuminate/Container/BoundMethod::call():35}()
#18 C:/xampp/htdocs/commite/vendor/laravel/framework/src/Illuminate/Container/BoundMethod.php(95): Illuminate/Container/Util::unwrapIfClosure()
#19 C:/xampp/htdocs/commite/vendor/laravel/framework/src/Illuminate/Container/BoundMethod.php(35): Illuminate/Container/BoundMethod::callBoundMethod()
#20 C:/xampp/htdocs/commite/vendor/laravel/framework/src/Illuminate/Container/Container.php(696): Illuminate/Container/BoundMethod::call()
#21 C:/xampp/htdocs/commite/vendor/laravel/framework/src/Illuminate/Console/Command.php(213): Illuminate/Container/Container->call()
#22 C:/xampp/htdocs/commite/vendor/symfony/console/Command/Command.php(341): Illuminate/Console/Command->execute()
#23 C:/xampp/htdocs/commite/vendor/laravel/framework/src/Illuminate/Console/Command.php(182): Symfony/Component/Console/Command/Command->run()
#24 C:/xampp/htdocs/commite/vendor/symfony/console/Application.php(1117): Illuminate/Console/Command->run()
#25 C:/xampp/htdocs/commite/vendor/symfony/console/Application.php(356): Symfony/Component/Console/Application->doRunCommand()
#26 C:/xampp/htdocs/commite/vendor/symfony/console/Application.php(195): Symfony/Component/Console/Application->doRun()
#27 C:/xampp/htdocs/commite/vendor/laravel/framework/src/Illuminate/Foundation/Console/Kernel.php(198): Symfony/Component/Console/Application->run()
#28 C:/xampp/htdocs/commite/artisan(12): Illuminate/Foundation/Console/Kernel->handle()
#29 {main}

[previous exception] [object] (PDOException(code: HY000): SQLSTATE[HY000]: General error: 1 no such table: jobs at C:/xampp/htdocs/commite/vendor/laravel/framework/src/Illuminate/Database/Connection.php:407)
[stacktrace]
#0 C:/xampp/htdocs/commite/vendor/laravel/framework/src/Illuminate/Database/Connection.php(407): PDO->prepare()
#1 C:/xampp/htdocs/commite/vendor/laravel/framework/src/Illuminate/Database/Connection.php(812): Illuminate/Database/Connection->{closure:Illuminate/Database/Connection::select():398}()
#2 C:/xampp/htdocs/commite/vendor/laravel/framework/src/Illuminate/Database/Connection.php(779): Illuminate/Database/Connection->runQueryCallback()
#3 C:/xampp/htdocs/commite/vendor/laravel/framework/src/Illuminate/Database/Connection.php(398): Illuminate/Database/Connection->run()
#4 C:/xampp/htdocs/commite/vendor/laravel/framework/src/Illuminate/Database/Query/Builder.php(3106): Illuminate/Database/Connection->select()
#5 C:/xampp/htdocs/commite/vendor/laravel/framework/src/Illuminate/Database/Query/Builder.php(3091): Illuminate/Database/Query/Builder->runSelect()
#6 C:/xampp/htdocs/commite/vendor/laravel/framework/src/Illuminate/Database/Query/Builder.php(3676): Illuminate/Database/Query/Builder->{closure:Illuminate/Database/Query/Builder::get():3090}()
#7 C:/xampp/htdocs/commite/vendor/laravel/framework/src/Illuminate/Database/Query/Builder.php(3090): Illuminate/Database/Query/Builder->onceWithColumns()
#8 C:/xampp/htdocs/commite/vendor/laravel/framework/src/Illuminate/Database/Concerns/BuildsQueries.php(343): Illuminate/Database/Query/Builder->get()
#9 C:/xampp/htdocs/commite/vendor/laravel/framework/src/Illuminate/Queue/DatabaseQueue.php(249): Illuminate/Database/Query/Builder->first()
#10 C:/xampp/htdocs/commite/vendor/laravel/framework/src/Illuminate/Queue/DatabaseQueue.php(227): Illuminate/Queue/DatabaseQueue->getNextAvailableJob()
#11 C:/xampp/htdocs/commite/vendor/laravel/framework/src/Illuminate/Database/Concerns/ManagesTransactions.php(32): Illuminate/Queue/DatabaseQueue->{closure:Illuminate/Queue/DatabaseQueue::pop():226}()
#12 C:/xampp/htdocs/commite/vendor/laravel/framework/src/Illuminate/Queue/DatabaseQueue.php(226): Illuminate/Database/Connection->transaction()
#13 C:/xampp/htdocs/commite/vendor/laravel/framework/src/Illuminate/Queue/Worker.php(370): Illuminate/Queue/DatabaseQueue->pop()
#14 C:/xampp/htdocs/commite/vendor/laravel/framework/src/Illuminate/Queue/Worker.php(385): Illuminate/Queue/Worker->{closure:Illuminate/Queue/Worker::getNextJob():369}()
#15 C:/xampp/htdocs/commite/vendor/laravel/framework/src/Illuminate/Queue/Worker.php(175): Illuminate/Queue/Worker->getNextJob()
#16 C:/xampp/htdocs/commite/vendor/laravel/framework/src/Illuminate/Queue/Console/WorkCommand.php(150): Illuminate/Queue/Worker->daemon()
#17 C:/xampp/htdocs/commite/vendor/laravel/framework/src/Illuminate/Queue/Console/WorkCommand.php(133): Illuminate/Queue/Console/WorkCommand->runWorker()
#18 C:/xampp/htdocs/commite/vendor/laravel/framework/src/Illuminate/Container/BoundMethod.php(36): Illuminate/Queue/Console/WorkCommand->handle()
#19 C:/xampp/htdocs/commite/vendor/laravel/framework/src/Illuminate/Container/Util.php(43): Illuminate/Container/BoundMethod::{closure:Illuminate/Container/BoundMethod::call():35}()
#20 C:/xampp/htdocs/commite/vendor/laravel/framework/src/Illuminate/Container/BoundMethod.php(95): Illuminate/Container/Util::unwrapIfClosure()
#21 C:/xampp/htdocs/commite/vendor/laravel/framework/src/Illuminate/Container/BoundMethod.php(35): Illuminate/Container/BoundMethod::callBoundMethod()
#22 C:/xampp/htdocs/commite/vendor/laravel/framework/src/Illuminate/Container/Container.php(696): Illuminate/Container/BoundMethod::call()
#23 C:/xampp/htdocs/commite/vendor/laravel/framework/src/Illuminate/Console/Command.php(213): Illuminate/Container/Container->call()
#24 C:/xampp/htdocs/commite/vendor/symfony/console/Command/Command.php(341): Illuminate/Console/Command->execute()
#25 C:/xampp/htdocs/commite/vendor/laravel/framework/src/Illuminate/Console/Command.php(182): Symfony/Component/Console/Command/Command->run()
#26 C:/xampp/htdocs/commite/vendor/symfony/console/Application.php(1117): Illuminate/Console/Command->run()
#27 C:/xampp/htdocs/commite/vendor/symfony/console/Application.php(356): Symfony/Component/Console/Application->doRunCommand()
#28 C:/xampp/htdocs/commite/vendor/symfony/console/Application.php(195): Symfony/Component/Console/Application->doRun()
#29 C:/xampp/htdocs/commite/vendor/laravel/framework/src/Illuminate/Foundation/Console/Kernel.php(198): Symfony/Component/Console/Application->run()
#30 C:/xampp/htdocs/commite/artisan(12): Illuminate/Foundation/Console/Kernel->handle()
#31 {main}
"} 
[2026-08-26 04:54:45] local.ERROR: SQLSTATE[HY000]: General error: 1 no such table: jobs (Connection: central, SQL: select * from "jobs" where "queue" = default and (("reserved_at" is null and "available_at" <= 1787720085) or ("reserved_at" <= 1787719995)) order by "id" asc limit 1) {"exception":"[object] (Illuminate\\Database\\QueryException(code: HY000): SQLSTATE[HY000]: General error: 1 no such table: jobs (Connection: central, SQL: select * from \"jobs\" where \"queue\" = default and ((\"reserved_at\" is null and \"available_at\" <= 1787720085) or (\"reserved_at\" <= 1787719995)) order by \"id\" asc limit 1) at C:/xampp/htdocs/commite/vendor/laravel/framework/src/Illuminate/Database/Connection.php:825)
[stacktrace]
#0 C:/xampp/htdocs/commite/vendor/laravel/framework/src/Illuminate/Database/Connection.php(779): Illuminate/Database/Connection->runQueryCallback()
#1 C:/xampp/htdocs/commite/vendor/laravel/framework/src/Illuminate/Database/Connection.php(398): Illuminate/Database/Connection->run()
#2 C:/xampp/htdocs/commite/vendor/laravel/framework/src/Illuminate/Database/Query/Builder.php(3106): Illuminate/Database/Connection->select()
#3 C:/xampp/htdocs/commite/vendor/laravel/framework/src/Illuminate/Database/Query/Builder.php(3091): Illuminate/Database/Query/Builder->runSelect()
#4 C:/xampp/htdocs/commite/vendor/laravel/framework/src/Illuminate/Database/Query/Builder.php(3676): Illuminate/Database/Query/Builder->{closure:Illuminate/Database/Query/Builder::get():3090}()
#5 C:/xampp/htdocs/commite/vendor/laravel/framework/src/Illuminate/Database/Query/Builder.php(3090): Illuminate/Database/Query/Builder->onceWithColumns()
#6 C:/xampp/htdocs/commite/vendor/laravel/framework/src/Illuminate/Database/Concerns/BuildsQueries.php(343): Illuminate/Database/Query/Builder->get()
#7 C:/xampp/htdocs/commite/vendor/laravel/framework/src/Illuminate/Queue/DatabaseQueue.php(249): Illuminate/Database/Query/Builder->first()
#8 C:/xampp/htdocs/commite/vendor/laravel/framework/src/Illuminate/Queue/DatabaseQueue.php(227): Illuminate/Queue/DatabaseQueue->getNextAvailableJob()
#9 C:/xampp/htdocs/commite/vendor/laravel/framework/src/Illuminate/Database/Concerns/ManagesTransactions.php(32): Illuminate/Queue/DatabaseQueue->{closure:Illuminate/Queue/DatabaseQueue::pop():226}()
#10 C:/xampp/htdocs/commite/vendor/laravel/framework/src/Illuminate/Queue/DatabaseQueue.php(226): Illuminate/Database/Connection->transaction()
#11 C:/xampp/htdocs/commite/vendor/laravel/framework/src/Illuminate/Queue/Worker.php(370): Illuminate/Queue/DatabaseQueue->pop()
#12 C:/xampp/htdocs/commite/vendor/laravel/framework/src/Illuminate/Queue/Worker.php(385): Illuminate/Queue/Worker->{closure:Illuminate/Queue/Worker::getNextJob():369}()
#13 C:/xampp/htdocs/commite/vendor/laravel/framework/src/Illuminate/Queue/Worker.php(175): Illuminate/Queue/Worker->getNextJob()
#14 C:/xampp/htdocs/commite/vendor/laravel/framework/src/Illuminate/Queue/Console/WorkCommand.php(150): Illuminate/Queue/Worker->daemon()
#15 C:/xampp/htdocs/commite/vendor/laravel/framework/src/Illuminate/Queue/Console/WorkCommand.php(133): Illuminate/Queue/Console/WorkCommand->runWorker()
#16 C:/xampp/htdocs/commite/vendor/laravel/framework/src/Illuminate/Container/BoundMethod.php(36): Illuminate/Queue/Console/WorkCommand->handle()
#17 C:/xampp/htdocs/commite/vendor/laravel/framework/src/Illuminate/Container/Util.php(43): Illuminate/Container/BoundMethod::{closure:Illuminate/Container/BoundMethod::call():35}()
#18 C:/xampp/htdocs/commite/vendor/laravel/framework/src/Illuminate/Container/BoundMethod.php(95): Illuminate/Container/Util::unwrapIfClosure()
#19 C:/xampp/htdocs/commite/vendor/laravel/framework/src/Illuminate/Container/BoundMethod.php(35): Illuminate/Container/BoundMethod::callBoundMethod()
#20 C:/xampp/htdocs/commite/vendor/laravel/framework/src/Illuminate/Container/Container.php(696): Illuminate/Container/BoundMethod::call()
#21 C:/xampp/htdocs/commite/vendor/laravel/framework/src/Illuminate/Console/Command.php(213): Illuminate/Container/Container->call()
#22 C:/xampp/htdocs/commite/vendor/symfony/console/Command/Command.php(341): Illuminate/Console/Command->execute()
#23 C:/xampp/htdocs/commite/vendor/laravel/framework/src/Illuminate/Console/Command.php(182): Symfony/Component/Console/Command/Command->run()
#24 C:/xampp/htdocs/commite/vendor/symfony/console/Application.php(1117): Illuminate/Console/Command->run()
#25 C:/xampp/htdocs/commite/vendor/symfony/console/Application.php(356): Symfony/Component/Console/Application->doRunCommand()
#26 C:/xampp/htdocs/commite/vendor/symfony/console/Application.php(195): Symfony/Component/Console/Application->doRun()
#27 C:/xampp/htdocs/commite/vendor/laravel/framework/src/Illuminate/Foundation/Console/Kernel.php(198): Symfony/Component/Console/Application->run()
#28 C:/xampp/htdocs/commite/artisan(12): Illuminate/Foundation/Console/Kernel->handle()
#29 {main}

[previous exception] [object] (PDOException(code: HY000): SQLSTATE[HY000]: General error: 1 no such table: jobs at C:/xampp/htdocs/commite/vendor/laravel/framework/src/Illuminate/Database/Connection.php:407)
[stacktrace]
#0 C:/xampp/htdocs/commite/vendor/laravel/framework/src/Illuminate/Database/Connection.php(407): PDO->prepare()
#1 C:/xampp/htdocs/commite/vendor/laravel/framework/src/Illuminate/Database/Connection.php(812): Illuminate/Database/Connection->{closure:Illuminate/Database/Connection::select():398}()
#2 C:/xampp/htdocs/commite/vendor/laravel/framework/src/Illuminate/Database/Connection.php(779): Illuminate/Database/Connection->runQueryCallback()
#3 C:/xampp/htdocs/commite/vendor/laravel/framework/src/Illuminate/Database/Connection.php(398): Illuminate/Database/Connection->run()
#4 C:/xampp/htdocs/commite/vendor/laravel/framework/src/Illuminate/Database/Query/Builder.php(3106): Illuminate/Database/Connection->select()
#5 C:/xampp/htdocs/commite/vendor/laravel/framework/src/Illuminate/Database/Query/Builder.php(3091): Illuminate/Database/Query/Builder->runSelect()
#6 C:/xampp/htdocs/commite/vendor/laravel/framework/src/Illuminate/Database/Query/Builder.php(3676): Illuminate/Database/Query/Builder->{closure:Illuminate/Database/Query/Builder::get():3090}()
#7 C:/xampp/htdocs/commite/vendor/laravel/framework/src/Illuminate/Database/Query/Builder.php(3090): Illuminate/Database/Query/Builder->onceWithColumns()
#8 C:/xampp/htdocs/commite/vendor/laravel/framework/src/Illuminate/Database/Concerns/BuildsQueries.php(343): Illuminate/Database/Query/Builder->get()
#9 C:/xampp/htdocs/commite/vendor/laravel/framework/src/Illuminate/Queue/DatabaseQueue.php(249): Illuminate/Database/Query/Builder->first()
#10 C:/xampp/htdocs/commite/vendor/laravel/framework/src/Illuminate/Queue/DatabaseQueue.php(227): Illuminate/Queue/DatabaseQueue->getNextAvailableJob()
#11 C:/xampp/htdocs/commite/vendor/laravel/framework/src/Illuminate/Database/Concerns/ManagesTransactions.php(32): Illuminate/Queue/DatabaseQueue->{closure:Illuminate/Queue/DatabaseQueue::pop():226}()
#12 C:/xampp/htdocs/commite/vendor/laravel/framework/src/Illuminate/Queue/DatabaseQueue.php(226): Illuminate/Database/Connection->transaction()
#13 C:/xampp/htdocs/commite/vendor/laravel/framework/src/Illuminate/Queue/Worker.php(370): Illuminate/Queue/DatabaseQueue->pop()
#14 C:/xampp/htdocs/commite/vendor/laravel/framework/src/Illuminate/Queue/Worker.php(385): Illuminate/Queue/Worker->{closure:Illuminate/Queue/Worker::getNextJob():369}()
#15 C:/xampp/htdocs/commite/vendor/laravel/framework/src/Illuminate/Queue/Worker.php(175): Illuminate/Queue/Worker->getNextJob()
#16 C:/xampp/htdocs/commite/vendor/laravel/framework/src/Illuminate/Queue/Console/WorkCommand.php(150): Illuminate/Queue/Worker->daemon()
#17 C:/xampp/htdocs/commite/vendor/laravel/framework/src/Illuminate/Queue/Console/WorkCommand.php(133): Illuminate/Queue/Console/WorkCommand->runWorker()
#18 C:/xampp/htdocs/commite/vendor/laravel/framework/src/Illuminate/Container/BoundMethod.php(36): Illuminate/Queue/Console/WorkCommand->handle()
#19 C:/xampp/htdocs/commite/vendor/laravel/framework/src/Illuminate/Container/Util.php(43): Illuminate/Container/BoundMethod::{closure:Illuminate/Container/BoundMethod::call():35}()
#20 C:/xampp/htdocs/commite/vendor/laravel/framework/src/Illuminate/Container/BoundMethod.php(95): Illuminate/Container/Util::unwrapIfClosure()
#21 C:/xampp/htdocs/commite/vendor/laravel/framework/src/Illuminate/Container/BoundMethod.php(35): Illuminate/Container/BoundMethod::callBoundMethod()
#22 C:/xampp/htdocs/commite/vendor/laravel/framework/src/Illuminate/Container/Container.php(696): Illuminate/Container/BoundMethod::call()
#23 C:/xampp/htdocs/commite/vendor/laravel/framework/src/Illuminate/Console/Command.php(213): Illuminate/Container/Container->call()
#24 C:/xampp/htdocs/commite/vendor/symfony/console/Command/Command.php(341): Illuminate/Console/Command->execute()
#25 C:/xampp/htdocs/commite/vendor/laravel/framework/src/Illuminate/Console/Command.php(182): Symfony/Component/Console/Command/Command->run()
#26 C:/xampp/htdocs/commite/vendor/symfony/console/Application.php(1117): Illuminate/Console/Command->run()
#27 C:/xampp/htdocs/commite/vendor/symfony/console/Application.php(356): Symfony/Component/Console/Application->doRunCommand()
#28 C:/xampp/htdocs/commite/vendor/symfony/console/Application.php(195): Symfony/Component/Console/Application->doRun()
#29 C:/xampp/htdocs/commite/vendor/laravel/framework/src/Illuminate/Foundation/Console/Kernel.php(198): Symfony/Component/Console/Application->run()
#30 C:/xampp/htdocs/commite/artisan(12): Illuminate/Foundation/Console/Kernel->handle()
#31 {main}
"} 
[2026-08-26 04:54:49] local.ERROR: SQLSTATE[HY000]: General error: 1 no such table: jobs (Connection: central, SQL: select * from "jobs" where "queue" = default and (("reserved_at" is null and "available_at" <= 1787720089) or ("reserved_at" <= 1787719999)) order by "id" asc limit 1) {"exception":"[object] (Illuminate\\Database\\QueryException(code: HY000): SQLSTATE[HY000]: General error: 1 no such table: jobs (Connection: central, SQL: select * from \"jobs\" where \"queue\" = default and ((\"reserved_at\" is null and \"available_at\" <= 1787720089) or (\"reserved_at\" <= 1787719999)) order by \"id\" asc limit 1) at C:/xampp/htdocs/commite/vendor/laravel/framework/src/Illuminate/Database/Connection.php:825)
[stacktrace]
#0 C:/xampp/htdocs/commite/vendor/laravel/framework/src/Illuminate/Database/Connection.php(779): Illuminate/Database/Connection->runQueryCallback()
#1 C:/xampp/htdocs/commite/vendor/laravel/framework/src/Illuminate/Database/Connection.php(398): Illuminate/Database/Connection->run()
#2 C:/xampp/htdocs/commite/vendor/laravel/framework/src/Illuminate/Database/Query/Builder.php(3106): Illuminate/Database/Connection->select()
#3 C:/xampp/htdocs/commite/vendor/laravel/framework/src/Illuminate/Database/Query/Builder.php(3091): Illuminate/Database/Query/Builder->runSelect()
#4 C:/xampp/htdocs/commite/vendor/laravel/framework/src/Illuminate/Database/Query/Builder.php(3676): Illuminate/Database/Query/Builder->{closure:Illuminate/Database/Query/Builder::get():3090}()
#5 C:/xampp/htdocs/commite/vendor/laravel/framework/src/Illuminate/Database/Query/Builder.php(3090): Illuminate/Database/Query/Builder->onceWithColumns()
#6 C:/xampp/htdocs/commite/vendor/laravel/framework/src/Illuminate/Database/Concerns/BuildsQueries.php(343): Illuminate/Database/Query/Builder->get()
#7 C:/xampp/htdocs/commite/vendor/laravel/framework/src/Illuminate/Queue/DatabaseQueue.php(249): Illuminate/Database/Query/Builder->first()
#8 C:/xampp/htdocs/commite/vendor/laravel/framework/src/Illuminate/Queue/DatabaseQueue.php(227): Illuminate/Queue/DatabaseQueue->getNextAvailableJob()
#9 C:/xampp/htdocs/commite/vendor/laravel/framework/src/Illuminate/Database/Concerns/ManagesTransactions.php(32): Illuminate/Queue/DatabaseQueue->{closure:Illuminate/Queue/DatabaseQueue::pop():226}()
#10 C:/xampp/htdocs/commite/vendor/laravel/framework/src/Illuminate/Queue/DatabaseQueue.php(226): Illuminate/Database/Connection->transaction()
#11 C:/xampp/htdocs/commite/vendor/laravel/framework/src/Illuminate/Queue/Worker.php(370): Illuminate/Queue/DatabaseQueue->pop()
#12 C:/xampp/htdocs/commite/vendor/laravel/framework/src/Illuminate/Queue/Worker.php(385): Illuminate/Queue/Worker->{closure:Illuminate/Queue/Worker::getNextJob():369}()
#13 C:/xampp/htdocs/commite/vendor/laravel/framework/src/Illuminate/Queue/Worker.php(175): Illuminate/Queue/Worker->getNextJob()
#14 C:/xampp/htdocs/commite/vendor/laravel/framework/src/Illuminate/Queue/Console/WorkCommand.php(150): Illuminate/Queue/Worker->daemon()
#15 C:/xampp/htdocs/commite/vendor/laravel/framework/src/Illuminate/Queue/Console/WorkCommand.php(133): Illuminate/Queue/Console/WorkCommand->runWorker()
#16 C:/xampp/htdocs/commite/vendor/laravel/framework/src/Illuminate/Container/BoundMethod.php(36): Illuminate/Queue/Console/WorkCommand->handle()
#17 C:/xampp/htdocs/commite/vendor/laravel/framework/src/Illuminate/Container/Util.php(43): Illuminate/Container/BoundMethod::{closure:Illuminate/Container/BoundMethod::call():35}()
#18 C:/xampp/htdocs/commite/vendor/laravel/framework/src/Illuminate/Container/BoundMethod.php(95): Illuminate/Container/Util::unwrapIfClosure()
#19 C:/xampp/htdocs/commite/vendor/laravel/framework/src/Illuminate/Container/BoundMethod.php(35): Illuminate/Container/BoundMethod::callBoundMethod()
#20 C:/xampp/htdocs/commite/vendor/laravel/framework/src/Illuminate/Container/Container.php(696): Illuminate/Container/BoundMethod::call()
#21 C:/xampp/htdocs/commite/vendor/laravel/framework/src/Illuminate/Console/Command.php(213): Illuminate/Container/Container->call()
#22 C:/xampp/htdocs/commite/vendor/symfony/console/Command/Command.php(341): Illuminate/Console/Command->execute()
#23 C:/xampp/htdocs/commite/vendor/laravel/framework/src/Illuminate/Console/Command.php(182): Symfony/Component/Console/Command/Command->run()
#24 C:/xampp/htdocs/commite/vendor/symfony/console/Application.php(1117): Illuminate/Console/Command->run()
#25 C:/xampp/htdocs/commite/vendor/symfony/console/Application.php(356): Symfony/Component/Console/Application->doRunCommand()
#26 C:/xampp/htdocs/commite/vendor/symfony/console/Application.php(195): Symfony/Component/Console/Application->doRun()
#27 C:/xampp/htdocs/commite/vendor/laravel/framework/src/Illuminate/Foundation/Console/Kernel.php(198): Symfony/Component/Console/Application->run()
#28 C:/xampp/htdocs/commite/artisan(12): Illuminate/Foundation/Console/Kernel->handle()
#29 {main}

[previous exception] [object] (PDOException(code: HY000): SQLSTATE[HY000]: General error: 1 no such table: jobs at C:/xampp/htdocs/commite/vendor/laravel/framework/src/Illuminate/Database/Connection.php:407)
[stacktrace]
#0 C:/xampp/htdocs/commite/vendor/laravel/framework/src/Illuminate/Database/Connection.php(407): PDO->prepare()
#1 C:/xampp/htdocs/commite/vendor/laravel/framework/src/Illuminate/Database/Connection.php(812): Illuminate/Database/Connection->{closure:Illuminate/Database/Connection::select():398}()
#2 C:/xampp/htdocs/commite/vendor/laravel/framework/src/Illuminate/Database/Connection.php(779): Illuminate/Database/Connection->runQueryCallback()
#3 C:/xampp/htdocs/commite/vendor/laravel/framework/src/Illuminate/Database/Connection.php(398): Illuminate/Database/Connection->run()
#4 C:/xampp/htdocs/commite/vendor/laravel/framework/src/Illuminate/Database/Query/Builder.php(3106): Illuminate/Database/Connection->select()
#5 C:/xampp/htdocs/commite/vendor/laravel/framework/src/Illuminate/Database/Query/Builder.php(3091): Illuminate/Database/Query/Builder->runSelect()
#6 C:/xampp/htdocs/commite/vendor/laravel/framework/src/Illuminate/Database/Query/Builder.php(3676): Illuminate/Database/Query/Builder->{closure:Illuminate/Database/Query/Builder::get():3090}()
#7 C:/xampp/htdocs/commite/vendor/laravel/framework/src/Illuminate/Database/Query/Builder.php(3090): Illuminate/Database/Query/Builder->onceWithColumns()
#8 C:/xampp/htdocs/commite/vendor/laravel/framework/src/Illuminate/Database/Concerns/BuildsQueries.php(343): Illuminate/Database/Query/Builder->get()
#9 C:/xampp/htdocs/commite/vendor/laravel/framework/src/Illuminate/Queue/DatabaseQueue.php(249): Illuminate/Database/Query/Builder->first()
#10 C:/xampp/htdocs/commite/vendor/laravel/framework/src/Illuminate/Queue/DatabaseQueue.php(227): Illuminate/Queue/DatabaseQueue->getNextAvailableJob()
#11 C:/xampp/htdocs/commite/vendor/laravel/framework/src/Illuminate/Database/Concerns/ManagesTransactions.php(32): Illuminate/Queue/DatabaseQueue->{closure:Illuminate/Queue/DatabaseQueue::pop():226}()
#12 C:/xampp/htdocs/commite/vendor/laravel/framework/src/Illuminate/Queue/DatabaseQueue.php(226): Illuminate/Database/Connection->transaction()
#13 C:/xampp/htdocs/commite/vendor/laravel/framework/src/Illuminate/Queue/Worker.php(370): Illuminate/Queue/DatabaseQueue->pop()
#14 C:/xampp/htdocs/commite/vendor/laravel/framework/src/Illuminate/Queue/Worker.php(385): Illuminate/Queue/Worker->{closure:Illuminate/Queue/Worker::getNextJob():369}()
#15 C:/xampp/htdocs/commite/vendor/laravel/framework/src/Illuminate/Queue/Worker.php(175): Illuminate/Queue/Worker->getNextJob()
#16 C:/xampp/htdocs/commite/vendor/laravel/framework/src/Illuminate/Queue/Console/WorkCommand.php(150): Illuminate/Queue/Worker->daemon()
#17 C:/xampp/htdocs/commite/vendor/laravel/framework/src/Illuminate/Queue/Console/WorkCommand.php(133): Illuminate/Queue/Console/WorkCommand->runWorker()
#18 C:/xampp/htdocs/commite/vendor/laravel/framework/src/Illuminate/Container/BoundMethod.php(36): Illuminate/Queue/Console/WorkCommand->handle()
#19 C:/xampp/htdocs/commite/vendor/laravel/framework/src/Illuminate/Container/Util.php(43): Illuminate/Container/BoundMethod::{closure:Illuminate/Container/BoundMethod::call():35}()
#20 C:/xampp/htdocs/commite/vendor/laravel/framework/src/Illuminate/Container/BoundMethod.php(95): Illuminate/Container/Util::unwrapIfClosure()
#21 C:/xampp/htdocs/commite/vendor/laravel/framework/src/Illuminate/Container/BoundMethod.php(35): Illuminate/Container/BoundMethod::callBoundMethod()
#22 C:/xampp/htdocs/commite/vendor/laravel/framework/src/Illuminate/Container/Container.php(696): Illuminate/Container/BoundMethod::call()
#23 C:/xampp/htdocs/commite/vendor/laravel/framework/src/Illuminate/Console/Command.php(213): Illuminate/Container/Container->call()
#24 C:/xampp/htdocs/commite/vendor/symfony/console/Command/Command.php(341): Illuminate/Console/Command->execute()
#25 C:/xampp/htdocs/commite/vendor/laravel/framework/src/Illuminate/Console/Command.php(182): Symfony/Component/Console/Command/Command->run()
#26 C:/xampp/htdocs/commite/vendor/symfony/console/Application.php(1117): Illuminate/Console/Command->run()
#27 C:/xampp/htdocs/commite/vendor/symfony/console/Application.php(356): Symfony/Component/Console/Application->doRunCommand()
#28 C:/xampp/htdocs/commite/vendor/symfony/console/Application.php(195): Symfony/Component/Console/Application->doRun()
#29 C:/xampp/htdocs/commite/vendor/laravel/framework/src/Illuminate/Foundation/Console/Kernel.php(198): Symfony/Component/Console/Application->run()
#30 C:/xampp/htdocs/commite/artisan(12): Illuminate/Foundation/Console/Kernel->handle()
#31 {main}
"} 
[2026-08-26 04:54:53] local.ERROR: SQLSTATE[HY000]: General error: 1 no such table: jobs (Connection: central, SQL: select * from "jobs" where "queue" = default and (("reserved_at" is null and "available_at" <= 1787720093) or ("reserved_at" <= 1787720003)) order by "id" asc limit 1) {"exception":"[object] (Illuminate\\Database\\QueryException(code: HY000): SQLSTATE[HY000]: General error: 1 no such table: jobs (Connection: central, SQL: select * from \"jobs\" where \"queue\" = default and ((\"reserved_at\" is null and \"available_at\" <= 1787720093) or (\"reserved_at\" <= 1787720003)) order by \"id\" asc limit 1) at C:/xampp/htdocs/commite/vendor/laravel/framework/src/Illuminate/Database/Connection.php:825)
[stacktrace]
#0 C:/xampp/htdocs/commite/vendor/laravel/framework/src/Illuminate/Database/Connection.php(779): Illuminate/Database/Connection->runQueryCallback()
#1 C:/xampp/htdocs/commite/vendor/laravel/framework/src/Illuminate/Database/Connection.php(398): Illuminate/Database/Connection->run()
#2 C:/xampp/htdocs/commite/vendor/laravel/framework/src/Illuminate/Database/Query/Builder.php(3106): Illuminate/Database/Connection->select()
#3 C:/xampp/htdocs/commite/vendor/laravel/framework/src/Illuminate/Database/Query/Builder.php(3091): Illuminate/Database/Query/Builder->runSelect()
#4 C:/xampp/htdocs/commite/vendor/laravel/framework/src/Illuminate/Database/Query/Builder.php(3676): Illuminate/Database/Query/Builder->{closure:Illuminate/Database/Query/Builder::get():3090}()
#5 C:/xampp/htdocs/commite/vendor/laravel/framework/src/Illuminate/Database/Query/Builder.php(3090): Illuminate/Database/Query/Builder->onceWithColumns()
#6 C:/xampp/htdocs/commite/vendor/laravel/framework/src/Illuminate/Database/Concerns/BuildsQueries.php(343): Illuminate/Database/Query/Builder->get()
#7 C:/xampp/htdocs/commite/vendor/laravel/framework/src/Illuminate/Queue/DatabaseQueue.php(249): Illuminate/Database/Query/Builder->first()
#8 C:/xampp/htdocs/commite/vendor/laravel/framework/src/Illuminate/Queue/DatabaseQueue.php(227): Illuminate/Queue/DatabaseQueue->getNextAvailableJob()
#9 C:/xampp/htdocs/commite/vendor/laravel/framework/src/Illuminate/Database/Concerns/ManagesTransactions.php(32): Illuminate/Queue/DatabaseQueue->{closure:Illuminate/Queue/DatabaseQueue::pop():226}()
#10 C:/xampp/htdocs/commite/vendor/laravel/framework/src/Illuminate/Queue/DatabaseQueue.php(226): Illuminate/Database/Connection->transaction()
#11 C:/xampp/htdocs/commite/vendor/laravel/framework/src/Illuminate/Queue/Worker.php(370): Illuminate/Queue/DatabaseQueue->pop()
#12 C:/xampp/htdocs/commite/vendor/laravel/framework/src/Illuminate/Queue/Worker.php(385): Illuminate/Queue/Worker->{closure:Illuminate/Queue/Worker::getNextJob():369}()
#13 C:/xampp/htdocs/commite/vendor/laravel/framework/src/Illuminate/Queue/Worker.php(175): Illuminate/Queue/Worker->getNextJob()
#14 C:/xampp/htdocs/commite/vendor/laravel/framework/src/Illuminate/Queue/Console/WorkCommand.php(150): Illuminate/Queue/Worker->daemon()
#15 C:/xampp/htdocs/commite/vendor/laravel/framework/src/Illuminate/Queue/Console/WorkCommand.php(133): Illuminate/Queue/Console/WorkCommand->runWorker()
#16 C:/xampp/htdocs/commite/vendor/laravel/framework/src/Illuminate/Container/BoundMethod.php(36): Illuminate/Queue/Console/WorkCommand->handle()
#17 C:/xampp/htdocs/commite/vendor/laravel/framework/src/Illuminate/Container/Util.php(43): Illuminate/Container/BoundMethod::{closure:Illuminate/Container/BoundMethod::call():35}()
#18 C:/xampp/htdocs/commite/vendor/laravel/framework/src/Illuminate/Container/BoundMethod.php(95): Illuminate/Container/Util::unwrapIfClosure()
#19 C:/xampp/htdocs/commite/vendor/laravel/framework/src/Illuminate/Container/BoundMethod.php(35): Illuminate/Container/BoundMethod::callBoundMethod()
#20 C:/xampp/htdocs/commite/vendor/laravel/framework/src/Illuminate/Container/Container.php(696): Illuminate/Container/BoundMethod::call()
#21 C:/xampp/htdocs/commite/vendor/laravel/framework/src/Illuminate/Console/Command.php(213): Illuminate/Container/Container->call()
#22 C:/xampp/htdocs/commite/vendor/symfony/console/Command/Command.php(341): Illuminate/Console/Command->execute()
#23 C:/xampp/htdocs/commite/vendor/laravel/framework/src/Illuminate/Console/Command.php(182): Symfony/Component/Console/Command/Command->run()
#24 C:/xampp/htdocs/commite/vendor/symfony/console/Application.php(1117): Illuminate/Console/Command->run()
#25 C:/xampp/htdocs/commite/vendor/symfony/console/Application.php(356): Symfony/Component/Console/Application->doRunCommand()
#26 C:/xampp/htdocs/commite/vendor/symfony/console/Application.php(195): Symfony/Component/Console/Application->doRun()
#27 C:/xampp/htdocs/commite/vendor/laravel/framework/src/Illuminate/Foundation/Console/Kernel.php(198): Symfony/Component/Console/Application->run()
#28 C:/xampp/htdocs/commite/artisan(12): Illuminate/Foundation/Console/Kernel->handle()
#29 {main}

[previous exception] [object] (PDOException(code: HY000): SQLSTATE[HY000]: General error: 1 no such table: jobs at C:/xampp/htdocs/commite/vendor/laravel/framework/src/Illuminate/Database/Connection.php:407)
[stacktrace]
#0 C:/xampp/htdocs/commite/vendor/laravel/framework/src/Illuminate/Database/Connection.php(407): PDO->prepare()
#1 C:/xampp/htdocs/commite/vendor/laravel/framework/src/Illuminate/Database/Connection.php(812): Illuminate/Database/Connection->{closure:Illuminate/Database/Connection::select():398}()
#2 C:/xampp/htdocs/commite/vendor/laravel/framework/src/Illuminate/Database/Connection.php(779): Illuminate/Database/Connection->runQueryCallback()
#3 C:/xampp/htdocs/commite/vendor/laravel/framework/src/Illuminate/Database/Connection.php(398): Illuminate/Database/Connection->run()
#4 C:/xampp/htdocs/commite/vendor/laravel/framework/src/Illuminate/Database/Query/Builder.php(3106): Illuminate/Database/Connection->select()
#5 C:/xampp/htdocs/commite/vendor/laravel/framework/src/Illuminate/Database/Query/Builder.php(3091): Illuminate/Database/Query/Builder->runSelect()
#6 C:/xampp/htdocs/commite/vendor/laravel/framework/src/Illuminate/Database/Query/Builder.php(3676): Illuminate/Database/Query/Builder->{closure:Illuminate/Database/Query/Builder::get():3090}()
#7 C:/xampp/htdocs/commite/vendor/laravel/framework/src/Illuminate/Database/Query/Builder.php(3090): Illuminate/Database/Query/Builder->onceWithColumns()
#8 C:/xampp/htdocs/commite/vendor/laravel/framework/src/Illuminate/Database/Concerns/BuildsQueries.php(343): Illuminate/Database/Query/Builder->get()
#9 C:/xampp/htdocs/commite/vendor/laravel/framework/src/Illuminate/Queue/DatabaseQueue.php(249): Illuminate/Database/Query/Builder->first()
#10 C:/xampp/htdocs/commite/vendor/laravel/framework/src/Illuminate/Queue/DatabaseQueue.php(227): Illuminate/Queue/DatabaseQueue->getNextAvailableJob()
#11 C:/xampp/htdocs/commite/vendor/laravel/framework/src/Illuminate/Database/Concerns/ManagesTransactions.php(32): Illuminate/Queue/DatabaseQueue->{closure:Illuminate/Queue/DatabaseQueue::pop():226}()
#12 C:/xampp/htdocs/commite/vendor/laravel/framework/src/Illuminate/Queue/DatabaseQueue.php(226): Illuminate/Database/Connection->transaction()
#13 C:/xampp/htdocs/commite/vendor/laravel/framework/src/Illuminate/Queue/Worker.php(370): Illuminate/Queue/DatabaseQueue->pop()
#14 C:/xampp/htdocs/commite/vendor/laravel/framework/src/Illuminate/Queue/Worker.php(385): Illuminate/Queue/Worker->{closure:Illuminate/Queue/Worker::getNextJob():369}()
#15 C:/xampp/htdocs/commite/vendor/laravel/framework/src/Illuminate/Queue/Worker.php(175): Illuminate/Queue/Worker->getNextJob()
#16 C:/xampp/htdocs/commite/vendor/laravel/framework/src/Illuminate/Queue/Console/WorkCommand.php(150): Illuminate/Queue/Worker->daemon()
#17 C:/xampp/htdocs/commite/vendor/laravel/framework/src/Illuminate/Queue/Console/WorkCommand.php(133): Illuminate/Queue/Console/WorkCommand->runWorker()
#18 C:/xampp/htdocs/commite/vendor/laravel/framework/src/Illuminate/Container/BoundMethod.php(36): Illuminate/Queue/Console/WorkCommand->handle()
#19 C:/xampp/htdocs/commite/vendor/laravel/framework/src/Illuminate/Container/Util.php(43): Illuminate/Container/BoundMethod::{closure:Illuminate/Container/BoundMethod::call():35}()
#20 C:/xampp/htdocs/commite/vendor/laravel/framework/src/Illuminate/Container/BoundMethod.php(95): Illuminate/Container/Util::unwrapIfClosure()
#21 C:/xampp/htdocs/commite/vendor/laravel/framework/src/Illuminate/Container/BoundMethod.php(35): Illuminate/Container/BoundMethod::callBoundMethod()
#22 C:/xampp/htdocs/commite/vendor/laravel/framework/src/Illuminate/Container/Container.php(696): Illuminate/Container/BoundMethod::call()
#23 C:/xampp/htdocs/commite/vendor/laravel/framework/src/Illuminate/Console/Command.php(213): Illuminate/Container/Container->call()
#24 C:/xampp/htdocs/commite/vendor/symfony/console/Command/Command.php(341): Illuminate/Console/Command->execute()
#25 C:/xampp/htdocs/commite/vendor/laravel/framework/src/Illuminate/Console/Command.php(182): Symfony/Component/Console/Command/Command->run()
#26 C:/xampp/htdocs/commite/vendor/symfony/console/Application.php(1117): Illuminate/Console/Command->run()
#27 C:/xampp/htdocs/commite/vendor/symfony/console/Application.php(356): Symfony/Component/Console/Application->doRunCommand()
#28 C:/xampp/htdocs/commite/vendor/symfony/console/Application.php(195): Symfony/Component/Console/Application->doRun()
#29 C:/xampp/htdocs/commite/vendor/laravel/framework/src/Illuminate/Foundation/Console/Kernel.php(198): Symfony/Component/Console/Application->run()
#30 C:/xampp/htdocs/commite/artisan(12): Illuminate/Foundation/Console/Kernel->handle()
#31 {main}
"} 
[2026-08-26 04:54:57] local.ERROR: SQLSTATE[HY000]: General error: 1 no such table: jobs (Connection: central, SQL: select * from "jobs" where "queue" = default and (("reserved_at" is null and "available_at" <= 1787720097) or ("reserved_at" <= 1787720007)) order by "id" asc limit 1) {"exception":"[object] (Illuminate\\Database\\QueryException(code: HY000): SQLSTATE[HY000]: General error: 1 no such table: jobs (Connection: central, SQL: select * from \"jobs\" where \"queue\" = default and ((\"reserved_at\" is null and \"available_at\" <= 1787720097) or (\"reserved_at\" <= 1787720007)) order by \"id\" asc limit 1) at C:/xampp/htdocs/commite/vendor/laravel/framework/src/Illuminate/Database/Connection.php:825)
[stacktrace]
#0 C:/xampp/htdocs/commite/vendor/laravel/framework/src/Illuminate/Database/Connection.php(779): Illuminate/Database/Connection->runQueryCallback()
#1 C:/xampp/htdocs/commite/vendor/laravel/framework/src/Illuminate/Database/Connection.php(398): Illuminate/Database/Connection->run()
#2 C:/xampp/htdocs/commite/vendor/laravel/framework/src/Illuminate/Database/Query/Builder.php(3106): Illuminate/Database/Connection->select()
#3 C:/xampp/htdocs/commite/vendor/laravel/framework/src/Illuminate/Database/Query/Builder.php(3091): Illuminate/Database/Query/Builder->runSelect()
#4 C:/xampp/htdocs/commite/vendor/laravel/framework/src/Illuminate/Database/Query/Builder.php(3676): Illuminate/Database/Query/Builder->{closure:Illuminate/Database/Query/Builder::get():3090}()
#5 C:/xampp/htdocs/commite/vendor/laravel/framework/src/Illuminate/Database/Query/Builder.php(3090): Illuminate/Database/Query/Builder->onceWithColumns()
#6 C:/xampp/htdocs/commite/vendor/laravel/framework/src/Illuminate/Database/Concerns/BuildsQueries.php(343): Illuminate/Database/Query/Builder->get()
#7 C:/xampp/htdocs/commite/vendor/laravel/framework/src/Illuminate/Queue/DatabaseQueue.php(249): Illuminate/Database/Query/Builder->first()
#8 C:/xampp/htdocs/commite/vendor/laravel/framework/src/Illuminate/Queue/DatabaseQueue.php(227): Illuminate/Queue/DatabaseQueue->getNextAvailableJob()
#9 C:/xampp/htdocs/commite/vendor/laravel/framework/src/Illuminate/Database/Concerns/ManagesTransactions.php(32): Illuminate/Queue/DatabaseQueue->{closure:Illuminate/Queue/DatabaseQueue::pop():226}()
#10 C:/xampp/htdocs/commite/vendor/laravel/framework/src/Illuminate/Queue/DatabaseQueue.php(226): Illuminate/Database/Connection->transaction()
#11 C:/xampp/htdocs/commite/vendor/laravel/framework/src/Illuminate/Queue/Worker.php(370): Illuminate/Queue/DatabaseQueue->pop()
#12 C:/xampp/htdocs/commite/vendor/laravel/framework/src/Illuminate/Queue/Worker.php(385): Illuminate/Queue/Worker->{closure:Illuminate/Queue/Worker::getNextJob():369}()
#13 C:/xampp/htdocs/commite/vendor/laravel/framework/src/Illuminate/Queue/Worker.php(175): Illuminate/Queue/Worker->getNextJob()
#14 C:/xampp/htdocs/commite/vendor/laravel/framework/src/Illuminate/Queue/Console/WorkCommand.php(150): Illuminate/Queue/Worker->daemon()
#15 C:/xampp/htdocs/commite/vendor/laravel/framework/src/Illuminate/Queue/Console/WorkCommand.php(133): Illuminate/Queue/Console/WorkCommand->runWorker()
#16 C:/xampp/htdocs/commite/vendor/laravel/framework/src/Illuminate/Container/BoundMethod.php(36): Illuminate/Queue/Console/WorkCommand->handle()
#17 C:/xampp/htdocs/commite/vendor/laravel/framework/src/Illuminate/Container/Util.php(43): Illuminate/Container/BoundMethod::{closure:Illuminate/Container/BoundMethod::call():35}()
#18 C:/xampp/htdocs/commite/vendor/laravel/framework/src/Illuminate/Container/BoundMethod.php(95): Illuminate/Container/Util::unwrapIfClosure()
#19 C:/xampp/htdocs/commite/vendor/laravel/framework/src/Illuminate/Container/BoundMethod.php(35): Illuminate/Container/BoundMethod::callBoundMethod()
#20 C:/xampp/htdocs/commite/vendor/laravel/framework/src/Illuminate/Container/Container.php(696): Illuminate/Container/BoundMethod::call()
#21 C:/xampp/htdocs/commite/vendor/laravel/framework/src/Illuminate/Console/Command.php(213): Illuminate/Container/Container->call()
#22 C:/xampp/htdocs/commite/vendor/symfony/console/Command/Command.php(341): Illuminate/Console/Command->execute()
#23 C:/xampp/htdocs/commite/vendor/laravel/framework/src/Illuminate/Console/Command.php(182): Symfony/Component/Console/Command/Command->run()
#24 C:/xampp/htdocs/commite/vendor/symfony/console/Application.php(1117): Illuminate/Console/Command->run()
#25 C:/xampp/htdocs/commite/vendor/symfony/console/Application.php(356): Symfony/Component/Console/Application->doRunCommand()
#26 C:/xampp/htdocs/commite/vendor/symfony/console/Application.php(195): Symfony/Component/Console/Application->doRun()
#27 C:/xampp/htdocs/commite/vendor/laravel/framework/src/Illuminate/Foundation/Console/Kernel.php(198): Symfony/Component/Console/Application->run()
#28 C:/xampp/htdocs/commite/artisan(12): Illuminate/Foundation/Console/Kernel->handle()
#29 {main}

[previous exception] [object] (PDOException(code: HY000): SQLSTATE[HY000]: General error: 1 no such table: jobs at C:/xampp/htdocs/commite/vendor/laravel/framework/src/Illuminate/Database/Connection.php:407)
[stacktrace]
#0 C:/xampp/htdocs/commite/vendor/laravel/framework/src/Illuminate/Database/Connection.php(407): PDO->prepare()
#1 C:/xampp/htdocs/commite/vendor/laravel/framework/src/Illuminate/Database/Connection.php(812): Illuminate/Database/Connection->{closure:Illuminate/Database/Connection::select():398}()
#2 C:/xampp/htdocs/commite/vendor/laravel/framework/src/Illuminate/Database/Connection.php(779): Illuminate/Database/Connection->runQueryCallback()
#3 C:/xampp/htdocs/commite/vendor/laravel/framework/src/Illuminate/Database/Connection.php(398): Illuminate/Database/Connection->run()
#4 C:/xampp/htdocs/commite/vendor/laravel/framework/src/Illuminate/Database/Query/Builder.php(3106): Illuminate/Database/Connection->select()
#5 C:/xampp/htdocs/commite/vendor/laravel/framework/src/Illuminate/Database/Query/Builder.php(3091): Illuminate/Database/Query/Builder->runSelect()
#6 C:/xampp/htdocs/commite/vendor/laravel/framework/src/Illuminate/Database/Query/Builder.php(3676): Illuminate/Database/Query/Builder->{closure:Illuminate/Database/Query/Builder::get():3090}()
#7 C:/xampp/htdocs/commite/vendor/laravel/framework/src/Illuminate/Database/Query/Builder.php(3090): Illuminate/Database/Query/Builder->onceWithColumns()
#8 C:/xampp/htdocs/commite/vendor/laravel/framework/src/Illuminate/Database/Concerns/BuildsQueries.php(343): Illuminate/Database/Query/Builder->get()
#9 C:/xampp/htdocs/commite/vendor/laravel/framework/src/Illuminate/Queue/DatabaseQueue.php(249): Illuminate/Database/Query/Builder->first()
#10 C:/xampp/htdocs/commite/vendor/laravel/framework/src/Illuminate/Queue/DatabaseQueue.php(227): Illuminate/Queue/DatabaseQueue->getNextAvailableJob()
#11 C:/xampp/htdocs/commite/vendor/laravel/framework/src/Illuminate/Database/Concerns/ManagesTransactions.php(32): Illuminate/Queue/DatabaseQueue->{closure:Illuminate/Queue/DatabaseQueue::pop():226}()
#12 C:/xampp/htdocs/commite/vendor/laravel/framework/src/Illuminate/Queue/DatabaseQueue.php(226): Illuminate/Database/Connection->transaction()
#13 C:/xampp/htdocs/commite/vendor/laravel/framework/src/Illuminate/Queue/Worker.php(370): Illuminate/Queue/DatabaseQueue->pop()
#14 C:/xampp/htdocs/commite/vendor/laravel/framework/src/Illuminate/Queue/Worker.php(385): Illuminate/Queue/Worker->{closure:Illuminate/Queue/Worker::getNextJob():369}()
#15 C:/xampp/htdocs/commite/vendor/laravel/framework/src/Illuminate/Queue/Worker.php(175): Illuminate/Queue/Worker->getNextJob()
#16 C:/xampp/htdocs/commite/vendor/laravel/framework/src/Illuminate/Queue/Console/WorkCommand.php(150): Illuminate/Queue/Worker->daemon()
#17 C:/xampp/htdocs/commite/vendor/laravel/framework/src/Illuminate/Queue/Console/WorkCommand.php(133): Illuminate/Queue/Console/WorkCommand->runWorker()
#18 C:/xampp/htdocs/commite/vendor/laravel/framework/src/Illuminate/Container/BoundMethod.php(36): Illuminate/Queue/Console/WorkCommand->handle()
#19 C:/xampp/htdocs/commite/vendor/laravel/framework/src/Illuminate/Container/Util.php(43): Illuminate/Container/BoundMethod::{closure:Illuminate/Container/BoundMethod::call():35}()
#20 C:/xampp/htdocs/commite/vendor/laravel/framework/src/Illuminate/Container/BoundMethod.php(95): Illuminate/Container/Util::unwrapIfClosure()
#21 C:/xampp/htdocs/commite/vendor/laravel/framework/src/Illuminate/Container/BoundMethod.php(35): Illuminate/Container/BoundMethod::callBoundMethod()
#22 C:/xampp/htdocs/commite/vendor/laravel/framework/src/Illuminate/Container/Container.php(696): Illuminate/Container/BoundMethod::call()
#23 C:/xampp/htdocs/commite/vendor/laravel/framework/src/Illuminate/Console/Command.php(213): Illuminate/Container/Container->call()
#24 C:/xampp/htdocs/commite/vendor/symfony/console/Command/Command.php(341): Illuminate/Console/Command->execute()
#25 C:/xampp/htdocs/commite/vendor/laravel/framework/src/Illuminate/Console/Command.php(182): Symfony/Component/Console/Command/Command->run()
#26 C:/xampp/htdocs/commite/vendor/symfony/console/Application.php(1117): Illuminate/Console/Command->run()
#27 C:/xampp/htdocs/commite/vendor/symfony/console/Application.php(356): Symfony/Component/Console/Application->doRunCommand()
#28 C:/xampp/htdocs/commite/vendor/symfony/console/Application.php(195): Symfony/Component/Console/Application->doRun()
#29 C:/xampp/htdocs/commite/vendor/laravel/framework/src/Illuminate/Foundation/Console/Kernel.php(198): Symfony/Component/Console/Application->run()
#30 C:/xampp/htdocs/commite/artisan(12): Illuminate/Foundation/Console/Kernel->handle()
#31 {main}
"} 
[2026-08-26 04:54:59] local.ERROR: SQLSTATE[HY000]: General error: 1 no such table: tenants (Connection: central, SQL: select exists(select * from "tenants" where "slug" = subnano) as "exists") {"exception":"[object] (Illuminate\\Database\\QueryException(code: HY000): SQLSTATE[HY000]: General error: 1 no such table: tenants (Connection: central, SQL: select exists(select * from \"tenants\" where \"slug\" = subnano) as \"exists\") at C:/xampp/htdocs/commite/vendor/laravel/framework/src/Illuminate/Database/Connection.php:825)
[stacktrace]
#0 C:/xampp/htdocs/commite/vendor/laravel/framework/src/Illuminate/Database/Connection.php(779): Illuminate/Database/Connection->runQueryCallback()
#1 C:/xampp/htdocs/commite/vendor/laravel/framework/src/Illuminate/Database/Connection.php(398): Illuminate/Database/Connection->run()
#2 C:/xampp/htdocs/commite/vendor/laravel/framework/src/Illuminate/Database/Query/Builder.php(3477): Illuminate/Database/Connection->select()
#3 C:/xampp/htdocs/commite/vendor/laravel/framework/src/Illuminate/Database/Eloquent/Builder.php(2120): Illuminate/Database/Query/Builder->exists()
#4 C:/xampp/htdocs/commite/app/Http/Controllers/Onboarding/CreatePlatformController.php(162): Illuminate/Database/Eloquent/Builder->__call()
#5 C:/xampp/htdocs/commite/app/Http/Controllers/Onboarding/CreatePlatformController.php(175): App/Http/Controllers/Onboarding/CreatePlatformController->slugAvailable()
#6 C:/xampp/htdocs/commite/app/Http/Controllers/Onboarding/CreatePlatformController.php(42): App/Http/Controllers/Onboarding/CreatePlatformController->suggestSlug()
#7 C:/xampp/htdocs/commite/vendor/laravel/framework/src/Illuminate/Routing/Controller.php(54): App/Http/Controllers/Onboarding/CreatePlatformController->step1Store()
#8 C:/xampp/htdocs/commite/vendor/laravel/framework/src/Illuminate/Routing/ControllerDispatcher.php(44): Illuminate/Routing/Controller->callAction()
#9 C:/xampp/htdocs/commite/vendor/laravel/framework/src/Illuminate/Routing/Route.php(266): Illuminate/Routing/ControllerDispatcher->dispatch()
#10 C:/xampp/htdocs/commite/vendor/laravel/framework/src/Illuminate/Routing/Route.php(212): Illuminate/Routing/Route->runController()
#11 C:/xampp/htdocs/commite/vendor/laravel/framework/src/Illuminate/Routing/Router.php(808): Illuminate/Routing/Route->run()
#12 C:/xampp/htdocs/commite/vendor/laravel/framework/src/Illuminate/Pipeline/Pipeline.php(170): Illuminate/Routing/Router->{closure:Illuminate/Routing/Router::runRouteWithinStack():807}()
#13 C:/xampp/htdocs/commite/vendor/laravel/framework/src/Illuminate/Routing/Middleware/SubstituteBindings.php(51): Illuminate/Pipeline/Pipeline->{closure:Illuminate/Pipeline/Pipeline::prepareDestination():168}()
#14 C:/xampp/htdocs/commite/vendor/laravel/framework/src/Illuminate/Pipeline/Pipeline.php(209): Illuminate/Routing/Middleware/SubstituteBindings->handle()
#15 C:/xampp/htdocs/commite/vendor/laravel/framework/src/Illuminate/Foundation/Http/Middleware/VerifyCsrfToken.php(88): Illuminate/Pipeline/Pipeline->{closure:{closure:Illuminate/Pipeline/Pipeline::carry():184}:185}()
#16 C:/xampp/htdocs/commite/vendor/laravel/framework/src/Illuminate/Pipeline/Pipeline.php(209): Illuminate/Foundation/Http/Middleware/VerifyCsrfToken->handle()
#17 C:/xampp/htdocs/commite/vendor/laravel/framework/src/Illuminate/View/Middleware/ShareErrorsFromSession.php(49): Illuminate/Pipeline/Pipeline->{closure:{closure:Illuminate/Pipeline/Pipeline::carry():184}:185}()
#18 C:/xampp/htdocs/commite/vendor/laravel/framework/src/Illuminate/Pipeline/Pipeline.php(209): Illuminate/View/Middleware/ShareErrorsFromSession->handle()
#19 C:/xampp/htdocs/commite/vendor/laravel/framework/src/Illuminate/Session/Middleware/StartSession.php(121): Illuminate/Pipeline/Pipeline->{closure:{closure:Illuminate/Pipeline/Pipeline::carry():184}:185}()
#20 C:/xampp/htdocs/commite/vendor/laravel/framework/src/Illuminate/Session/Middleware/StartSession.php(64): Illuminate/Session/Middleware/StartSession->handleStatefulRequest()
#21 C:/xampp/htdocs/commite/vendor/laravel/framework/src/Illuminate/Pipeline/Pipeline.php(209): Illuminate/Session/Middleware/StartSession->handle()
#22 C:/xampp/htdocs/commite/vendor/laravel/framework/src/Illuminate/Cookie/Middleware/EncryptCookies.php(75): Illuminate/Pipeline/Pipeline->{closure:{closure:Illuminate/Pipeline/Pipeline::carry():184}:185}()
#23 C:/xampp/htdocs/commite/vendor/laravel/framework/src/Illuminate/Pipeline/Pipeline.php(209): Illuminate/Cookie/Middleware/EncryptCookies->handle()
#24 C:/xampp/htdocs/commite/vendor/laravel/framework/src/Illuminate/Pipeline/Pipeline.php(127): Illuminate/Pipeline/Pipeline->{closure:{closure:Illuminate/Pipeline/Pipeline::carry():184}:185}()
#25 C:/xampp/htdocs/commite/vendor/laravel/framework/src/Illuminate/Routing/Router.php(807): Illuminate/Pipeline/Pipeline->then()
#26 C:/xampp/htdocs/commite/vendor/laravel/framework/src/Illuminate/Routing/Router.php(786): Illuminate/Routing/Router->runRouteWithinStack()
#27 C:/xampp/htdocs/commite/vendor/laravel/framework/src/Illuminate/Routing/Router.php(750): Illuminate/Routing/Router->runRoute()
#28 C:/xampp/htdocs/commite/vendor/laravel/framework/src/Illuminate/Routing/Router.php(739): Illuminate/Routing/Router->dispatchToRoute()
#29 C:/xampp/htdocs/commite/vendor/laravel/framework/src/Illuminate/Foundation/Http/Kernel.php(201): Illuminate/Routing/Router->dispatch()
#30 C:/xampp/htdocs/commite/vendor/laravel/framework/src/Illuminate/Pipeline/Pipeline.php(170): Illuminate/Foundation/Http/Kernel->{closure:Illuminate/Foundation/Http/Kernel::dispatchToRouter():198}()
#31 C:/xampp/htdocs/commite/vendor/laravel/framework/src/Illuminate/Foundation/Http/Middleware/TransformsRequest.php(21): Illuminate/Pipeline/Pipeline->{closure:Illuminate/Pipeline/Pipeline::prepareDestination():168}()
#32 C:/xampp/htdocs/commite/vendor/laravel/framework/src/Illuminate/Foundation/Http/Middleware/ConvertEmptyStringsToNull.php(31): Illuminate/Foundation/Http/Middleware/TransformsRequest->handle()
#33 C:/xampp/htdocs/commite/vendor/laravel/framework/src/Illuminate/Pipeline/Pipeline.php(209): Illuminate/Foundation/Http/Middleware/ConvertEmptyStringsToNull->handle()
#34 C:/xampp/htdocs/commite/vendor/laravel/framework/src/Illuminate/Foundation/Http/Middleware/TransformsRequest.php(21): Illuminate/Pipeline/Pipeline->{closure:{closure:Illuminate/Pipeline/Pipeline::carry():184}:185}()
#35 C:/xampp/htdocs/commite/vendor/laravel/framework/src/Illuminate/Foundation/Http/Middleware/TrimStrings.php(51): Illuminate/Foundation/Http/Middleware/TransformsRequest->handle()
#36 C:/xampp/htdocs/commite/vendor/laravel/framework/src/Illuminate/Pipeline/Pipeline.php(209): Illuminate/Foundation/Http/Middleware/TrimStrings->handle()
#37 C:/xampp/htdocs/commite/vendor/laravel/framework/src/Illuminate/Http/Middleware/ValidatePostSize.php(27): Illuminate/Pipeline/Pipeline->{closure:{closure:Illuminate/Pipeline/Pipeline::carry():184}:185}()
#38 C:/xampp/htdocs/commite/vendor/laravel/framework/src/Illuminate/Pipeline/Pipeline.php(209): Illuminate/Http/Middleware/ValidatePostSize->handle()
#39 C:/xampp/htdocs/commite/vendor/laravel/framework/src/Illuminate/Foundation/Http/Middleware/PreventRequestsDuringMaintenance.php(110): Illuminate/Pipeline/Pipeline->{closure:{closure:Illuminate/Pipeline/Pipeline::carry():184}:185}()
#40 C:/xampp/htdocs/commite/vendor/laravel/framework/src/Illuminate/Pipeline/Pipeline.php(209): Illuminate/Foundation/Http/Middleware/PreventRequestsDuringMaintenance->handle()
#41 C:/xampp/htdocs/commite/vendor/laravel/framework/src/Illuminate/Http/Middleware/HandleCors.php(49): Illuminate/Pipeline/Pipeline->{closure:{closure:Illuminate/Pipeline/Pipeline::carry():184}:185}()
#42 C:/xampp/htdocs/commite/vendor/laravel/framework/src/Illuminate/Pipeline/Pipeline.php(209): Illuminate/Http/Middleware/HandleCors->handle()
#43 C:/xampp/htdocs/commite/vendor/laravel/framework/src/Illuminate/Http/Middleware/TrustProxies.php(58): Illuminate/Pipeline/Pipeline->{closure:{closure:Illuminate/Pipeline/Pipeline::carry():184}:185}()
#44 C:/xampp/htdocs/commite/vendor/laravel/framework/src/Illuminate/Pipeline/Pipeline.php(209): Illuminate/Http/Middleware/TrustProxies->handle()
#45 C:/xampp/htdocs/commite/vendor/laravel/framework/src/Illuminate/Pipeline/Pipeline.php(127): Illuminate/Pipeline/Pipeline->{closure:{closure:Illuminate/Pipeline/Pipeline::carry():184}:185}()
#46 C:/xampp/htdocs/commite/vendor/laravel/framework/src/Illuminate/Foundation/Http/Kernel.php(176): Illuminate/Pipeline/Pipeline->then()
#47 C:/xampp/htdocs/commite/vendor/laravel/framework/src/Illuminate/Foundation/Http/Kernel.php(145): Illuminate/Foundation/Http/Kernel->sendRequestThroughRouter()
#48 C:/xampp/htdocs/commite/public/index.php(18): Illuminate/Foundation/Http/Kernel->handle()
#49 C:/xampp/htdocs/commite/vendor/laravel/framework/src/Illuminate/Foundation/resources/server.php(23): require_once('...')
#50 {main}

[previous exception] [object] (PDOException(code: HY000): SQLSTATE[HY000]: General error: 1 no such table: tenants at C:/xampp/htdocs/commite/vendor/laravel/framework/src/Illuminate/Database/Connection.php:407)
[stacktrace]
#0 C:/xampp/htdocs/commite/vendor/laravel/framework/src/Illuminate/Database/Connection.php(407): PDO->prepare()
#1 C:/xampp/htdocs/commite/vendor/laravel/framework/src/Illuminate/Database/Connection.php(812): Illuminate/Database/Connection->{closure:Illuminate/Database/Connection::select():398}()
#2 C:/xampp/htdocs/commite/vendor/laravel/framework/src/Illuminate/Database/Connection.php(779): Illuminate/Database/Connection->runQueryCallback()
#3 C:/xampp/htdocs/commite/vendor/laravel/framework/src/Illuminate/Database/Connection.php(398): Illuminate/Database/Connection->run()
#4 C:/xampp/htdocs/commite/vendor/laravel/framework/src/Illuminate/Database/Query/Builder.php(3477): Illuminate/Database/Connection->select()
#5 C:/xampp/htdocs/commite/vendor/laravel/framework/src/Illuminate/Database/Eloquent/Builder.php(2120): Illuminate/Database/Query/Builder->exists()
#6 C:/xampp/htdocs/commite/app/Http/Controllers/Onboarding/CreatePlatformController.php(162): Illuminate/Database/Eloquent/Builder->__call()
#7 C:/xampp/htdocs/commite/app/Http/Controllers/Onboarding/CreatePlatformController.php(175): App/Http/Controllers/Onboarding/CreatePlatformController->slugAvailable()
#8 C:/xampp/htdocs/commite/app/Http/Controllers/Onboarding/CreatePlatformController.php(42): App/Http/Controllers/Onboarding/CreatePlatformController->suggestSlug()
#9 C:/xampp/htdocs/commite/vendor/laravel/framework/src/Illuminate/Routing/Controller.php(54): App/Http/Controllers/Onboarding/CreatePlatformController->step1Store()
#10 C:/xampp/htdocs/commite/vendor/laravel/framework/src/Illuminate/Routing/ControllerDispatcher.php(44): Illuminate/Routing/Controller->callAction()
#11 C:/xampp/htdocs/commite/vendor/laravel/framework/src/Illuminate/Routing/Route.php(266): Illuminate/Routing/ControllerDispatcher->dispatch()
#12 C:/xampp/htdocs/commite/vendor/laravel/framework/src/Illuminate/Routing/Route.php(212): Illuminate/Routing/Route->runController()
#13 C:/xampp/htdocs/commite/vendor/laravel/framework/src/Illuminate/Routing/Router.php(808): Illuminate/Routing/Route->run()
#14 C:/xampp/htdocs/commite/vendor/laravel/framework/src/Illuminate/Pipeline/Pipeline.php(170): Illuminate/Routing/Router->{closure:Illuminate/Routing/Router::runRouteWithinStack():807}()
#15 C:/xampp/htdocs/commite/vendor/laravel/framework/src/Illuminate/Routing/Middleware/SubstituteBindings.php(51): Illuminate/Pipeline/Pipeline->{closure:Illuminate/Pipeline/Pipeline::prepareDestination():168}()
#16 C:/xampp/htdocs/commite/vendor/laravel/framework/src/Illuminate/Pipeline/Pipeline.php(209): Illuminate/Routing/Middleware/SubstituteBindings->handle()
#17 C:/xampp/htdocs/commite/vendor/laravel/framework/src/Illuminate/Foundation/Http/Middleware/VerifyCsrfToken.php(88): Illuminate/Pipeline/Pipeline->{closure:{closure:Illuminate/Pipeline/Pipeline::carry():184}:185}()
#18 C:/xampp/htdocs/commite/vendor/laravel/framework/src/Illuminate/Pipeline/Pipeline.php(209): Illuminate/Foundation/Http/Middleware/VerifyCsrfToken->handle()
#19 C:/xampp/htdocs/commite/vendor/laravel/framework/src/Illuminate/View/Middleware/ShareErrorsFromSession.php(49): Illuminate/Pipeline/Pipeline->{closure:{closure:Illuminate/Pipeline/Pipeline::carry():184}:185}()
#20 C:/xampp/htdocs/commite/vendor/laravel/framework/src/Illuminate/Pipeline/Pipeline.php(209): Illuminate/View/Middleware/ShareErrorsFromSession->handle()
#21 C:/xampp/htdocs/commite/vendor/laravel/framework/src/Illuminate/Session/Middleware/StartSession.php(121): Illuminate/Pipeline/Pipeline->{closure:{closure:Illuminate/Pipeline/Pipeline::carry():184}:185}()
#22 C:/xampp/htdocs/commite/vendor/laravel/framework/src/Illuminate/Session/Middleware/StartSession.php(64): Illuminate/Session/Middleware/StartSession->handleStatefulRequest()
#23 C:/xampp/htdocs/commite/vendor/laravel/framework/src/Illuminate/Pipeline/Pipeline.php(209): Illuminate/Session/Middleware/StartSession->handle()
#24 C:/xampp/htdocs/commite/vendor/laravel/framework/src/Illuminate/Cookie/Middleware/EncryptCookies.php(75): Illuminate/Pipeline/Pipeline->{closure:{closure:Illuminate/Pipeline/Pipeline::carry():184}:185}()
#25 C:/xampp/htdocs/commite/vendor/laravel/framework/src/Illuminate/Pipeline/Pipeline.php(209): Illuminate/Cookie/Middleware/EncryptCookies->handle()
#26 C:/xampp/htdocs/commite/vendor/laravel/framework/src/Illuminate/Pipeline/Pipeline.php(127): Illuminate/Pipeline/Pipeline->{closure:{closure:Illuminate/Pipeline/Pipeline::carry():184}:185}()
#27 C:/xampp/htdocs/commite/vendor/laravel/framework/src/Illuminate/Routing/Router.php(807): Illuminate/Pipeline/Pipeline->then()
#28 C:/xampp/htdocs/commite/vendor/laravel/framework/src/Illuminate/Routing/Router.php(786): Illuminate/Routing/Router->runRouteWithinStack()
#29 C:/xampp/htdocs/commite/vendor/laravel/framework/src/Illuminate/Routing/Router.php(750): Illuminate/Routing/Router->runRoute()
#30 C:/xampp/htdocs/commite/vendor/laravel/framework/src/Illuminate/Routing/Router.php(739): Illuminate/Routing/Router->dispatchToRoute()
#31 C:/xampp/htdocs/commite/vendor/laravel/framework/src/Illuminate/Foundation/Http/Kernel.php(201): Illuminate/Routing/Router->dispatch()
#32 C:/xampp/htdocs/commite/vendor/laravel/framework/src/Illuminate/Pipeline/Pipeline.php(170): Illuminate/Foundation/Http/Kernel->{closure:Illuminate/Foundation/Http/Kernel::dispatchToRouter():198}()
#33 C:/xampp/htdocs/commite/vendor/laravel/framework/src/Illuminate/Foundation/Http/Middleware/TransformsRequest.php(21): Illuminate/Pipeline/Pipeline->{closure:Illuminate/Pipeline/Pipeline::prepareDestination():168}()
#34 C:/xampp/htdocs/commite/vendor/laravel/framework/src/Illuminate/Foundation/Http/Middleware/ConvertEmptyStringsToNull.php(31): Illuminate/Foundation/Http/Middleware/TransformsRequest->handle()
#35 C:/xampp/htdocs/commite/vendor/laravel/framework/src/Illuminate/Pipeline/Pipeline.php(209): Illuminate/Foundation/Http/Middleware/ConvertEmptyStringsToNull->handle()
#36 C:/xampp/htdocs/commite/vendor/laravel/framework/src/Illuminate/Foundation/Http/Middleware/TransformsRequest.php(21): Illuminate/Pipeline/Pipeline->{closure:{closure:Illuminate/Pipeline/Pipeline::carry():184}:185}()
#37 C:/xampp/htdocs/commite/vendor/laravel/framework/src/Illuminate/Foundation/Http/Middleware/TrimStrings.php(51): Illuminate/Foundation/Http/Middleware/TransformsRequest->handle()
#38 C:/xampp/htdocs/commite/vendor/laravel/framework/src/Illuminate/Pipeline/Pipeline.php(209): Illuminate/Foundation/Http/Middleware/TrimStrings->handle()
#39 C:/xampp/htdocs/commite/vendor/laravel/framework/src/Illuminate/Http/Middleware/ValidatePostSize.php(27): Illuminate/Pipeline/Pipeline->{closure:{closure:Illuminate/Pipeline/Pipeline::carry():184}:185}()
#40 C:/xampp/htdocs/commite/vendor/laravel/framework/src/Illuminate/Pipeline/Pipeline.php(209): Illuminate/Http/Middleware/ValidatePostSize->handle()
#41 C:/xampp/htdocs/commite/vendor/laravel/framework/src/Illuminate/Foundation/Http/Middleware/PreventRequestsDuringMaintenance.php(110): Illuminate/Pipeline/Pipeline->{closure:{closure:Illuminate/Pipeline/Pipeline::carry():184}:185}()
#42 C:/xampp/htdocs/commite/vendor/laravel/framework/src/Illuminate/Pipeline/Pipeline.php(209): Illuminate/Foundation/Http/Middleware/PreventRequestsDuringMaintenance->handle()
#43 C:/xampp/htdocs/commite/vendor/laravel/framework/src/Illuminate/Http/Middleware/HandleCors.php(49): Illuminate/Pipeline/Pipeline->{closure:{closure:Illuminate/Pipeline/Pipeline::carry():184}:185}()
#44 C:/xampp/htdocs/commite/vendor/laravel/framework/src/Illuminate/Pipeline/Pipeline.php(209): Illuminate/Http/Middleware/HandleCors->handle()
#45 C:/xampp/htdocs/commite/vendor/laravel/framework/src/Illuminate/Http/Middleware/TrustProxies.php(58): Illuminate/Pipeline/Pipeline->{closure:{closure:Illuminate/Pipeline/Pipeline::carry():184}:185}()
#46 C:/xampp/htdocs/commite/vendor/laravel/framework/src/Illuminate/Pipeline/Pipeline.php(209): Illuminate/Http/Middleware/TrustProxies->handle()
#47 C:/xampp/htdocs/commite/vendor/laravel/framework/src/Illuminate/Pipeline/Pipeline.php(127): Illuminate/Pipeline/Pipeline->{closure:{closure:Illuminate/Pipeline/Pipeline::carry():184}:185}()
#48 C:/xampp/htdocs/commite/vendor/laravel/framework/src/Illuminate/Foundation/Http/Kernel.php(176): Illuminate/Pipeline/Pipeline->then()
#49 C:/xampp/htdocs/commite/vendor/laravel/framework/src/Illuminate/Foundation/Http/Kernel.php(145): Illuminate/Foundation/Http/Kernel->sendRequestThroughRouter()
#50 C:/xampp/htdocs/commite/public/index.php(18): Illuminate/Foundation/Http/Kernel->handle()
#51 C:/xampp/htdocs/commite/vendor/laravel/framework/src/Illuminate/Foundation/resources/server.php(23): require_once('...')
#52 {main}
"} 
[2026-08-26 04:55:01] local.ERROR: SQLSTATE[HY000]: General error: 1 no such table: jobs (Connection: central, SQL: select * from "jobs" where "queue" = default and (("reserved_at" is null and "available_at" <= 1787720101) or ("reserved_at" <= 1787720011)) order by "id" asc limit 1) {"exception":"[object] (Illuminate\\Database\\QueryException(code: HY000): SQLSTATE[HY000]: General error: 1 no such table: jobs (Connection: central, SQL: select * from \"jobs\" where \"queue\" = default and ((\"reserved_at\" is null and \"available_at\" <= 1787720101) or (\"reserved_at\" <= 1787720011)) order by \"id\" asc limit 1) at C:/xampp/htdocs/commite/vendor/laravel/framework/src/Illuminate/Database/Connection.php:825)
[stacktrace]
#0 C:/xampp/htdocs/commite/vendor/laravel/framework/src/Illuminate/Database/Connection.php(779): Illuminate/Database/Connection->runQueryCallback()
#1 C:/xampp/htdocs/commite/vendor/laravel/framework/src/Illuminate/Database/Connection.php(398): Illuminate/Database/Connection->run()
#2 C:/xampp/htdocs/commite/vendor/laravel/framework/src/Illuminate/Database/Query/Builder.php(3106): Illuminate/Database/Connection->select()
#3 C:/xampp/htdocs/commite/vendor/laravel/framework/src/Illuminate/Database/Query/Builder.php(3091): Illuminate/Database/Query/Builder->runSelect()
#4 C:/xampp/htdocs/commite/vendor/laravel/framework/src/Illuminate/Database/Query/Builder.php(3676): Illuminate/Database/Query/Builder->{closure:Illuminate/Database/Query/Builder::get():3090}()
#5 C:/xampp/htdocs/commite/vendor/laravel/framework/src/Illuminate/Database/Query/Builder.php(3090): Illuminate/Database/Query/Builder->onceWithColumns()
#6 C:/xampp/htdocs/commite/vendor/laravel/framework/src/Illuminate/Database/Concerns/BuildsQueries.php(343): Illuminate/Database/Query/Builder->get()
#7 C:/xampp/htdocs/commite/vendor/laravel/framework/src/Illuminate/Queue/DatabaseQueue.php(249): Illuminate/Database/Query/Builder->first()
#8 C:/xampp/htdocs/commite/vendor/laravel/framework/src/Illuminate/Queue/DatabaseQueue.php(227): Illuminate/Queue/DatabaseQueue->getNextAvailableJob()
#9 C:/xampp/htdocs/commite/vendor/laravel/framework/src/Illuminate/Database/Concerns/ManagesTransactions.php(32): Illuminate/Queue/DatabaseQueue->{closure:Illuminate/Queue/DatabaseQueue::pop():226}()
#10 C:/xampp/htdocs/commite/vendor/laravel/framework/src/Illuminate/Queue/DatabaseQueue.php(226): Illuminate/Database/Connection->transaction()
#11 C:/xampp/htdocs/commite/vendor/laravel/framework/src/Illuminate/Queue/Worker.php(370): Illuminate/Queue/DatabaseQueue->pop()
#12 C:/xampp/htdocs/commite/vendor/laravel/framework/src/Illuminate/Queue/Worker.php(385): Illuminate/Queue/Worker->{closure:Illuminate/Queue/Worker::getNextJob():369}()
#13 C:/xampp/htdocs/commite/vendor/laravel/framework/src/Illuminate/Queue/Worker.php(175): Illuminate/Queue/Worker->getNextJob()
#14 C:/xampp/htdocs/commite/vendor/laravel/framework/src/Illuminate/Queue/Console/WorkCommand.php(150): Illuminate/Queue/Worker->daemon()
#15 C:/xampp/htdocs/commite/vendor/laravel/framework/src/Illuminate/Queue/Console/WorkCommand.php(133): Illuminate/Queue/Console/WorkCommand->runWorker()
#16 C:/xampp/htdocs/commite/vendor/laravel/framework/src/Illuminate/Container/BoundMethod.php(36): Illuminate/Queue/Console/WorkCommand->handle()
#17 C:/xampp/htdocs/commite/vendor/laravel/framework/src/Illuminate/Container/Util.php(43): Illuminate/Container/BoundMethod::{closure:Illuminate/Container/BoundMethod::call():35}()
#18 C:/xampp/htdocs/commite/vendor/laravel/framework/src/Illuminate/Container/BoundMethod.php(95): Illuminate/Container/Util::unwrapIfClosure()
#19 C:/xampp/htdocs/commite/vendor/laravel/framework/src/Illuminate/Container/BoundMethod.php(35): Illuminate/Container/BoundMethod::callBoundMethod()
#20 C:/xampp/htdocs/commite/vendor/laravel/framework/src/Illuminate/Container/Container.php(696): Illuminate/Container/BoundMethod::call()
#21 C:/xampp/htdocs/commite/vendor/laravel/framework/src/Illuminate/Console/Command.php(213): Illuminate/Container/Container->call()
#22 C:/xampp/htdocs/commite/vendor/symfony/console/Command/Command.php(341): Illuminate/Console/Command->execute()
#23 C:/xampp/htdocs/commite/vendor/laravel/framework/src/Illuminate/Console/Command.php(182): Symfony/Component/Console/Command/Command->run()
#24 C:/xampp/htdocs/commite/vendor/symfony/console/Application.php(1117): Illuminate/Console/Command->run()
#25 C:/xampp/htdocs/commite/vendor/symfony/console/Application.php(356): Symfony/Component/Console/Application->doRunCommand()
#26 C:/xampp/htdocs/commite/vendor/symfony/console/Application.php(195): Symfony/Component/Console/Application->doRun()
#27 C:/xampp/htdocs/commite/vendor/laravel/framework/src/Illuminate/Foundation/Console/Kernel.php(198): Symfony/Component/Console/Application->run()
#28 C:/xampp/htdocs/commite/artisan(12): Illuminate/Foundation/Console/Kernel->handle()
#29 {main}

[previous exception] [object] (PDOException(code: HY000): SQLSTATE[HY000]: General error: 1 no such table: jobs at C:/xampp/htdocs/commite/vendor/laravel/framework/src/Illuminate/Database/Connection.php:407)
[stacktrace]
#0 C:/xampp/htdocs/commite/vendor/laravel/framework/src/Illuminate/Database/Connection.php(407): PDO->prepare()
#1 C:/xampp/htdocs/commite/vendor/laravel/framework/src/Illuminate/Database/Connection.php(812): Illuminate/Database/Connection->{closure:Illuminate/Database/Connection::select():398}()
#2 C:/xampp/htdocs/commite/vendor/laravel/framework/src/Illuminate/Database/Connection.php(779): Illuminate/Database/Connection->runQueryCallback()
#3 C:/xampp/htdocs/commite/vendor/laravel/framework/src/Illuminate/Database/Connection.php(398): Illuminate/Database/Connection->run()
#4 C:/xampp/htdocs/commite/vendor/laravel/framework/src/Illuminate/Database/Query/Builder.php(3106): Illuminate/Database/Connection->select()
#5 C:/xampp/htdocs/commite/vendor/laravel/framework/src/Illuminate/Database/Query/Builder.php(3091): Illuminate/Database/Query/Builder->runSelect()
#6 C:/xampp/htdocs/commite/vendor/laravel/framework/src/Illuminate/Database/Query/Builder.php(3676): Illuminate/Database/Query/Builder->{closure:Illuminate/Database/Query/Builder::get():3090}()
#7 C:/xampp/htdocs/commite/vendor/laravel/framework/src/Illuminate/Database/Query/Builder.php(3090): Illuminate/Database/Query/Builder->onceWithColumns()
#8 C:/xampp/htdocs/commite/vendor/laravel/framework/src/Illuminate/Database/Concerns/BuildsQueries.php(343): Illuminate/Database/Query/Builder->get()
#9 C:/xampp/htdocs/commite/vendor/laravel/framework/src/Illuminate/Queue/DatabaseQueue.php(249): Illuminate/Database/Query/Builder->first()
#10 C:/xampp/htdocs/commite/vendor/laravel/framework/src/Illuminate/Queue/DatabaseQueue.php(227): Illuminate/Queue/DatabaseQueue->getNextAvailableJob()
#11 C:/xampp/htdocs/commite/vendor/laravel/framework/src/Illuminate/Database/Concerns/ManagesTransactions.php(32): Illuminate/Queue/DatabaseQueue->{closure:Illuminate/Queue/DatabaseQueue::pop():226}()
#12 C:/xampp/htdocs/commite/vendor/laravel/framework/src/Illuminate/Queue/DatabaseQueue.php(226): Illuminate/Database/Connection->transaction()
#13 C:/xampp/htdocs/commite/vendor/laravel/framework/src/Illuminate/Queue/Worker.php(370): Illuminate/Queue/DatabaseQueue->pop()
#14 C:/xampp/htdocs/commite/vendor/laravel/framework/src/Illuminate/Queue/Worker.php(385): Illuminate/Queue/Worker->{closure:Illuminate/Queue/Worker::getNextJob():369}()
#15 C:/xampp/htdocs/commite/vendor/laravel/framework/src/Illuminate/Queue/Worker.php(175): Illuminate/Queue/Worker->getNextJob()
#16 C:/xampp/htdocs/commite/vendor/laravel/framework/src/Illuminate/Queue/Console/WorkCommand.php(150): Illuminate/Queue/Worker->daemon()
#17 C:/xampp/htdocs/commite/vendor/laravel/framework/src/Illuminate/Queue/Console/WorkCommand.php(133): Illuminate/Queue/Console/WorkCommand->runWorker()
#18 C:/xampp/htdocs/commite/vendor/laravel/framework/src/Illuminate/Container/BoundMethod.php(36): Illuminate/Queue/Console/WorkCommand->handle()
#19 C:/xampp/htdocs/commite/vendor/laravel/framework/src/Illuminate/Container/Util.php(43): Illuminate/Container/BoundMethod::{closure:Illuminate/Container/BoundMethod::call():35}()
#20 C:/xampp/htdocs/commite/vendor/laravel/framework/src/Illuminate/Container/BoundMethod.php(95): Illuminate/Container/Util::unwrapIfClosure()
#21 C:/xampp/htdocs/commite/vendor/laravel/framework/src/Illuminate/Container/BoundMethod.php(35): Illuminate/Container/BoundMethod::callBoundMethod()
#22 C:/xampp/htdocs/commite/vendor/laravel/framework/src/Illuminate/Container/Container.php(696): Illuminate/Container/BoundMethod::call()
#23 C:/xampp/htdocs/commite/vendor/laravel/framework/src/Illuminate/Console/Command.php(213): Illuminate/Container/Container->call()
#24 C:/xampp/htdocs/commite/vendor/symfony/console/Command/Command.php(341): Illuminate/Console/Command->execute()
#25 C:/xampp/htdocs/commite/vendor/laravel/framework/src/Illuminate/Console/Command.php(182): Symfony/Component/Console/Command/Command->run()
#26 C:/xampp/htdocs/commite/vendor/symfony/console/Application.php(1117): Illuminate/Console/Command->run()
#27 C:/xampp/htdocs/commite/vendor/symfony/console/Application.php(356): Symfony/Component/Console/Application->doRunCommand()
#28 C:/xampp/htdocs/commite/vendor/symfony/console/Application.php(195): Symfony/Component/Console/Application->doRun()
#29 C:/xampp/htdocs/commite/vendor/laravel/framework/src/Illuminate/Foundation/Console/Kernel.php(198): Symfony/Component/Console/Application->run()
#30 C:/xampp/htdocs/commite/artisan(12): Illuminate/Foundation/Console/Kernel->handle()
#31 {main}
"} 
[2026-08-26 04:55:05] local.ERROR: SQLSTATE[HY000]: General error: 1 no such table: jobs (Connection: central, SQL: select * from "jobs" where "queue" = default and (("reserved_at" is null and "available_at" <= 1787720105) or ("reserved_at" <= 1787720015)) order by "id" asc limit 1) {"exception":"[object] (Illuminate\\Database\\QueryException(code: HY000): SQLSTATE[HY000]: General error: 1 no such table: jobs (Connection: central, SQL: select * from \"jobs\" where \"queue\" = default and ((\"reserved_at\" is null and \"available_at\" <= 1787720105) or (\"reserved_at\" <= 1787720015)) order by \"id\" asc limit 1) at C:/xampp/htdocs/commite/vendor/laravel/framework/src/Illuminate/Database/Connection.php:825)
[stacktrace]
#0 C:/xampp/htdocs/commite/vendor/laravel/framework/src/Illuminate/Database/Connection.php(779): Illuminate/Database/Connection->runQueryCallback()
#1 C:/xampp/htdocs/commite/vendor/laravel/framework/src/Illuminate/Database/Connection.php(398): Illuminate/Database/Connection->run()
#2 C:/xampp/htdocs/commite/vendor/laravel/framework/src/Illuminate/Database/Query/Builder.php(3106): Illuminate/Database/Connection->select()
#3 C:/xampp/htdocs/commite/vendor/laravel/framework/src/Illuminate/Database/Query/Builder.php(3091): Illuminate/Database/Query/Builder->runSelect()
#4 C:/xampp/htdocs/commite/vendor/laravel/framework/src/Illuminate/Database/Query/Builder.php(3676): Illuminate/Database/Query/Builder->{closure:Illuminate/Database/Query/Builder::get():3090}()
#5 C:/xampp/htdocs/commite/vendor/laravel/framework/src/Illuminate/Database/Query/Builder.php(3090): Illuminate/Database/Query/Builder->onceWithColumns()
#6 C:/xampp/htdocs/commite/vendor/laravel/framework/src/Illuminate/Database/Concerns/BuildsQueries.php(343): Illuminate/Database/Query/Builder->get()
#7 C:/xampp/htdocs/commite/vendor/laravel/framework/src/Illuminate/Queue/DatabaseQueue.php(249): Illuminate/Database/Query/Builder->first()
#8 C:/xampp/htdocs/commite/vendor/laravel/framework/src/Illuminate/Queue/DatabaseQueue.php(227): Illuminate/Queue/DatabaseQueue->getNextAvailableJob()
#9 C:/xampp/htdocs/commite/vendor/laravel/framework/src/Illuminate/Database/Concerns/ManagesTransactions.php(32): Illuminate/Queue/DatabaseQueue->{closure:Illuminate/Queue/DatabaseQueue::pop():226}()
#10 C:/xampp/htdocs/commite/vendor/laravel/framework/src/Illuminate/Queue/DatabaseQueue.php(226): Illuminate/Database/Connection->transaction()
#11 C:/xampp/htdocs/commite/vendor/laravel/framework/src/Illuminate/Queue/Worker.php(370): Illuminate/Queue/DatabaseQueue->pop()
#12 C:/xampp/htdocs/commite/vendor/laravel/framework/src/Illuminate/Queue/Worker.php(385): Illuminate/Queue/Worker->{closure:Illuminate/Queue/Worker::getNextJob():369}()
#13 C:/xampp/htdocs/commite/vendor/laravel/framework/src/Illuminate/Queue/Worker.php(175): Illuminate/Queue/Worker->getNextJob()
#14 C:/xampp/htdocs/commite/vendor/laravel/framework/src/Illuminate/Queue/Console/WorkCommand.php(150): Illuminate/Queue/Worker->daemon()
#15 C:/xampp/htdocs/commite/vendor/laravel/framework/src/Illuminate/Queue/Console/WorkCommand.php(133): Illuminate/Queue/Console/WorkCommand->runWorker()
#16 C:/xampp/htdocs/commite/vendor/laravel/framework/src/Illuminate/Container/BoundMethod.php(36): Illuminate/Queue/Console/WorkCommand->handle()
#17 C:/xampp/htdocs/commite/vendor/laravel/framework/src/Illuminate/Container/Util.php(43): Illuminate/Container/BoundMethod::{closure:Illuminate/Container/BoundMethod::call():35}()
#18 C:/xampp/htdocs/commite/vendor/laravel/framework/src/Illuminate/Container/BoundMethod.php(95): Illuminate/Container/Util::unwrapIfClosure()
#19 C:/xampp/htdocs/commite/vendor/laravel/framework/src/Illuminate/Container/BoundMethod.php(35): Illuminate/Container/BoundMethod::callBoundMethod()
#20 C:/xampp/htdocs/commite/vendor/laravel/framework/src/Illuminate/Container/Container.php(696): Illuminate/Container/BoundMethod::call()
#21 C:/xampp/htdocs/commite/vendor/laravel/framework/src/Illuminate/Console/Command.php(213): Illuminate/Container/Container->call()
#22 C:/xampp/htdocs/commite/vendor/symfony/console/Command/Command.php(341): Illuminate/Console/Command->execute()
#23 C:/xampp/htdocs/commite/vendor/laravel/framework/src/Illuminate/Console/Command.php(182): Symfony/Component/Console/Command/Command->run()
#24 C:/xampp/htdocs/commite/vendor/symfony/console/Application.php(1117): Illuminate/Console/Command->run()
#25 C:/xampp/htdocs/commite/vendor/symfony/console/Application.php(356): Symfony/Component/Console/Application->doRunCommand()
#26 C:/xampp/htdocs/commite/vendor/symfony/console/Application.php(195): Symfony/Component/Console/Application->doRun()
#27 C:/xampp/htdocs/commite/vendor/laravel/framework/src/Illuminate/Foundation/Console/Kernel.php(198): Symfony/Component/Console/Application->run()
#28 C:/xampp/htdocs/commite/artisan(12): Illuminate/Foundation/Console/Kernel->handle()
#29 {main}

[previous exception] [object] (PDOException(code: HY000): SQLSTATE[HY000]: General error: 1 no such table: jobs at C:/xampp/htdocs/commite/vendor/laravel/framework/src/Illuminate/Database/Connection.php:407)
[stacktrace]
#0 C:/xampp/htdocs/commite/vendor/laravel/framework/src/Illuminate/Database/Connection.php(407): PDO->prepare()
#1 C:/xampp/htdocs/commite/vendor/laravel/framework/src/Illuminate/Database/Connection.php(812): Illuminate/Database/Connection->{closure:Illuminate/Database/Connection::select():398}()
#2 C:/xampp/htdocs/commite/vendor/laravel/framework/src/Illuminate/Database/Connection.php(779): Illuminate/Database/Connection->runQueryCallback()
#3 C:/xampp/htdocs/commite/vendor/laravel/framework/src/Illuminate/Database/Connection.php(398): Illuminate/Database/Connection->run()
#4 C:/xampp/htdocs/commite/vendor/laravel/framework/src/Illuminate/Database/Query/Builder.php(3106): Illuminate/Database/Connection->select()
#5 C:/xampp/htdocs/commite/vendor/laravel/framework/src/Illuminate/Database/Query/Builder.php(3091): Illuminate/Database/Query/Builder->runSelect()
#6 C:/xampp/htdocs/commite/vendor/laravel/framework/src/Illuminate/Database/Query/Builder.php(3676): Illuminate/Database/Query/Builder->{closure:Illuminate/Database/Query/Builder::get():3090}()
#7 C:/xampp/htdocs/commite/vendor/laravel/framework/src/Illuminate/Database/Query/Builder.php(3090): Illuminate/Database/Query/Builder->onceWithColumns()
#8 C:/xampp/htdocs/commite/vendor/laravel/framework/src/Illuminate/Database/Concerns/BuildsQueries.php(343): Illuminate/Database/Query/Builder->get()
#9 C:/xampp/htdocs/commite/vendor/laravel/framework/src/Illuminate/Queue/DatabaseQueue.php(249): Illuminate/Database/Query/Builder->first()
#10 C:/xampp/htdocs/commite/vendor/laravel/framework/src/Illuminate/Queue/DatabaseQueue.php(227): Illuminate/Queue/DatabaseQueue->getNextAvailableJob()
#11 C:/xampp/htdocs/commite/vendor/laravel/framework/src/Illuminate/Database/Concerns/ManagesTransactions.php(32): Illuminate/Queue/DatabaseQueue->{closure:Illuminate/Queue/DatabaseQueue::pop():226}()
#12 C:/xampp/htdocs/commite/vendor/laravel/framework/src/Illuminate/Queue/DatabaseQueue.php(226): Illuminate/Database/Connection->transaction()
#13 C:/xampp/htdocs/commite/vendor/laravel/framework/src/Illuminate/Queue/Worker.php(370): Illuminate/Queue/DatabaseQueue->pop()
#14 C:/xampp/htdocs/commite/vendor/laravel/framework/src/Illuminate/Queue/Worker.php(385): Illuminate/Queue/Worker->{closure:Illuminate/Queue/Worker::getNextJob():369}()
#15 C:/xampp/htdocs/commite/vendor/laravel/framework/src/Illuminate/Queue/Worker.php(175): Illuminate/Queue/Worker->getNextJob()
#16 C:/xampp/htdocs/commite/vendor/laravel/framework/src/Illuminate/Queue/Console/WorkCommand.php(150): Illuminate/Queue/Worker->daemon()
#17 C:/xampp/htdocs/commite/vendor/laravel/framework/src/Illuminate/Queue/Console/WorkCommand.php(133): Illuminate/Queue/Console/WorkCommand->runWorker()
#18 C:/xampp/htdocs/commite/vendor/laravel/framework/src/Illuminate/Container/BoundMethod.php(36): Illuminate/Queue/Console/WorkCommand->handle()
#19 C:/xampp/htdocs/commite/vendor/laravel/framework/src/Illuminate/Container/Util.php(43): Illuminate/Container/BoundMethod::{closure:Illuminate/Container/BoundMethod::call():35}()
#20 C:/xampp/htdocs/commite/vendor/laravel/framework/src/Illuminate/Container/BoundMethod.php(95): Illuminate/Container/Util::unwrapIfClosure()
#21 C:/xampp/htdocs/commite/vendor/laravel/framework/src/Illuminate/Container/BoundMethod.php(35): Illuminate/Container/BoundMethod::callBoundMethod()
#22 C:/xampp/htdocs/commite/vendor/laravel/framework/src/Illuminate/Container/Container.php(696): Illuminate/Container/BoundMethod::call()
#23 C:/xampp/htdocs/commite/vendor/laravel/framework/src/Illuminate/Console/Command.php(213): Illuminate/Container/Container->call()
#24 C:/xampp/htdocs/commite/vendor/symfony/console/Command/Command.php(341): Illuminate/Console/Command->execute()
#25 C:/xampp/htdocs/commite/vendor/laravel/framework/src/Illuminate/Console/Command.php(182): Symfony/Component/Console/Command/Command->run()
#26 C:/xampp/htdocs/commite/vendor/symfony/console/Application.php(1117): Illuminate/Console/Command->run()
#27 C:/xampp/htdocs/commite/vendor/symfony/console/Application.php(356): Symfony/Component/Console/Application->doRunCommand()
#28 C:/xampp/htdocs/commite/vendor/symfony/console/Application.php(195): Symfony/Component/Console/Application->doRun()
#29 C:/xampp/htdocs/commite/vendor/laravel/framework/src/Illuminate/Foundation/Console/Kernel.php(198): Symfony/Component/Console/Application->run()
#30 C:/xampp/htdocs/commite/artisan(12): Illuminate/Foundation/Console/Kernel->handle()
#31 {main}
"} 
[2026-08-26 04:55:09] local.ERROR: SQLSTATE[HY000]: General error: 1 no such table: jobs (Connection: central, SQL: select * from "jobs" where "queue" = default and (("reserved_at" is null and "available_at" <= 1787720109) or ("reserved_at" <= 1787720019)) order by "id" asc limit 1) {"exception":"[object] (Illuminate\\Database\\QueryException(code: HY000): SQLSTATE[HY000]: General error: 1 no such table: jobs (Connection: central, SQL: select * from \"jobs\" where \"queue\" = default and ((\"reserved_at\" is null and \"available_at\" <= 1787720109) or (\"reserved_at\" <= 1787720019)) order by \"id\" asc limit 1) at C:/xampp/htdocs/commite/vendor/laravel/framework/src/Illuminate/Database/Connection.php:825)
[stacktrace]
#0 C:/xampp/htdocs/commite/vendor/laravel/framework/src/Illuminate/Database/Connection.php(779): Illuminate/Database/Connection->runQueryCallback()
#1 C:/xampp/htdocs/commite/vendor/laravel/framework/src/Illuminate/Database/Connection.php(398): Illuminate/Database/Connection->run()
#2 C:/xampp/htdocs/commite/vendor/laravel/framework/src/Illuminate/Database/Query/Builder.php(3106): Illuminate/Database/Connection->select()
#3 C:/xampp/htdocs/commite/vendor/laravel/framework/src/Illuminate/Database/Query/Builder.php(3091): Illuminate/Database/Query/Builder->runSelect()
#4 C:/xampp/htdocs/commite/vendor/laravel/framework/src/Illuminate/Database/Query/Builder.php(3676): Illuminate/Database/Query/Builder->{closure:Illuminate/Database/Query/Builder::get():3090}()
#5 C:/xampp/htdocs/commite/vendor/laravel/framework/src/Illuminate/Database/Query/Builder.php(3090): Illuminate/Database/Query/Builder->onceWithColumns()
#6 C:/xampp/htdocs/commite/vendor/laravel/framework/src/Illuminate/Database/Concerns/BuildsQueries.php(343): Illuminate/Database/Query/Builder->get()
#7 C:/xampp/htdocs/commite/vendor/laravel/framework/src/Illuminate/Queue/DatabaseQueue.php(249): Illuminate/Database/Query/Builder->first()
#8 C:/xampp/htdocs/commite/vendor/laravel/framework/src/Illuminate/Queue/DatabaseQueue.php(227): Illuminate/Queue/DatabaseQueue->getNextAvailableJob()
#9 C:/xampp/htdocs/commite/vendor/laravel/framework/src/Illuminate/Database/Concerns/ManagesTransactions.php(32): Illuminate/Queue/DatabaseQueue->{closure:Illuminate/Queue/DatabaseQueue::pop():226}()
#10 C:/xampp/htdocs/commite/vendor/laravel/framework/src/Illuminate/Queue/DatabaseQueue.php(226): Illuminate/Database/Connection->transaction()
#11 C:/xampp/htdocs/commite/vendor/laravel/framework/src/Illuminate/Queue/Worker.php(370): Illuminate/Queue/DatabaseQueue->pop()
#12 C:/xampp/htdocs/commite/vendor/laravel/framework/src/Illuminate/Queue/Worker.php(385): Illuminate/Queue/Worker->{closure:Illuminate/Queue/Worker::getNextJob():369}()
#13 C:/xampp/htdocs/commite/vendor/laravel/framework/src/Illuminate/Queue/Worker.php(175): Illuminate/Queue/Worker->getNextJob()
#14 C:/xampp/htdocs/commite/vendor/laravel/framework/src/Illuminate/Queue/Console/WorkCommand.php(150): Illuminate/Queue/Worker->daemon()
#15 C:/xampp/htdocs/commite/vendor/laravel/framework/src/Illuminate/Queue/Console/WorkCommand.php(133): Illuminate/Queue/Console/WorkCommand->runWorker()
#16 C:/xampp/htdocs/commite/vendor/laravel/framework/src/Illuminate/Container/BoundMethod.php(36): Illuminate/Queue/Console/WorkCommand->handle()
#17 C:/xampp/htdocs/commite/vendor/laravel/framework/src/Illuminate/Container/Util.php(43): Illuminate/Container/BoundMethod::{closure:Illuminate/Container/BoundMethod::call():35}()
#18 C:/xampp/htdocs/commite/vendor/laravel/framework/src/Illuminate/Container/BoundMethod.php(95): Illuminate/Container/Util::unwrapIfClosure()
#19 C:/xampp/htdocs/commite/vendor/laravel/framework/src/Illuminate/Container/BoundMethod.php(35): Illuminate/Container/BoundMethod::callBoundMethod()
#20 C:/xampp/htdocs/commite/vendor/laravel/framework/src/Illuminate/Container/Container.php(696): Illuminate/Container/BoundMethod::call()
#21 C:/xampp/htdocs/commite/vendor/laravel/framework/src/Illuminate/Console/Command.php(213): Illuminate/Container/Container->call()
#22 C:/xampp/htdocs/commite/vendor/symfony/console/Command/Command.php(341): Illuminate/Console/Command->execute()
#23 C:/xampp/htdocs/commite/vendor/laravel/framework/src/Illuminate/Console/Command.php(182): Symfony/Component/Console/Command/Command->run()
#24 C:/xampp/htdocs/commite/vendor/symfony/console/Application.php(1117): Illuminate/Console/Command->run()
#25 C:/xampp/htdocs/commite/vendor/symfony/console/Application.php(356): Symfony/Component/Console/Application->doRunCommand()
#26 C:/xampp/htdocs/commite/vendor/symfony/console/Application.php(195): Symfony/Component/Console/Application->doRun()
#27 C:/xampp/htdocs/commite/vendor/laravel/framework/src/Illuminate/Foundation/Console/Kernel.php(198): Symfony/Component/Console/Application->run()
#28 C:/xampp/htdocs/commite/artisan(12): Illuminate/Foundation/Console/Kernel->handle()
#29 {main}

[previous exception] [object] (PDOException(code: HY000): SQLSTATE[HY000]: General error: 1 no such table: jobs at C:/xampp/htdocs/commite/vendor/laravel/framework/src/Illuminate/Database/Connection.php:407)
[stacktrace]
#0 C:/xampp/htdocs/commite/vendor/laravel/framework/src/Illuminate/Database/Connection.php(407): PDO->prepare()
#1 C:/xampp/htdocs/commite/vendor/laravel/framework/src/Illuminate/Database/Connection.php(812): Illuminate/Database/Connection->{closure:Illuminate/Database/Connection::select():398}()
#2 C:/xampp/htdocs/commite/vendor/laravel/framework/src/Illuminate/Database/Connection.php(779): Illuminate/Database/Connection->runQueryCallback()
#3 C:/xampp/htdocs/commite/vendor/laravel/framework/src/Illuminate/Database/Connection.php(398): Illuminate/Database/Connection->run()
#4 C:/xampp/htdocs/commite/vendor/laravel/framework/src/Illuminate/Database/Query/Builder.php(3106): Illuminate/Database/Connection->select()
#5 C:/xampp/htdocs/commite/vendor/laravel/framework/src/Illuminate/Database/Query/Builder.php(3091): Illuminate/Database/Query/Builder->runSelect()
#6 C:/xampp/htdocs/commite/vendor/laravel/framework/src/Illuminate/Database/Query/Builder.php(3676): Illuminate/Database/Query/Builder->{closure:Illuminate/Database/Query/Builder::get():3090}()
#7 C:/xampp/htdocs/commite/vendor/laravel/framework/src/Illuminate/Database/Query/Builder.php(3090): Illuminate/Database/Query/Builder->onceWithColumns()
#8 C:/xampp/htdocs/commite/vendor/laravel/framework/src/Illuminate/Database/Concerns/BuildsQueries.php(343): Illuminate/Database/Query/Builder->get()
#9 C:/xampp/htdocs/commite/vendor/laravel/framework/src/Illuminate/Queue/DatabaseQueue.php(249): Illuminate/Database/Query/Builder->first()
#10 C:/xampp/htdocs/commite/vendor/laravel/framework/src/Illuminate/Queue/DatabaseQueue.php(227): Illuminate/Queue/DatabaseQueue->getNextAvailableJob()
#11 C:/xampp/htdocs/commite/vendor/laravel/framework/src/Illuminate/Database/Concerns/ManagesTransactions.php(32): Illuminate/Queue/DatabaseQueue->{closure:Illuminate/Queue/DatabaseQueue::pop():226}()
#12 C:/xampp/htdocs/commite/vendor/laravel/framework/src/Illuminate/Queue/DatabaseQueue.php(226): Illuminate/Database/Connection->transaction()
#13 C:/xampp/htdocs/commite/vendor/laravel/framework/src/Illuminate/Queue/Worker.php(370): Illuminate/Queue/DatabaseQueue->pop()
#14 C:/xampp/htdocs/commite/vendor/laravel/framework/src/Illuminate/Queue/Worker.php(385): Illuminate/Queue/Worker->{closure:Illuminate/Queue/Worker::getNextJob():369}()
#15 C:/xampp/htdocs/commite/vendor/laravel/framework/src/Illuminate/Queue/Worker.php(175): Illuminate/Queue/Worker->getNextJob()
#16 C:/xampp/htdocs/commite/vendor/laravel/framework/src/Illuminate/Queue/Console/WorkCommand.php(150): Illuminate/Queue/Worker->daemon()
#17 C:/xampp/htdocs/commite/vendor/laravel/framework/src/Illuminate/Queue/Console/WorkCommand.php(133): Illuminate/Queue/Console/WorkCommand->runWorker()
#18 C:/xampp/htdocs/commite/vendor/laravel/framework/src/Illuminate/Container/BoundMethod.php(36): Illuminate/Queue/Console/WorkCommand->handle()
#19 C:/xampp/htdocs/commite/vendor/laravel/framework/src/Illuminate/Container/Util.php(43): Illuminate/Container/BoundMethod::{closure:Illuminate/Container/BoundMethod::call():35}()
#20 C:/xampp/htdocs/commite/vendor/laravel/framework/src/Illuminate/Container/BoundMethod.php(95): Illuminate/Container/Util::unwrapIfClosure()
#21 C:/xampp/htdocs/commite/vendor/laravel/framework/src/Illuminate/Container/BoundMethod.php(35): Illuminate/Container/BoundMethod::callBoundMethod()
#22 C:/xampp/htdocs/commite/vendor/laravel/framework/src/Illuminate/Container/Container.php(696): Illuminate/Container/BoundMethod::call()
#23 C:/xampp/htdocs/commite/vendor/laravel/framework/src/Illuminate/Console/Command.php(213): Illuminate/Container/Container->call()
#24 C:/xampp/htdocs/commite/vendor/symfony/console/Command/Command.php(341): Illuminate/Console/Command->execute()
#25 C:/xampp/htdocs/commite/vendor/laravel/framework/src/Illuminate/Console/Command.php(182): Symfony/Component/Console/Command/Command->run()
#26 C:/xampp/htdocs/commite/vendor/symfony/console/Application.php(1117): Illuminate/Console/Command->run()
#27 C:/xampp/htdocs/commite/vendor/symfony/console/Application.php(356): Symfony/Component/Console/Application->doRunCommand()
#28 C:/xampp/htdocs/commite/vendor/symfony/console/Application.php(195): Symfony/Component/Console/Application->doRun()
#29 C:/xampp/htdocs/commite/vendor/laravel/framework/src/Illuminate/Foundation/Console/Kernel.php(198): Symfony/Component/Console/Application->run()
#30 C:/xampp/htdocs/commite/artisan(12): Illuminate/Foundation/Console/Kernel->handle()
#31 {main}
"} 
[2026-08-26 04:55:13] local.ERROR: SQLSTATE[HY000]: General error: 1 no such table: jobs (Connection: central, SQL: select * from "jobs" where "queue" = default and (("reserved_at" is null and "available_at" <= 1787720113) or ("reserved_at" <= 1787720023)) order by "id" asc limit 1) {"exception":"[object] (Illuminate\\Database\\QueryException(code: HY000): SQLSTATE[HY000]: General error: 1 no such table: jobs (Connection: central, SQL: select * from \"jobs\" where \"queue\" = default and ((\"reserved_at\" is null and \"available_at\" <= 1787720113) or (\"reserved_at\" <= 1787720023)) order by \"id\" asc limit 1) at C:/xampp/htdocs/commite/vendor/laravel/framework/src/Illuminate/Database/Connection.php:825)
[stacktrace]
#0 C:/xampp/htdocs/commite/vendor/laravel/framework/src/Illuminate/Database/Connection.php(779): Illuminate/Database/Connection->runQueryCallback()
#1 C:/xampp/htdocs/commite/vendor/laravel/framework/src/Illuminate/Database/Connection.php(398): Illuminate/Database/Connection->run()
#2 C:/xampp/htdocs/commite/vendor/laravel/framework/src/Illuminate/Database/Query/Builder.php(3106): Illuminate/Database/Connection->select()
#3 C:/xampp/htdocs/commite/vendor/laravel/framework/src/Illuminate/Database/Query/Builder.php(3091): Illuminate/Database/Query/Builder->runSelect()
#4 C:/xampp/htdocs/commite/vendor/laravel/framework/src/Illuminate/Database/Query/Builder.php(3676): Illuminate/Database/Query/Builder->{closure:Illuminate/Database/Query/Builder::get():3090}()
#5 C:/xampp/htdocs/commite/vendor/laravel/framework/src/Illuminate/Database/Query/Builder.php(3090): Illuminate/Database/Query/Builder->onceWithColumns()
#6 C:/xampp/htdocs/commite/vendor/laravel/framework/src/Illuminate/Database/Concerns/BuildsQueries.php(343): Illuminate/Database/Query/Builder->get()
#7 C:/xampp/htdocs/commite/vendor/laravel/framework/src/Illuminate/Queue/DatabaseQueue.php(249): Illuminate/Database/Query/Builder->first()
#8 C:/xampp/htdocs/commite/vendor/laravel/framework/src/Illuminate/Queue/DatabaseQueue.php(227): Illuminate/Queue/DatabaseQueue->getNextAvailableJob()
#9 C:/xampp/htdocs/commite/vendor/laravel/framework/src/Illuminate/Database/Concerns/ManagesTransactions.php(32): Illuminate/Queue/DatabaseQueue->{closure:Illuminate/Queue/DatabaseQueue::pop():226}()
#10 C:/xampp/htdocs/commite/vendor/laravel/framework/src/Illuminate/Queue/DatabaseQueue.php(226): Illuminate/Database/Connection->transaction()
#11 C:/xampp/htdocs/commite/vendor/laravel/framework/src/Illuminate/Queue/Worker.php(370): Illuminate/Queue/DatabaseQueue->pop()
#12 C:/xampp/htdocs/commite/vendor/laravel/framework/src/Illuminate/Queue/Worker.php(385): Illuminate/Queue/Worker->{closure:Illuminate/Queue/Worker::getNextJob():369}()
#13 C:/xampp/htdocs/commite/vendor/laravel/framework/src/Illuminate/Queue/Worker.php(175): Illuminate/Queue/Worker->getNextJob()
#14 C:/xampp/htdocs/commite/vendor/laravel/framework/src/Illuminate/Queue/Console/WorkCommand.php(150): Illuminate/Queue/Worker->daemon()
#15 C:/xampp/htdocs/commite/vendor/laravel/framework/src/Illuminate/Queue/Console/WorkCommand.php(133): Illuminate/Queue/Console/WorkCommand->runWorker()
#16 C:/xampp/htdocs/commite/vendor/laravel/framework/src/Illuminate/Container/BoundMethod.php(36): Illuminate/Queue/Console/WorkCommand->handle()
#17 C:/xampp/htdocs/commite/vendor/laravel/framework/src/Illuminate/Container/Util.php(43): Illuminate/Container/BoundMethod::{closure:Illuminate/Container/BoundMethod::call():35}()
#18 C:/xampp/htdocs/commite/vendor/laravel/framework/src/Illuminate/Container/BoundMethod.php(95): Illuminate/Container/Util::unwrapIfClosure()
#19 C:/xampp/htdocs/commite/vendor/laravel/framework/src/Illuminate/Container/BoundMethod.php(35): Illuminate/Container/BoundMethod::callBoundMethod()
#20 C:/xampp/htdocs/commite/vendor/laravel/framework/src/Illuminate/Container/Container.php(696): Illuminate/Container/BoundMethod::call()
#21 C:/xampp/htdocs/commite/vendor/laravel/framework/src/Illuminate/Console/Command.php(213): Illuminate/Container/Container->call()
#22 C:/xampp/htdocs/commite/vendor/symfony/console/Command/Command.php(341): Illuminate/Console/Command->execute()
#23 C:/xampp/htdocs/commite/vendor/laravel/framework/src/Illuminate/Console/Command.php(182): Symfony/Component/Console/Command/Command->run()
#24 C:/xampp/htdocs/commite/vendor/symfony/console/Application.php(1117): Illuminate/Console/Command->run()
#25 C:/xampp/htdocs/commite/vendor/symfony/console/Application.php(356): Symfony/Component/Console/Application->doRunCommand()
#26 C:/xampp/htdocs/commite/vendor/symfony/console/Application.php(195): Symfony/Component/Console/Application->doRun()
#27 C:/xampp/htdocs/commite/vendor/laravel/framework/src/Illuminate/Foundation/Console/Kernel.php(198): Symfony/Component/Console/Application->run()
#28 C:/xampp/htdocs/commite/artisan(12): Illuminate/Foundation/Console/Kernel->handle()
#29 {main}

[previous exception] [object] (PDOException(code: HY000): SQLSTATE[HY000]: General error: 1 no such table: jobs at C:/xampp/htdocs/commite/vendor/laravel/framework/src/Illuminate/Database/Connection.php:407)
[stacktrace]
#0 C:/xampp/htdocs/commite/vendor/laravel/framework/src/Illuminate/Database/Connection.php(407): PDO->prepare()
#1 C:/xampp/htdocs/commite/vendor/laravel/framework/src/Illuminate/Database/Connection.php(812): Illuminate/Database/Connection->{closure:Illuminate/Database/Connection::select():398}()
#2 C:/xampp/htdocs/commite/vendor/laravel/framework/src/Illuminate/Database/Connection.php(779): Illuminate/Database/Connection->runQueryCallback()
#3 C:/xampp/htdocs/commite/vendor/laravel/framework/src/Illuminate/Database/Connection.php(398): Illuminate/Database/Connection->run()
#4 C:/xampp/htdocs/commite/vendor/laravel/framework/src/Illuminate/Database/Query/Builder.php(3106): Illuminate/Database/Connection->select()
#5 C:/xampp/htdocs/commite/vendor/laravel/framework/src/Illuminate/Database/Query/Builder.php(3091): Illuminate/Database/Query/Builder->runSelect()
#6 C:/xampp/htdocs/commite/vendor/laravel/framework/src/Illuminate/Database/Query/Builder.php(3676): Illuminate/Database/Query/Builder->{closure:Illuminate/Database/Query/Builder::get():3090}()
#7 C:/xampp/htdocs/commite/vendor/laravel/framework/src/Illuminate/Database/Query/Builder.php(3090): Illuminate/Database/Query/Builder->onceWithColumns()
#8 C:/xampp/htdocs/commite/vendor/laravel/framework/src/Illuminate/Database/Concerns/BuildsQueries.php(343): Illuminate/Database/Query/Builder->get()
#9 C:/xampp/htdocs/commite/vendor/laravel/framework/src/Illuminate/Queue/DatabaseQueue.php(249): Illuminate/Database/Query/Builder->first()
#10 C:/xampp/htdocs/commite/vendor/laravel/framework/src/Illuminate/Queue/DatabaseQueue.php(227): Illuminate/Queue/DatabaseQueue->getNextAvailableJob()
#11 C:/xampp/htdocs/commite/vendor/laravel/framework/src/Illuminate/Database/Concerns/ManagesTransactions.php(32): Illuminate/Queue/DatabaseQueue->{closure:Illuminate/Queue/DatabaseQueue::pop():226}()
#12 C:/xampp/htdocs/commite/vendor/laravel/framework/src/Illuminate/Queue/DatabaseQueue.php(226): Illuminate/Database/Connection->transaction()
#13 C:/xampp/htdocs/commite/vendor/laravel/framework/src/Illuminate/Queue/Worker.php(370): Illuminate/Queue/DatabaseQueue->pop()
#14 C:/xampp/htdocs/commite/vendor/laravel/framework/src/Illuminate/Queue/Worker.php(385): Illuminate/Queue/Worker->{closure:Illuminate/Queue/Worker::getNextJob():369}()
#15 C:/xampp/htdocs/commite/vendor/laravel/framework/src/Illuminate/Queue/Worker.php(175): Illuminate/Queue/Worker->getNextJob()
#16 C:/xampp/htdocs/commite/vendor/laravel/framework/src/Illuminate/Queue/Console/WorkCommand.php(150): Illuminate/Queue/Worker->daemon()
#17 C:/xampp/htdocs/commite/vendor/laravel/framework/src/Illuminate/Queue/Console/WorkCommand.php(133): Illuminate/Queue/Console/WorkCommand->runWorker()
#18 C:/xampp/htdocs/commite/vendor/laravel/framework/src/Illuminate/Container/BoundMethod.php(36): Illuminate/Queue/Console/WorkCommand->handle()
#19 C:/xampp/htdocs/commite/vendor/laravel/framework/src/Illuminate/Container/Util.php(43): Illuminate/Container/BoundMethod::{closure:Illuminate/Container/BoundMethod::call():35}()
#20 C:/xampp/htdocs/commite/vendor/laravel/framework/src/Illuminate/Container/BoundMethod.php(95): Illuminate/Container/Util::unwrapIfClosure()
#21 C:/xampp/htdocs/commite/vendor/laravel/framework/src/Illuminate/Container/BoundMethod.php(35): Illuminate/Container/BoundMethod::callBoundMethod()
#22 C:/xampp/htdocs/commite/vendor/laravel/framework/src/Illuminate/Container/Container.php(696): Illuminate/Container/BoundMethod::call()
#23 C:/xampp/htdocs/commite/vendor/laravel/framework/src/Illuminate/Console/Command.php(213): Illuminate/Container/Container->call()
#24 C:/xampp/htdocs/commite/vendor/symfony/console/Command/Command.php(341): Illuminate/Console/Command->execute()
#25 C:/xampp/htdocs/commite/vendor/laravel/framework/src/Illuminate/Console/Command.php(182): Symfony/Component/Console/Command/Command->run()
#26 C:/xampp/htdocs/commite/vendor/symfony/console/Application.php(1117): Illuminate/Console/Command->run()
#27 C:/xampp/htdocs/commite/vendor/symfony/console/Application.php(356): Symfony/Component/Console/Application->doRunCommand()
#28 C:/xampp/htdocs/commite/vendor/symfony/console/Application.php(195): Symfony/Component/Console/Application->doRun()
#29 C:/xampp/htdocs/commite/vendor/laravel/framework/src/Illuminate/Foundation/Console/Kernel.php(198): Symfony/Component/Console/Application->run()
#30 C:/xampp/htdocs/commite/artisan(12): Illuminate/Foundation/Console/Kernel->handle()
#31 {main}
"} 
[2026-08-26 04:55:17] local.ERROR: SQLSTATE[HY000]: General error: 1 no such table: jobs (Connection: central, SQL: select * from "jobs" where "queue" = default and (("reserved_at" is null and "available_at" <= 1787720117) or ("reserved_at" <= 1787720027)) order by "id" asc limit 1) {"exception":"[object] (Illuminate\\Database\\QueryException(code: HY000): SQLSTATE[HY000]: General error: 1 no such table: jobs (Connection: central, SQL: select * from \"jobs\" where \"queue\" = default and ((\"reserved_at\" is null and \"available_at\" <= 1787720117) or (\"reserved_at\" <= 1787720027)) order by \"id\" asc limit 1) at C:/xampp/htdocs/commite/vendor/laravel/framework/src/Illuminate/Database/Connection.php:825)
[stacktrace]
#0 C:/xampp/htdocs/commite/vendor/laravel/framework/src/Illuminate/Database/Connection.php(779): Illuminate/Database/Connection->runQueryCallback()
#1 C:/xampp/htdocs/commite/vendor/laravel/framework/src/Illuminate/Database/Connection.php(398): Illuminate/Database/Connection->run()
#2 C:/xampp/htdocs/commite/vendor/laravel/framework/src/Illuminate/Database/Query/Builder.php(3106): Illuminate/Database/Connection->select()
#3 C:/xampp/htdocs/commite/vendor/laravel/framework/src/Illuminate/Database/Query/Builder.php(3091): Illuminate/Database/Query/Builder->runSelect()
#4 C:/xampp/htdocs/commite/vendor/laravel/framework/src/Illuminate/Database/Query/Builder.php(3676): Illuminate/Database/Query/Builder->{closure:Illuminate/Database/Query/Builder::get():3090}()
#5 C:/xampp/htdocs/commite/vendor/laravel/framework/src/Illuminate/Database/Query/Builder.php(3090): Illuminate/Database/Query/Builder->onceWithColumns()
#6 C:/xampp/htdocs/commite/vendor/laravel/framework/src/Illuminate/Database/Concerns/BuildsQueries.php(343): Illuminate/Database/Query/Builder->get()
#7 C:/xampp/htdocs/commite/vendor/laravel/framework/src/Illuminate/Queue/DatabaseQueue.php(249): Illuminate/Database/Query/Builder->first()
#8 C:/xampp/htdocs/commite/vendor/laravel/framework/src/Illuminate/Queue/DatabaseQueue.php(227): Illuminate/Queue/DatabaseQueue->getNextAvailableJob()
#9 C:/xampp/htdocs/commite/vendor/laravel/framework/src/Illuminate/Database/Concerns/ManagesTransactions.php(32): Illuminate/Queue/DatabaseQueue->{closure:Illuminate/Queue/DatabaseQueue::pop():226}()
#10 C:/xampp/htdocs/commite/vendor/laravel/framework/src/Illuminate/Queue/DatabaseQueue.php(226): Illuminate/Database/Connection->transaction()
#11 C:/xampp/htdocs/commite/vendor/laravel/framework/src/Illuminate/Queue/Worker.php(370): Illuminate/Queue/DatabaseQueue->pop()
#12 C:/xampp/htdocs/commite/vendor/laravel/framework/src/Illuminate/Queue/Worker.php(385): Illuminate/Queue/Worker->{closure:Illuminate/Queue/Worker::getNextJob():369}()
#13 C:/xampp/htdocs/commite/vendor/laravel/framework/src/Illuminate/Queue/Worker.php(175): Illuminate/Queue/Worker->getNextJob()
#14 C:/xampp/htdocs/commite/vendor/laravel/framework/src/Illuminate/Queue/Console/WorkCommand.php(150): Illuminate/Queue/Worker->daemon()
#15 C:/xampp/htdocs/commite/vendor/laravel/framework/src/Illuminate/Queue/Console/WorkCommand.php(133): Illuminate/Queue/Console/WorkCommand->runWorker()
#16 C:/xampp/htdocs/commite/vendor/laravel/framework/src/Illuminate/Container/BoundMethod.php(36): Illuminate/Queue/Console/WorkCommand->handle()
#17 C:/xampp/htdocs/commite/vendor/laravel/framework/src/Illuminate/Container/Util.php(43): Illuminate/Container/BoundMethod::{closure:Illuminate/Container/BoundMethod::call():35}()
#18 C:/xampp/htdocs/commite/vendor/laravel/framework/src/Illuminate/Container/BoundMethod.php(95): Illuminate/Container/Util::unwrapIfClosure()
#19 C:/xampp/htdocs/commite/vendor/laravel/framework/src/Illuminate/Container/BoundMethod.php(35): Illuminate/Container/BoundMethod::callBoundMethod()
#20 C:/xampp/htdocs/commite/vendor/laravel/framework/src/Illuminate/Container/Container.php(696): Illuminate/Container/BoundMethod::call()
#21 C:/xampp/htdocs/commite/vendor/laravel/framework/src/Illuminate/Console/Command.php(213): Illuminate/Container/Container->call()
#22 C:/xampp/htdocs/commite/vendor/symfony/console/Command/Command.php(341): Illuminate/Console/Command->execute()
#23 C:/xampp/htdocs/commite/vendor/laravel/framework/src/Illuminate/Console/Command.php(182): Symfony/Component/Console/Command/Command->run()
#24 C:/xampp/htdocs/commite/vendor/symfony/console/Application.php(1117): Illuminate/Console/Command->run()
#25 C:/xampp/htdocs/commite/vendor/symfony/console/Application.php(356): Symfony/Component/Console/Application->doRunCommand()
#26 C:/xampp/htdocs/commite/vendor/symfony/console/Application.php(195): Symfony/Component/Console/Application->doRun()
#27 C:/xampp/htdocs/commite/vendor/laravel/framework/src/Illuminate/Foundation/Console/Kernel.php(198): Symfony/Component/Console/Application->run()
#28 C:/xampp/htdocs/commite/artisan(12): Illuminate/Foundation/Console/Kernel->handle()
#29 {main}

[previous exception] [object] (PDOException(code: HY000): SQLSTATE[HY000]: General error: 1 no such table: jobs at C:/xampp/htdocs/commite/vendor/laravel/framework/src/Illuminate/Database/Connection.php:407)
[stacktrace]
#0 C:/xampp/htdocs/commite/vendor/laravel/framework/src/Illuminate/Database/Connection.php(407): PDO->prepare()
#1 C:/xampp/htdocs/commite/vendor/laravel/framework/src/Illuminate/Database/Connection.php(812): Illuminate/Database/Connection->{closure:Illuminate/Database/Connection::select():398}()
#2 C:/xampp/htdocs/commite/vendor/laravel/framework/src/Illuminate/Database/Connection.php(779): Illuminate/Database/Connection->runQueryCallback()
#3 C:/xampp/htdocs/commite/vendor/laravel/framework/src/Illuminate/Database/Connection.php(398): Illuminate/Database/Connection->run()
#4 C:/xampp/htdocs/commite/vendor/laravel/framework/src/Illuminate/Database/Query/Builder.php(3106): Illuminate/Database/Connection->select()
#5 C:/xampp/htdocs/commite/vendor/laravel/framework/src/Illuminate/Database/Query/Builder.php(3091): Illuminate/Database/Query/Builder->runSelect()
#6 C:/xampp/htdocs/commite/vendor/laravel/framework/src/Illuminate/Database/Query/Builder.php(3676): Illuminate/Database/Query/Builder->{closure:Illuminate/Database/Query/Builder::get():3090}()
#7 C:/xampp/htdocs/commite/vendor/laravel/framework/src/Illuminate/Database/Query/Builder.php(3090): Illuminate/Database/Query/Builder->onceWithColumns()
#8 C:/xampp/htdocs/commite/vendor/laravel/framework/src/Illuminate/Database/Concerns/BuildsQueries.php(343): Illuminate/Database/Query/Builder->get()
#9 C:/xampp/htdocs/commite/vendor/laravel/framework/src/Illuminate/Queue/DatabaseQueue.php(249): Illuminate/Database/Query/Builder->first()
#10 C:/xampp/htdocs/commite/vendor/laravel/framework/src/Illuminate/Queue/DatabaseQueue.php(227): Illuminate/Queue/DatabaseQueue->getNextAvailableJob()
#11 C:/xampp/htdocs/commite/vendor/laravel/framework/src/Illuminate/Database/Concerns/ManagesTransactions.php(32): Illuminate/Queue/DatabaseQueue->{closure:Illuminate/Queue/DatabaseQueue::pop():226}()
#12 C:/xampp/htdocs/commite/vendor/laravel/framework/src/Illuminate/Queue/DatabaseQueue.php(226): Illuminate/Database/Connection->transaction()
#13 C:/xampp/htdocs/commite/vendor/laravel/framework/src/Illuminate/Queue/Worker.php(370): Illuminate/Queue/DatabaseQueue->pop()
#14 C:/xampp/htdocs/commite/vendor/laravel/framework/src/Illuminate/Queue/Worker.php(385): Illuminate/Queue/Worker->{closure:Illuminate/Queue/Worker::getNextJob():369}()
#15 C:/xampp/htdocs/commite/vendor/laravel/framework/src/Illuminate/Queue/Worker.php(175): Illuminate/Queue/Worker->getNextJob()
#16 C:/xampp/htdocs/commite/vendor/laravel/framework/src/Illuminate/Queue/Console/WorkCommand.php(150): Illuminate/Queue/Worker->daemon()
#17 C:/xampp/htdocs/commite/vendor/laravel/framework/src/Illuminate/Queue/Console/WorkCommand.php(133): Illuminate/Queue/Console/WorkCommand->runWorker()
#18 C:/xampp/htdocs/commite/vendor/laravel/framework/src/Illuminate/Container/BoundMethod.php(36): Illuminate/Queue/Console/WorkCommand->handle()
#19 C:/xampp/htdocs/commite/vendor/laravel/framework/src/Illuminate/Container/Util.php(43): Illuminate/Container/BoundMethod::{closure:Illuminate/Container/BoundMethod::call():35}()
#20 C:/xampp/htdocs/commite/vendor/laravel/framework/src/Illuminate/Container/BoundMethod.php(95): Illuminate/Container/Util::unwrapIfClosure()
#21 C:/xampp/htdocs/commite/vendor/laravel/framework/src/Illuminate/Container/BoundMethod.php(35): Illuminate/Container/BoundMethod::callBoundMethod()
#22 C:/xampp/htdocs/commite/vendor/laravel/framework/src/Illuminate/Container/Container.php(696): Illuminate/Container/BoundMethod::call()
#23 C:/xampp/htdocs/commite/vendor/laravel/framework/src/Illuminate/Console/Command.php(213): Illuminate/Container/Container->call()
#24 C:/xampp/htdocs/commite/vendor/symfony/console/Command/Command.php(341): Illuminate/Console/Command->execute()
#25 C:/xampp/htdocs/commite/vendor/laravel/framework/src/Illuminate/Console/Command.php(182): Symfony/Component/Console/Command/Command->run()
#26 C:/xampp/htdocs/commite/vendor/symfony/console/Application.php(1117): Illuminate/Console/Command->run()
#27 C:/xampp/htdocs/commite/vendor/symfony/console/Application.php(356): Symfony/Component/Console/Application->doRunCommand()
#28 C:/xampp/htdocs/commite/vendor/symfony/console/Application.php(195): Symfony/Component/Console/Application->doRun()
#29 C:/xampp/htdocs/commite/vendor/laravel/framework/src/Illuminate/Foundation/Console/Kernel.php(198): Symfony/Component/Console/Application->run()
#30 C:/xampp/htdocs/commite/artisan(12): Illuminate/Foundation/Console/Kernel->handle()
#31 {main}
"} 
[2026-08-26 04:55:21] local.ERROR: SQLSTATE[HY000]: General error: 1 no such table: jobs (Connection: central, SQL: select * from "jobs" where "queue" = default and (("reserved_at" is null and "available_at" <= 1787720121) or ("reserved_at" <= 1787720031)) order by "id" asc limit 1) {"exception":"[object] (Illuminate\\Database\\QueryException(code: HY000): SQLSTATE[HY000]: General error: 1 no such table: jobs (Connection: central, SQL: select * from \"jobs\" where \"queue\" = default and ((\"reserved_at\" is null and \"available_at\" <= 1787720121) or (\"reserved_at\" <= 1787720031)) order by \"id\" asc limit 1) at C:/xampp/htdocs/commite/vendor/laravel/framework/src/Illuminate/Database/Connection.php:825)
[stacktrace]
#0 C:/xampp/htdocs/commite/vendor/laravel/framework/src/Illuminate/Database/Connection.php(779): Illuminate/Database/Connection->runQueryCallback()
#1 C:/xampp/htdocs/commite/vendor/laravel/framework/src/Illuminate/Database/Connection.php(398): Illuminate/Database/Connection->run()
#2 C:/xampp/htdocs/commite/vendor/laravel/framework/src/Illuminate/Database/Query/Builder.php(3106): Illuminate/Database/Connection->select()
#3 C:/xampp/htdocs/commite/vendor/laravel/framework/src/Illuminate/Database/Query/Builder.php(3091): Illuminate/Database/Query/Builder->runSelect()
#4 C:/xampp/htdocs/commite/vendor/laravel/framework/src/Illuminate/Database/Query/Builder.php(3676): Illuminate/Database/Query/Builder->{closure:Illuminate/Database/Query/Builder::get():3090}()
#5 C:/xampp/htdocs/commite/vendor/laravel/framework/src/Illuminate/Database/Query/Builder.php(3090): Illuminate/Database/Query/Builder->onceWithColumns()
#6 C:/xampp/htdocs/commite/vendor/laravel/framework/src/Illuminate/Database/Concerns/BuildsQueries.php(343): Illuminate/Database/Query/Builder->get()
#7 C:/xampp/htdocs/commite/vendor/laravel/framework/src/Illuminate/Queue/DatabaseQueue.php(249): Illuminate/Database/Query/Builder->first()
#8 C:/xampp/htdocs/commite/vendor/laravel/framework/src/Illuminate/Queue/DatabaseQueue.php(227): Illuminate/Queue/DatabaseQueue->getNextAvailableJob()
#9 C:/xampp/htdocs/commite/vendor/laravel/framework/src/Illuminate/Database/Concerns/ManagesTransactions.php(32): Illuminate/Queue/DatabaseQueue->{closure:Illuminate/Queue/DatabaseQueue::pop():226}()
#10 C:/xampp/htdocs/commite/vendor/laravel/framework/src/Illuminate/Queue/DatabaseQueue.php(226): Illuminate/Database/Connection->transaction()
#11 C:/xampp/htdocs/commite/vendor/laravel/framework/src/Illuminate/Queue/Worker.php(370): Illuminate/Queue/DatabaseQueue->pop()
#12 C:/xampp/htdocs/commite/vendor/laravel/framework/src/Illuminate/Queue/Worker.php(385): Illuminate/Queue/Worker->{closure:Illuminate/Queue/Worker::getNextJob():369}()
#13 C:/xampp/htdocs/commite/vendor/laravel/framework/src/Illuminate/Queue/Worker.php(175): Illuminate/Queue/Worker->getNextJob()
#14 C:/xampp/htdocs/commite/vendor/laravel/framework/src/Illuminate/Queue/Console/WorkCommand.php(150): Illuminate/Queue/Worker->daemon()
#15 C:/xampp/htdocs/commite/vendor/laravel/framework/src/Illuminate/Queue/Console/WorkCommand.php(133): Illuminate/Queue/Console/WorkCommand->runWorker()
#16 C:/xampp/htdocs/commite/vendor/laravel/framework/src/Illuminate/Container/BoundMethod.php(36): Illuminate/Queue/Console/WorkCommand->handle()
#17 C:/xampp/htdocs/commite/vendor/laravel/framework/src/Illuminate/Container/Util.php(43): Illuminate/Container/BoundMethod::{closure:Illuminate/Container/BoundMethod::call():35}()
#18 C:/xampp/htdocs/commite/vendor/laravel/framework/src/Illuminate/Container/BoundMethod.php(95): Illuminate/Container/Util::unwrapIfClosure()
#19 C:/xampp/htdocs/commite/vendor/laravel/framework/src/Illuminate/Container/BoundMethod.php(35): Illuminate/Container/BoundMethod::callBoundMethod()
#20 C:/xampp/htdocs/commite/vendor/laravel/framework/src/Illuminate/Container/Container.php(696): Illuminate/Container/BoundMethod::call()
#21 C:/xampp/htdocs/commite/vendor/laravel/framework/src/Illuminate/Console/Command.php(213): Illuminate/Container/Container->call()
#22 C:/xampp/htdocs/commite/vendor/symfony/console/Command/Command.php(341): Illuminate/Console/Command->execute()
#23 C:/xampp/htdocs/commite/vendor/laravel/framework/src/Illuminate/Console/Command.php(182): Symfony/Component/Console/Command/Command->run()
#24 C:/xampp/htdocs/commite/vendor/symfony/console/Application.php(1117): Illuminate/Console/Command->run()
#25 C:/xampp/htdocs/commite/vendor/symfony/console/Application.php(356): Symfony/Component/Console/Application->doRunCommand()
#26 C:/xampp/htdocs/commite/vendor/symfony/console/Application.php(195): Symfony/Component/Console/Application->doRun()
#27 C:/xampp/htdocs/commite/vendor/laravel/framework/src/Illuminate/Foundation/Console/Kernel.php(198): Symfony/Component/Console/Application->run()
#28 C:/xampp/htdocs/commite/artisan(12): Illuminate/Foundation/Console/Kernel->handle()
#29 {main}

[previous exception] [object] (PDOException(code: HY000): SQLSTATE[HY000]: General error: 1 no such table: jobs at C:/xampp/htdocs/commite/vendor/laravel/framework/src/Illuminate/Database/Connection.php:407)
[stacktrace]
#0 C:/xampp/htdocs/commite/vendor/laravel/framework/src/Illuminate/Database/Connection.php(407): PDO->prepare()
#1 C:/xampp/htdocs/commite/vendor/laravel/framework/src/Illuminate/Database/Connection.php(812): Illuminate/Database/Connection->{closure:Illuminate/Database/Connection::select():398}()
#2 C:/xampp/htdocs/commite/vendor/laravel/framework/src/Illuminate/Database/Connection.php(779): Illuminate/Database/Connection->runQueryCallback()
#3 C:/xampp/htdocs/commite/vendor/laravel/framework/src/Illuminate/Database/Connection.php(398): Illuminate/Database/Connection->run()
#4 C:/xampp/htdocs/commite/vendor/laravel/framework/src/Illuminate/Database/Query/Builder.php(3106): Illuminate/Database/Connection->select()
#5 C:/xampp/htdocs/commite/vendor/laravel/framework/src/Illuminate/Database/Query/Builder.php(3091): Illuminate/Database/Query/Builder->runSelect()
#6 C:/xampp/htdocs/commite/vendor/laravel/framework/src/Illuminate/Database/Query/Builder.php(3676): Illuminate/Database/Query/Builder->{closure:Illuminate/Database/Query/Builder::get():3090}()
#7 C:/xampp/htdocs/commite/vendor/laravel/framework/src/Illuminate/Database/Query/Builder.php(3090): Illuminate/Database/Query/Builder->onceWithColumns()
#8 C:/xampp/htdocs/commite/vendor/laravel/framework/src/Illuminate/Database/Concerns/BuildsQueries.php(343): Illuminate/Database/Query/Builder->get()
#9 C:/xampp/htdocs/commite/vendor/laravel/framework/src/Illuminate/Queue/DatabaseQueue.php(249): Illuminate/Database/Query/Builder->first()
#10 C:/xampp/htdocs/commite/vendor/laravel/framework/src/Illuminate/Queue/DatabaseQueue.php(227): Illuminate/Queue/DatabaseQueue->getNextAvailableJob()
#11 C:/xampp/htdocs/commite/vendor/laravel/framework/src/Illuminate/Database/Concerns/ManagesTransactions.php(32): Illuminate/Queue/DatabaseQueue->{closure:Illuminate/Queue/DatabaseQueue::pop():226}()
#12 C:/xampp/htdocs/commite/vendor/laravel/framework/src/Illuminate/Queue/DatabaseQueue.php(226): Illuminate/Database/Connection->transaction()
#13 C:/xampp/htdocs/commite/vendor/laravel/framework/src/Illuminate/Queue/Worker.php(370): Illuminate/Queue/DatabaseQueue->pop()
#14 C:/xampp/htdocs/commite/vendor/laravel/framework/src/Illuminate/Queue/Worker.php(385): Illuminate/Queue/Worker->{closure:Illuminate/Queue/Worker::getNextJob():369}()
#15 C:/xampp/htdocs/commite/vendor/laravel/framework/src/Illuminate/Queue/Worker.php(175): Illuminate/Queue/Worker->getNextJob()
#16 C:/xampp/htdocs/commite/vendor/laravel/framework/src/Illuminate/Queue/Console/WorkCommand.php(150): Illuminate/Queue/Worker->daemon()
#17 C:/xampp/htdocs/commite/vendor/laravel/framework/src/Illuminate/Queue/Console/WorkCommand.php(133): Illuminate/Queue/Console/WorkCommand->runWorker()
#18 C:/xampp/htdocs/commite/vendor/laravel/framework/src/Illuminate/Container/BoundMethod.php(36): Illuminate/Queue/Console/WorkCommand->handle()
#19 C:/xampp/htdocs/commite/vendor/laravel/framework/src/Illuminate/Container/Util.php(43): Illuminate/Container/BoundMethod::{closure:Illuminate/Container/BoundMethod::call():35}()
#20 C:/xampp/htdocs/commite/vendor/laravel/framework/src/Illuminate/Container/BoundMethod.php(95): Illuminate/Container/Util::unwrapIfClosure()
#21 C:/xampp/htdocs/commite/vendor/laravel/framework/src/Illuminate/Container/BoundMethod.php(35): Illuminate/Container/BoundMethod::callBoundMethod()
#22 C:/xampp/htdocs/commite/vendor/laravel/framework/src/Illuminate/Container/Container.php(696): Illuminate/Container/BoundMethod::call()
#23 C:/xampp/htdocs/commite/vendor/laravel/framework/src/Illuminate/Console/Command.php(213): Illuminate/Container/Container->call()
#24 C:/xampp/htdocs/commite/vendor/symfony/console/Command/Command.php(341): Illuminate/Console/Command->execute()
#25 C:/xampp/htdocs/commite/vendor/laravel/framework/src/Illuminate/Console/Command.php(182): Symfony/Component/Console/Command/Command->run()
#26 C:/xampp/htdocs/commite/vendor/symfony/console/Application.php(1117): Illuminate/Console/Command->run()
#27 C:/xampp/htdocs/commite/vendor/symfony/console/Application.php(356): Symfony/Component/Console/Application->doRunCommand()
#28 C:/xampp/htdocs/commite/vendor/symfony/console/Application.php(195): Symfony/Component/Console/Application->doRun()
#29 C:/xampp/htdocs/commite/vendor/laravel/framework/src/Illuminate/Foundation/Console/Kernel.php(198): Symfony/Component/Console/Application->run()
#30 C:/xampp/htdocs/commite/artisan(12): Illuminate/Foundation/Console/Kernel->handle()
#31 {main}
"} 
[2026-08-26 04:55:25] local.ERROR: SQLSTATE[HY000]: General error: 1 no such table: jobs (Connection: central, SQL: select * from "jobs" where "queue" = default and (("reserved_at" is null and "available_at" <= 1787720125) or ("reserved_at" <= 1787720035)) order by "id" asc limit 1) {"exception":"[object] (Illuminate\\Database\\QueryException(code: HY000): SQLSTATE[HY000]: General error: 1 no such table: jobs (Connection: central, SQL: select * from \"jobs\" where \"queue\" = default and ((\"reserved_at\" is null and \"available_at\" <= 1787720125) or (\"reserved_at\" <= 1787720035)) order by \"id\" asc limit 1) at C:/xampp/htdocs/commite/vendor/laravel/framework/src/Illuminate/Database/Connection.php:825)
[stacktrace]
#0 C:/xampp/htdocs/commite/vendor/laravel/framework/src/Illuminate/Database/Connection.php(779): Illuminate/Database/Connection->runQueryCallback()
#1 C:/xampp/htdocs/commite/vendor/laravel/framework/src/Illuminate/Database/Connection.php(398): Illuminate/Database/Connection->run()
#2 C:/xampp/htdocs/commite/vendor/laravel/framework/src/Illuminate/Database/Query/Builder.php(3106): Illuminate/Database/Connection->select()
#3 C:/xampp/htdocs/commite/vendor/laravel/framework/src/Illuminate/Database/Query/Builder.php(3091): Illuminate/Database/Query/Builder->runSelect()
#4 C:/xampp/htdocs/commite/vendor/laravel/framework/src/Illuminate/Database/Query/Builder.php(3676): Illuminate/Database/Query/Builder->{closure:Illuminate/Database/Query/Builder::get():3090}()
#5 C:/xampp/htdocs/commite/vendor/laravel/framework/src/Illuminate/Database/Query/Builder.php(3090): Illuminate/Database/Query/Builder->onceWithColumns()
#6 C:/xampp/htdocs/commite/vendor/laravel/framework/src/Illuminate/Database/Concerns/BuildsQueries.php(343): Illuminate/Database/Query/Builder->get()
#7 C:/xampp/htdocs/commite/vendor/laravel/framework/src/Illuminate/Queue/DatabaseQueue.php(249): Illuminate/Database/Query/Builder->first()
#8 C:/xampp/htdocs/commite/vendor/laravel/framework/src/Illuminate/Queue/DatabaseQueue.php(227): Illuminate/Queue/DatabaseQueue->getNextAvailableJob()
#9 C:/xampp/htdocs/commite/vendor/laravel/framework/src/Illuminate/Database/Concerns/ManagesTransactions.php(32): Illuminate/Queue/DatabaseQueue->{closure:Illuminate/Queue/DatabaseQueue::pop():226}()
#10 C:/xampp/htdocs/commite/vendor/laravel/framework/src/Illuminate/Queue/DatabaseQueue.php(226): Illuminate/Database/Connection->transaction()
#11 C:/xampp/htdocs/commite/vendor/laravel/framework/src/Illuminate/Queue/Worker.php(370): Illuminate/Queue/DatabaseQueue->pop()
#12 C:/xampp/htdocs/commite/vendor/laravel/framework/src/Illuminate/Queue/Worker.php(385): Illuminate/Queue/Worker->{closure:Illuminate/Queue/Worker::getNextJob():369}()
#13 C:/xampp/htdocs/commite/vendor/laravel/framework/src/Illuminate/Queue/Worker.php(175): Illuminate/Queue/Worker->getNextJob()
#14 C:/xampp/htdocs/commite/vendor/laravel/framework/src/Illuminate/Queue/Console/WorkCommand.php(150): Illuminate/Queue/Worker->daemon()
#15 C:/xampp/htdocs/commite/vendor/laravel/framework/src/Illuminate/Queue/Console/WorkCommand.php(133): Illuminate/Queue/Console/WorkCommand->runWorker()
#16 C:/xampp/htdocs/commite/vendor/laravel/framework/src/Illuminate/Container/BoundMethod.php(36): Illuminate/Queue/Console/WorkCommand->handle()
#17 C:/xampp/htdocs/commite/vendor/laravel/framework/src/Illuminate/Container/Util.php(43): Illuminate/Container/BoundMethod::{closure:Illuminate/Container/BoundMethod::call():35}()
#18 C:/xampp/htdocs/commite/vendor/laravel/framework/src/Illuminate/Container/BoundMethod.php(95): Illuminate/Container/Util::unwrapIfClosure()
#19 C:/xampp/htdocs/commite/vendor/laravel/framework/src/Illuminate/Container/BoundMethod.php(35): Illuminate/Container/BoundMethod::callBoundMethod()
#20 C:/xampp/htdocs/commite/vendor/laravel/framework/src/Illuminate/Container/Container.php(696): Illuminate/Container/BoundMethod::call()
#21 C:/xampp/htdocs/commite/vendor/laravel/framework/src/Illuminate/Console/Command.php(213): Illuminate/Container/Container->call()
#22 C:/xampp/htdocs/commite/vendor/symfony/console/Command/Command.php(341): Illuminate/Console/Command->execute()
#23 C:/xampp/htdocs/commite/vendor/laravel/framework/src/Illuminate/Console/Command.php(182): Symfony/Component/Console/Command/Command->run()
#24 C:/xampp/htdocs/commite/vendor/symfony/console/Application.php(1117): Illuminate/Console/Command->run()
#25 C:/xampp/htdocs/commite/vendor/symfony/console/Application.php(356): Symfony/Component/Console/Application->doRunCommand()
#26 C:/xampp/htdocs/commite/vendor/symfony/console/Application.php(195): Symfony/Component/Console/Application->doRun()
#27 C:/xampp/htdocs/commite/vendor/laravel/framework/src/Illuminate/Foundation/Console/Kernel.php(198): Symfony/Component/Console/Application->run()
#28 C:/xampp/htdocs/commite/artisan(12): Illuminate/Foundation/Console/Kernel->handle()
#29 {main}

[previous exception] [object] (PDOException(code: HY000): SQLSTATE[HY000]: General error: 1 no such table: jobs at C:/xampp/htdocs/commite/vendor/laravel/framework/src/Illuminate/Database/Connection.php:407)
[stacktrace]
#0 C:/xampp/htdocs/commite/vendor/laravel/framework/src/Illuminate/Database/Connection.php(407): PDO->prepare()
#1 C:/xampp/htdocs/commite/vendor/laravel/framework/src/Illuminate/Database/Connection.php(812): Illuminate/Database/Connection->{closure:Illuminate/Database/Connection::select():398}()
#2 C:/xampp/htdocs/commite/vendor/laravel/framework/src/Illuminate/Database/Connection.php(779): Illuminate/Database/Connection->runQueryCallback()
#3 C:/xampp/htdocs/commite/vendor/laravel/framework/src/Illuminate/Database/Connection.php(398): Illuminate/Database/Connection->run()
#4 C:/xampp/htdocs/commite/vendor/laravel/framework/src/Illuminate/Database/Query/Builder.php(3106): Illuminate/Database/Connection->select()
#5 C:/xampp/htdocs/commite/vendor/laravel/framework/src/Illuminate/Database/Query/Builder.php(3091): Illuminate/Database/Query/Builder->runSelect()
#6 C:/xampp/htdocs/commite/vendor/laravel/framework/src/Illuminate/Database/Query/Builder.php(3676): Illuminate/Database/Query/Builder->{closure:Illuminate/Database/Query/Builder::get():3090}()
#7 C:/xampp/htdocs/commite/vendor/laravel/framework/src/Illuminate/Database/Query/Builder.php(3090): Illuminate/Database/Query/Builder->onceWithColumns()
#8 C:/xampp/htdocs/commite/vendor/laravel/framework/src/Illuminate/Database/Concerns/BuildsQueries.php(343): Illuminate/Database/Query/Builder->get()
#9 C:/xampp/htdocs/commite/vendor/laravel/framework/src/Illuminate/Queue/DatabaseQueue.php(249): Illuminate/Database/Query/Builder->first()
#10 C:/xampp/htdocs/commite/vendor/laravel/framework/src/Illuminate/Queue/DatabaseQueue.php(227): Illuminate/Queue/DatabaseQueue->getNextAvailableJob()
#11 C:/xampp/htdocs/commite/vendor/laravel/framework/src/Illuminate/Database/Concerns/ManagesTransactions.php(32): Illuminate/Queue/DatabaseQueue->{closure:Illuminate/Queue/DatabaseQueue::pop():226}()
#12 C:/xampp/htdocs/commite/vendor/laravel/framework/src/Illuminate/Queue/DatabaseQueue.php(226): Illuminate/Database/Connection->transaction()
#13 C:/xampp/htdocs/commite/vendor/laravel/framework/src/Illuminate/Queue/Worker.php(370): Illuminate/Queue/DatabaseQueue->pop()
#14 C:/xampp/htdocs/commite/vendor/laravel/framework/src/Illuminate/Queue/Worker.php(385): Illuminate/Queue/Worker->{closure:Illuminate/Queue/Worker::getNextJob():369}()
#15 C:/xampp/htdocs/commite/vendor/laravel/framework/src/Illuminate/Queue/Worker.php(175): Illuminate/Queue/Worker->getNextJob()
#16 C:/xampp/htdocs/commite/vendor/laravel/framework/src/Illuminate/Queue/Console/WorkCommand.php(150): Illuminate/Queue/Worker->daemon()
#17 C:/xampp/htdocs/commite/vendor/laravel/framework/src/Illuminate/Queue/Console/WorkCommand.php(133): Illuminate/Queue/Console/WorkCommand->runWorker()
#18 C:/xampp/htdocs/commite/vendor/laravel/framework/src/Illuminate/Container/BoundMethod.php(36): Illuminate/Queue/Console/WorkCommand->handle()
#19 C:/xampp/htdocs/commite/vendor/laravel/framework/src/Illuminate/Container/Util.php(43): Illuminate/Container/BoundMethod::{closure:Illuminate/Container/BoundMethod::call():35}()
#20 C:/xampp/htdocs/commite/vendor/laravel/framework/src/Illuminate/Container/BoundMethod.php(95): Illuminate/Container/Util::unwrapIfClosure()
#21 C:/xampp/htdocs/commite/vendor/laravel/framework/src/Illuminate/Container/BoundMethod.php(35): Illuminate/Container/BoundMethod::callBoundMethod()
#22 C:/xampp/htdocs/commite/vendor/laravel/framework/src/Illuminate/Container/Container.php(696): Illuminate/Container/BoundMethod::call()
#23 C:/xampp/htdocs/commite/vendor/laravel/framework/src/Illuminate/Console/Command.php(213): Illuminate/Container/Container->call()
#24 C:/xampp/htdocs/commite/vendor/symfony/console/Command/Command.php(341): Illuminate/Console/Command->execute()
#25 C:/xampp/htdocs/commite/vendor/laravel/framework/src/Illuminate/Console/Command.php(182): Symfony/Component/Console/Command/Command->run()
#26 C:/xampp/htdocs/commite/vendor/symfony/console/Application.php(1117): Illuminate/Console/Command->run()
#27 C:/xampp/htdocs/commite/vendor/symfony/console/Application.php(356): Symfony/Component/Console/Application->doRunCommand()
#28 C:/xampp/htdocs/commite/vendor/symfony/console/Application.php(195): Symfony/Component/Console/Application->doRun()
#29 C:/xampp/htdocs/commite/vendor/laravel/framework/src/Illuminate/Foundation/Console/Kernel.php(198): Symfony/Component/Console/Application->run()
#30 C:/xampp/htdocs/commite/artisan(12): Illuminate/Foundation/Console/Kernel->handle()
#31 {main}
"} 
[2026-08-26 04:55:29] local.ERROR: SQLSTATE[HY000]: General error: 1 no such table: jobs (Connection: central, SQL: select * from "jobs" where "queue" = default and (("reserved_at" is null and "available_at" <= 1787720129) or ("reserved_at" <= 1787720039)) order by "id" asc limit 1) {"exception":"[object] (Illuminate\\Database\\QueryException(code: HY000): SQLSTATE[HY000]: General error: 1 no such table: jobs (Connection: central, SQL: select * from \"jobs\" where \"queue\" = default and ((\"reserved_at\" is null and \"available_at\" <= 1787720129) or (\"reserved_at\" <= 1787720039)) order by \"id\" asc limit 1) at C:/xampp/htdocs/commite/vendor/laravel/framework/src/Illuminate/Database/Connection.php:825)
[stacktrace]
#0 C:/xampp/htdocs/commite/vendor/laravel/framework/src/Illuminate/Database/Connection.php(779): Illuminate/Database/Connection->runQueryCallback()
#1 C:/xampp/htdocs/commite/vendor/laravel/framework/src/Illuminate/Database/Connection.php(398): Illuminate/Database/Connection->run()
#2 C:/xampp/htdocs/commite/vendor/laravel/framework/src/Illuminate/Database/Query/Builder.php(3106): Illuminate/Database/Connection->select()
#3 C:/xampp/htdocs/commite/vendor/laravel/framework/src/Illuminate/Database/Query/Builder.php(3091): Illuminate/Database/Query/Builder->runSelect()
#4 C:/xampp/htdocs/commite/vendor/laravel/framework/src/Illuminate/Database/Query/Builder.php(3676): Illuminate/Database/Query/Builder->{closure:Illuminate/Database/Query/Builder::get():3090}()
#5 C:/xampp/htdocs/commite/vendor/laravel/framework/src/Illuminate/Database/Query/Builder.php(3090): Illuminate/Database/Query/Builder->onceWithColumns()
#6 C:/xampp/htdocs/commite/vendor/laravel/framework/src/Illuminate/Database/Concerns/BuildsQueries.php(343): Illuminate/Database/Query/Builder->get()
#7 C:/xampp/htdocs/commite/vendor/laravel/framework/src/Illuminate/Queue/DatabaseQueue.php(249): Illuminate/Database/Query/Builder->first()
#8 C:/xampp/htdocs/commite/vendor/laravel/framework/src/Illuminate/Queue/DatabaseQueue.php(227): Illuminate/Queue/DatabaseQueue->getNextAvailableJob()
#9 C:/xampp/htdocs/commite/vendor/laravel/framework/src/Illuminate/Database/Concerns/ManagesTransactions.php(32): Illuminate/Queue/DatabaseQueue->{closure:Illuminate/Queue/DatabaseQueue::pop():226}()
#10 C:/xampp/htdocs/commite/vendor/laravel/framework/src/Illuminate/Queue/DatabaseQueue.php(226): Illuminate/Database/Connection->transaction()
#11 C:/xampp/htdocs/commite/vendor/laravel/framework/src/Illuminate/Queue/Worker.php(370): Illuminate/Queue/DatabaseQueue->pop()
#12 C:/xampp/htdocs/commite/vendor/laravel/framework/src/Illuminate/Queue/Worker.php(385): Illuminate/Queue/Worker->{closure:Illuminate/Queue/Worker::getNextJob():369}()
#13 C:/xampp/htdocs/commite/vendor/laravel/framework/src/Illuminate/Queue/Worker.php(175): Illuminate/Queue/Worker->getNextJob()
#14 C:/xampp/htdocs/commite/vendor/laravel/framework/src/Illuminate/Queue/Console/WorkCommand.php(150): Illuminate/Queue/Worker->daemon()
#15 C:/xampp/htdocs/commite/vendor/laravel/framework/src/Illuminate/Queue/Console/WorkCommand.php(133): Illuminate/Queue/Console/WorkCommand->runWorker()
#16 C:/xampp/htdocs/commite/vendor/laravel/framework/src/Illuminate/Container/BoundMethod.php(36): Illuminate/Queue/Console/WorkCommand->handle()
#17 C:/xampp/htdocs/commite/vendor/laravel/framework/src/Illuminate/Container/Util.php(43): Illuminate/Container/BoundMethod::{closure:Illuminate/Container/BoundMethod::call():35}()
#18 C:/xampp/htdocs/commite/vendor/laravel/framework/src/Illuminate/Container/BoundMethod.php(95): Illuminate/Container/Util::unwrapIfClosure()
#19 C:/xampp/htdocs/commite/vendor/laravel/framework/src/Illuminate/Container/BoundMethod.php(35): Illuminate/Container/BoundMethod::callBoundMethod()
#20 C:/xampp/htdocs/commite/vendor/laravel/framework/src/Illuminate/Container/Container.php(696): Illuminate/Container/BoundMethod::call()
#21 C:/xampp/htdocs/commite/vendor/laravel/framework/src/Illuminate/Console/Command.php(213): Illuminate/Container/Container->call()
#22 C:/xampp/htdocs/commite/vendor/symfony/console/Command/Command.php(341): Illuminate/Console/Command->execute()
#23 C:/xampp/htdocs/commite/vendor/laravel/framework/src/Illuminate/Console/Command.php(182): Symfony/Component/Console/Command/Command->run()
#24 C:/xampp/htdocs/commite/vendor/symfony/console/Application.php(1117): Illuminate/Console/Command->run()
#25 C:/xampp/htdocs/commite/vendor/symfony/console/Application.php(356): Symfony/Component/Console/Application->doRunCommand()
#26 C:/xampp/htdocs/commite/vendor/symfony/console/Application.php(195): Symfony/Component/Console/Application->doRun()
#27 C:/xampp/htdocs/commite/vendor/laravel/framework/src/Illuminate/Foundation/Console/Kernel.php(198): Symfony/Component/Console/Application->run()
#28 C:/xampp/htdocs/commite/artisan(12): Illuminate/Foundation/Console/Kernel->handle()
#29 {main}

[previous exception] [object] (PDOException(code: HY000): SQLSTATE[HY000]: General error: 1 no such table: jobs at C:/xampp/htdocs/commite/vendor/laravel/framework/src/Illuminate/Database/Connection.php:407)
[stacktrace]
#0 C:/xampp/htdocs/commite/vendor/laravel/framework/src/Illuminate/Database/Connection.php(407): PDO->prepare()
#1 C:/xampp/htdocs/commite/vendor/laravel/framework/src/Illuminate/Database/Connection.php(812): Illuminate/Database/Connection->{closure:Illuminate/Database/Connection::select():398}()
#2 C:/xampp/htdocs/commite/vendor/laravel/framework/src/Illuminate/Database/Connection.php(779): Illuminate/Database/Connection->runQueryCallback()
#3 C:/xampp/htdocs/commite/vendor/laravel/framework/src/Illuminate/Database/Connection.php(398): Illuminate/Database/Connection->run()
#4 C:/xampp/htdocs/commite/vendor/laravel/framework/src/Illuminate/Database/Query/Builder.php(3106): Illuminate/Database/Connection->select()
#5 C:/xampp/htdocs/commite/vendor/laravel/framework/src/Illuminate/Database/Query/Builder.php(3091): Illuminate/Database/Query/Builder->runSelect()
#6 C:/xampp/htdocs/commite/vendor/laravel/framework/src/Illuminate/Database/Query/Builder.php(3676): Illuminate/Database/Query/Builder->{closure:Illuminate/Database/Query/Builder::get():3090}()
#7 C:/xampp/htdocs/commite/vendor/laravel/framework/src/Illuminate/Database/Query/Builder.php(3090): Illuminate/Database/Query/Builder->onceWithColumns()
#8 C:/xampp/htdocs/commite/vendor/laravel/framework/src/Illuminate/Database/Concerns/BuildsQueries.php(343): Illuminate/Database/Query/Builder->get()
#9 C:/xampp/htdocs/commite/vendor/laravel/framework/src/Illuminate/Queue/DatabaseQueue.php(249): Illuminate/Database/Query/Builder->first()
#10 C:/xampp/htdocs/commite/vendor/laravel/framework/src/Illuminate/Queue/DatabaseQueue.php(227): Illuminate/Queue/DatabaseQueue->getNextAvailableJob()
#11 C:/xampp/htdocs/commite/vendor/laravel/framework/src/Illuminate/Database/Concerns/ManagesTransactions.php(32): Illuminate/Queue/DatabaseQueue->{closure:Illuminate/Queue/DatabaseQueue::pop():226}()
#12 C:/xampp/htdocs/commite/vendor/laravel/framework/src/Illuminate/Queue/DatabaseQueue.php(226): Illuminate/Database/Connection->transaction()
#13 C:/xampp/htdocs/commite/vendor/laravel/framework/src/Illuminate/Queue/Worker.php(370): Illuminate/Queue/DatabaseQueue->pop()
#14 C:/xampp/htdocs/commite/vendor/laravel/framework/src/Illuminate/Queue/Worker.php(385): Illuminate/Queue/Worker->{closure:Illuminate/Queue/Worker::getNextJob():369}()
#15 C:/xampp/htdocs/commite/vendor/laravel/framework/src/Illuminate/Queue/Worker.php(175): Illuminate/Queue/Worker->getNextJob()
#16 C:/xampp/htdocs/commite/vendor/laravel/framework/src/Illuminate/Queue/Console/WorkCommand.php(150): Illuminate/Queue/Worker->daemon()
#17 C:/xampp/htdocs/commite/vendor/laravel/framework/src/Illuminate/Queue/Console/WorkCommand.php(133): Illuminate/Queue/Console/WorkCommand->runWorker()
#18 C:/xampp/htdocs/commite/vendor/laravel/framework/src/Illuminate/Container/BoundMethod.php(36): Illuminate/Queue/Console/WorkCommand->handle()
#19 C:/xampp/htdocs/commite/vendor/laravel/framework/src/Illuminate/Container/Util.php(43): Illuminate/Container/BoundMethod::{closure:Illuminate/Container/BoundMethod::call():35}()
#20 C:/xampp/htdocs/commite/vendor/laravel/framework/src/Illuminate/Container/BoundMethod.php(95): Illuminate/Container/Util::unwrapIfClosure()
#21 C:/xampp/htdocs/commite/vendor/laravel/framework/src/Illuminate/Container/BoundMethod.php(35): Illuminate/Container/BoundMethod::callBoundMethod()
#22 C:/xampp/htdocs/commite/vendor/laravel/framework/src/Illuminate/Container/Container.php(696): Illuminate/Container/BoundMethod::call()
#23 C:/xampp/htdocs/commite/vendor/laravel/framework/src/Illuminate/Console/Command.php(213): Illuminate/Container/Container->call()
#24 C:/xampp/htdocs/commite/vendor/symfony/console/Command/Command.php(341): Illuminate/Console/Command->execute()
#25 C:/xampp/htdocs/commite/vendor/laravel/framework/src/Illuminate/Console/Command.php(182): Symfony/Component/Console/Command/Command->run()
#26 C:/xampp/htdocs/commite/vendor/symfony/console/Application.php(1117): Illuminate/Console/Command->run()
#27 C:/xampp/htdocs/commite/vendor/symfony/console/Application.php(356): Symfony/Component/Console/Application->doRunCommand()
#28 C:/xampp/htdocs/commite/vendor/symfony/console/Application.php(195): Symfony/Component/Console/Application->doRun()
#29 C:/xampp/htdocs/commite/vendor/laravel/framework/src/Illuminate/Foundation/Console/Kernel.php(198): Symfony/Component/Console/Application->run()
#30 C:/xampp/htdocs/commite/artisan(12): Illuminate/Foundation/Console/Kernel->handle()
#31 {main}
"} 
[2026-08-26 04:55:33] local.ERROR: SQLSTATE[HY000]: General error: 1 no such table: jobs (Connection: central, SQL: select * from "jobs" where "queue" = default and (("reserved_at" is null and "available_at" <= 1787720133) or ("reserved_at" <= 1787720043)) order by "id" asc limit 1) {"exception":"[object] (Illuminate\\Database\\QueryException(code: HY000): SQLSTATE[HY000]: General error: 1 no such table: jobs (Connection: central, SQL: select * from \"jobs\" where \"queue\" = default and ((\"reserved_at\" is null and \"available_at\" <= 1787720133) or (\"reserved_at\" <= 1787720043)) order by \"id\" asc limit 1) at C:/xampp/htdocs/commite/vendor/laravel/framework/src/Illuminate/Database/Connection.php:825)
[stacktrace]
#0 C:/xampp/htdocs/commite/vendor/laravel/framework/src/Illuminate/Database/Connection.php(779): Illuminate/Database/Connection->runQueryCallback()
#1 C:/xampp/htdocs/commite/vendor/laravel/framework/src/Illuminate/Database/Connection.php(398): Illuminate/Database/Connection->run()
#2 C:/xampp/htdocs/commite/vendor/laravel/framework/src/Illuminate/Database/Query/Builder.php(3106): Illuminate/Database/Connection->select()
#3 C:/xampp/htdocs/commite/vendor/laravel/framework/src/Illuminate/Database/Query/Builder.php(3091): Illuminate/Database/Query/Builder->runSelect()
#4 C:/xampp/htdocs/commite/vendor/laravel/framework/src/Illuminate/Database/Query/Builder.php(3676): Illuminate/Database/Query/Builder->{closure:Illuminate/Database/Query/Builder::get():3090}()
#5 C:/xampp/htdocs/commite/vendor/laravel/framework/src/Illuminate/Database/Query/Builder.php(3090): Illuminate/Database/Query/Builder->onceWithColumns()
#6 C:/xampp/htdocs/commite/vendor/laravel/framework/src/Illuminate/Database/Concerns/BuildsQueries.php(343): Illuminate/Database/Query/Builder->get()
#7 C:/xampp/htdocs/commite/vendor/laravel/framework/src/Illuminate/Queue/DatabaseQueue.php(249): Illuminate/Database/Query/Builder->first()
#8 C:/xampp/htdocs/commite/vendor/laravel/framework/src/Illuminate/Queue/DatabaseQueue.php(227): Illuminate/Queue/DatabaseQueue->getNextAvailableJob()
#9 C:/xampp/htdocs/commite/vendor/laravel/framework/src/Illuminate/Database/Concerns/ManagesTransactions.php(32): Illuminate/Queue/DatabaseQueue->{closure:Illuminate/Queue/DatabaseQueue::pop():226}()
#10 C:/xampp/htdocs/commite/vendor/laravel/framework/src/Illuminate/Queue/DatabaseQueue.php(226): Illuminate/Database/Connection->transaction()
#11 C:/xampp/htdocs/commite/vendor/laravel/framework/src/Illuminate/Queue/Worker.php(370): Illuminate/Queue/DatabaseQueue->pop()
#12 C:/xampp/htdocs/commite/vendor/laravel/framework/src/Illuminate/Queue/Worker.php(385): Illuminate/Queue/Worker->{closure:Illuminate/Queue/Worker::getNextJob():369}()
#13 C:/xampp/htdocs/commite/vendor/laravel/framework/src/Illuminate/Queue/Worker.php(175): Illuminate/Queue/Worker->getNextJob()
#14 C:/xampp/htdocs/commite/vendor/laravel/framework/src/Illuminate/Queue/Console/WorkCommand.php(150): Illuminate/Queue/Worker->daemon()
#15 C:/xampp/htdocs/commite/vendor/laravel/framework/src/Illuminate/Queue/Console/WorkCommand.php(133): Illuminate/Queue/Console/WorkCommand->runWorker()
#16 C:/xampp/htdocs/commite/vendor/laravel/framework/src/Illuminate/Container/BoundMethod.php(36): Illuminate/Queue/Console/WorkCommand->handle()
#17 C:/xampp/htdocs/commite/vendor/laravel/framework/src/Illuminate/Container/Util.php(43): Illuminate/Container/BoundMethod::{closure:Illuminate/Container/BoundMethod::call():35}()
#18 C:/xampp/htdocs/commite/vendor/laravel/framework/src/Illuminate/Container/BoundMethod.php(95): Illuminate/Container/Util::unwrapIfClosure()
#19 C:/xampp/htdocs/commite/vendor/laravel/framework/src/Illuminate/Container/BoundMethod.php(35): Illuminate/Container/BoundMethod::callBoundMethod()
#20 C:/xampp/htdocs/commite/vendor/laravel/framework/src/Illuminate/Container/Container.php(696): Illuminate/Container/BoundMethod::call()
#21 C:/xampp/htdocs/commite/vendor/laravel/framework/src/Illuminate/Console/Command.php(213): Illuminate/Container/Container->call()
#22 C:/xampp/htdocs/commite/vendor/symfony/console/Command/Command.php(341): Illuminate/Console/Command->execute()
#23 C:/xampp/htdocs/commite/vendor/laravel/framework/src/Illuminate/Console/Command.php(182): Symfony/Component/Console/Command/Command->run()
#24 C:/xampp/htdocs/commite/vendor/symfony/console/Application.php(1117): Illuminate/Console/Command->run()
#25 C:/xampp/htdocs/commite/vendor/symfony/console/Application.php(356): Symfony/Component/Console/Application->doRunCommand()
#26 C:/xampp/htdocs/commite/vendor/symfony/console/Application.php(195): Symfony/Component/Console/Application->doRun()
#27 C:/xampp/htdocs/commite/vendor/laravel/framework/src/Illuminate/Foundation/Console/Kernel.php(198): Symfony/Component/Console/Application->run()
#28 C:/xampp/htdocs/commite/artisan(12): Illuminate/Foundation/Console/Kernel->handle()
#29 {main}

[previous exception] [object] (PDOException(code: HY000): SQLSTATE[HY000]: General error: 1 no such table: jobs at C:/xampp/htdocs/commite/vendor/laravel/framework/src/Illuminate/Database/Connection.php:407)
[stacktrace]
#0 C:/xampp/htdocs/commite/vendor/laravel/framework/src/Illuminate/Database/Connection.php(407): PDO->prepare()
#1 C:/xampp/htdocs/commite/vendor/laravel/framework/src/Illuminate/Database/Connection.php(812): Illuminate/Database/Connection->{closure:Illuminate/Database/Connection::select():398}()
#2 C:/xampp/htdocs/commite/vendor/laravel/framework/src/Illuminate/Database/Connection.php(779): Illuminate/Database/Connection->runQueryCallback()
#3 C:/xampp/htdocs/commite/vendor/laravel/framework/src/Illuminate/Database/Connection.php(398): Illuminate/Database/Connection->run()
#4 C:/xampp/htdocs/commite/vendor/laravel/framework/src/Illuminate/Database/Query/Builder.php(3106): Illuminate/Database/Connection->select()
#5 C:/xampp/htdocs/commite/vendor/laravel/framework/src/Illuminate/Database/Query/Builder.php(3091): Illuminate/Database/Query/Builder->runSelect()
#6 C:/xampp/htdocs/commite/vendor/laravel/framework/src/Illuminate/Database/Query/Builder.php(3676): Illuminate/Database/Query/Builder->{closure:Illuminate/Database/Query/Builder::get():3090}()
#7 C:/xampp/htdocs/commite/vendor/laravel/framework/src/Illuminate/Database/Query/Builder.php(3090): Illuminate/Database/Query/Builder->onceWithColumns()
#8 C:/xampp/htdocs/commite/vendor/laravel/framework/src/Illuminate/Database/Concerns/BuildsQueries.php(343): Illuminate/Database/Query/Builder->get()
#9 C:/xampp/htdocs/commite/vendor/laravel/framework/src/Illuminate/Queue/DatabaseQueue.php(249): Illuminate/Database/Query/Builder->first()
#10 C:/xampp/htdocs/commite/vendor/laravel/framework/src/Illuminate/Queue/DatabaseQueue.php(227): Illuminate/Queue/DatabaseQueue->getNextAvailableJob()
#11 C:/xampp/htdocs/commite/vendor/laravel/framework/src/Illuminate/Database/Concerns/ManagesTransactions.php(32): Illuminate/Queue/DatabaseQueue->{closure:Illuminate/Queue/DatabaseQueue::pop():226}()
#12 C:/xampp/htdocs/commite/vendor/laravel/framework/src/Illuminate/Queue/DatabaseQueue.php(226): Illuminate/Database/Connection->transaction()
#13 C:/xampp/htdocs/commite/vendor/laravel/framework/src/Illuminate/Queue/Worker.php(370): Illuminate/Queue/DatabaseQueue->pop()
#14 C:/xampp/htdocs/commite/vendor/laravel/framework/src/Illuminate/Queue/Worker.php(385): Illuminate/Queue/Worker->{closure:Illuminate/Queue/Worker::getNextJob():369}()
#15 C:/xampp/htdocs/commite/vendor/laravel/framework/src/Illuminate/Queue/Worker.php(175): Illuminate/Queue/Worker->getNextJob()
#16 C:/xampp/htdocs/commite/vendor/laravel/framework/src/Illuminate/Queue/Console/WorkCommand.php(150): Illuminate/Queue/Worker->daemon()
#17 C:/xampp/htdocs/commite/vendor/laravel/framework/src/Illuminate/Queue/Console/WorkCommand.php(133): Illuminate/Queue/Console/WorkCommand->runWorker()
#18 C:/xampp/htdocs/commite/vendor/laravel/framework/src/Illuminate/Container/BoundMethod.php(36): Illuminate/Queue/Console/WorkCommand->handle()
#19 C:/xampp/htdocs/commite/vendor/laravel/framework/src/Illuminate/Container/Util.php(43): Illuminate/Container/BoundMethod::{closure:Illuminate/Container/BoundMethod::call():35}()
#20 C:/xampp/htdocs/commite/vendor/laravel/framework/src/Illuminate/Container/BoundMethod.php(95): Illuminate/Container/Util::unwrapIfClosure()
#21 C:/xampp/htdocs/commite/vendor/laravel/framework/src/Illuminate/Container/BoundMethod.php(35): Illuminate/Container/BoundMethod::callBoundMethod()
#22 C:/xampp/htdocs/commite/vendor/laravel/framework/src/Illuminate/Container/Container.php(696): Illuminate/Container/BoundMethod::call()
#23 C:/xampp/htdocs/commite/vendor/laravel/framework/src/Illuminate/Console/Command.php(213): Illuminate/Container/Container->call()
#24 C:/xampp/htdocs/commite/vendor/symfony/console/Command/Command.php(341): Illuminate/Console/Command->execute()
#25 C:/xampp/htdocs/commite/vendor/laravel/framework/src/Illuminate/Console/Command.php(182): Symfony/Component/Console/Command/Command->run()
#26 C:/xampp/htdocs/commite/vendor/symfony/console/Application.php(1117): Illuminate/Console/Command->run()
#27 C:/xampp/htdocs/commite/vendor/symfony/console/Application.php(356): Symfony/Component/Console/Application->doRunCommand()
#28 C:/xampp/htdocs/commite/vendor/symfony/console/Application.php(195): Symfony/Component/Console/Application->doRun()
#29 C:/xampp/htdocs/commite/vendor/laravel/framework/src/Illuminate/Foundation/Console/Kernel.php(198): Symfony/Component/Console/Application->run()
#30 C:/xampp/htdocs/commite/artisan(12): Illuminate/Foundation/Console/Kernel->handle()
#31 {main}
"} 
[2026-08-26 04:55:37] local.ERROR: SQLSTATE[HY000]: General error: 1 no such table: jobs (Connection: central, SQL: select * from "jobs" where "queue" = default and (("reserved_at" is null and "available_at" <= 1787720137) or ("reserved_at" <= 1787720047)) order by "id" asc limit 1) {"exception":"[object] (Illuminate\\Database\\QueryException(code: HY000): SQLSTATE[HY000]: General error: 1 no such table: jobs (Connection: central, SQL: select * from \"jobs\" where \"queue\" = default and ((\"reserved_at\" is null and \"available_at\" <= 1787720137) or (\"reserved_at\" <= 1787720047)) order by \"id\" asc limit 1) at C:/xampp/htdocs/commite/vendor/laravel/framework/src/Illuminate/Database/Connection.php:825)
[stacktrace]
#0 C:/xampp/htdocs/commite/vendor/laravel/framework/src/Illuminate/Database/Connection.php(779): Illuminate/Database/Connection->runQueryCallback()
#1 C:/xampp/htdocs/commite/vendor/laravel/framework/src/Illuminate/Database/Connection.php(398): Illuminate/Database/Connection->run()
#2 C:/xampp/htdocs/commite/vendor/laravel/framework/src/Illuminate/Database/Query/Builder.php(3106): Illuminate/Database/Connection->select()
#3 C:/xampp/htdocs/commite/vendor/laravel/framework/src/Illuminate/Database/Query/Builder.php(3091): Illuminate/Database/Query/Builder->runSelect()
#4 C:/xampp/htdocs/commite/vendor/laravel/framework/src/Illuminate/Database/Query/Builder.php(3676): Illuminate/Database/Query/Builder->{closure:Illuminate/Database/Query/Builder::get():3090}()
#5 C:/xampp/htdocs/commite/vendor/laravel/framework/src/Illuminate/Database/Query/Builder.php(3090): Illuminate/Database/Query/Builder->onceWithColumns()
#6 C:/xampp/htdocs/commite/vendor/laravel/framework/src/Illuminate/Database/Concerns/BuildsQueries.php(343): Illuminate/Database/Query/Builder->get()
#7 C:/xampp/htdocs/commite/vendor/laravel/framework/src/Illuminate/Queue/DatabaseQueue.php(249): Illuminate/Database/Query/Builder->first()
#8 C:/xampp/htdocs/commite/vendor/laravel/framework/src/Illuminate/Queue/DatabaseQueue.php(227): Illuminate/Queue/DatabaseQueue->getNextAvailableJob()
#9 C:/xampp/htdocs/commite/vendor/laravel/framework/src/Illuminate/Database/Concerns/ManagesTransactions.php(32): Illuminate/Queue/DatabaseQueue->{closure:Illuminate/Queue/DatabaseQueue::pop():226}()
#10 C:/xampp/htdocs/commite/vendor/laravel/framework/src/Illuminate/Queue/DatabaseQueue.php(226): Illuminate/Database/Connection->transaction()
#11 C:/xampp/htdocs/commite/vendor/laravel/framework/src/Illuminate/Queue/Worker.php(370): Illuminate/Queue/DatabaseQueue->pop()
#12 C:/xampp/htdocs/commite/vendor/laravel/framework/src/Illuminate/Queue/Worker.php(385): Illuminate/Queue/Worker->{closure:Illuminate/Queue/Worker::getNextJob():369}()
#13 C:/xampp/htdocs/commite/vendor/laravel/framework/src/Illuminate/Queue/Worker.php(175): Illuminate/Queue/Worker->getNextJob()
#14 C:/xampp/htdocs/commite/vendor/laravel/framework/src/Illuminate/Queue/Console/WorkCommand.php(150): Illuminate/Queue/Worker->daemon()
#15 C:/xampp/htdocs/commite/vendor/laravel/framework/src/Illuminate/Queue/Console/WorkCommand.php(133): Illuminate/Queue/Console/WorkCommand->runWorker()
#16 C:/xampp/htdocs/commite/vendor/laravel/framework/src/Illuminate/Container/BoundMethod.php(36): Illuminate/Queue/Console/WorkCommand->handle()
#17 C:/xampp/htdocs/commite/vendor/laravel/framework/src/Illuminate/Container/Util.php(43): Illuminate/Container/BoundMethod::{closure:Illuminate/Container/BoundMethod::call():35}()
#18 C:/xampp/htdocs/commite/vendor/laravel/framework/src/Illuminate/Container/BoundMethod.php(95): Illuminate/Container/Util::unwrapIfClosure()
#19 C:/xampp/htdocs/commite/vendor/laravel/framework/src/Illuminate/Container/BoundMethod.php(35): Illuminate/Container/BoundMethod::callBoundMethod()
#20 C:/xampp/htdocs/commite/vendor/laravel/framework/src/Illuminate/Container/Container.php(696): Illuminate/Container/BoundMethod::call()
#21 C:/xampp/htdocs/commite/vendor/laravel/framework/src/Illuminate/Console/Command.php(213): Illuminate/Container/Container->call()
#22 C:/xampp/htdocs/commite/vendor/symfony/console/Command/Command.php(341): Illuminate/Console/Command->execute()
#23 C:/xampp/htdocs/commite/vendor/laravel/framework/src/Illuminate/Console/Command.php(182): Symfony/Component/Console/Command/Command->run()
#24 C:/xampp/htdocs/commite/vendor/symfony/console/Application.php(1117): Illuminate/Console/Command->run()
#25 C:/xampp/htdocs/commite/vendor/symfony/console/Application.php(356): Symfony/Component/Console/Application->doRunCommand()
#26 C:/xampp/htdocs/commite/vendor/symfony/console/Application.php(195): Symfony/Component/Console/Application->doRun()
#27 C:/xampp/htdocs/commite/vendor/laravel/framework/src/Illuminate/Foundation/Console/Kernel.php(198): Symfony/Component/Console/Application->run()
#28 C:/xampp/htdocs/commite/artisan(12): Illuminate/Foundation/Console/Kernel->handle()
#29 {main}

[previous exception] [object] (PDOException(code: HY000): SQLSTATE[HY000]: General error: 1 no such table: jobs at C:/xampp/htdocs/commite/vendor/laravel/framework/src/Illuminate/Database/Connection.php:407)
[stacktrace]
#0 C:/xampp/htdocs/commite/vendor/laravel/framework/src/Illuminate/Database/Connection.php(407): PDO->prepare()
#1 C:/xampp/htdocs/commite/vendor/laravel/framework/src/Illuminate/Database/Connection.php(812): Illuminate/Database/Connection->{closure:Illuminate/Database/Connection::select():398}()
#2 C:/xampp/htdocs/commite/vendor/laravel/framework/src/Illuminate/Database/Connection.php(779): Illuminate/Database/Connection->runQueryCallback()
#3 C:/xampp/htdocs/commite/vendor/laravel/framework/src/Illuminate/Database/Connection.php(398): Illuminate/Database/Connection->run()
#4 C:/xampp/htdocs/commite/vendor/laravel/framework/src/Illuminate/Database/Query/Builder.php(3106): Illuminate/Database/Connection->select()
#5 C:/xampp/htdocs/commite/vendor/laravel/framework/src/Illuminate/Database/Query/Builder.php(3091): Illuminate/Database/Query/Builder->runSelect()
#6 C:/xampp/htdocs/commite/vendor/laravel/framework/src/Illuminate/Database/Query/Builder.php(3676): Illuminate/Database/Query/Builder->{closure:Illuminate/Database/Query/Builder::get():3090}()
#7 C:/xampp/htdocs/commite/vendor/laravel/framework/src/Illuminate/Database/Query/Builder.php(3090): Illuminate/Database/Query/Builder->onceWithColumns()
#8 C:/xampp/htdocs/commite/vendor/laravel/framework/src/Illuminate/Database/Concerns/BuildsQueries.php(343): Illuminate/Database/Query/Builder->get()
#9 C:/xampp/htdocs/commite/vendor/laravel/framework/src/Illuminate/Queue/DatabaseQueue.php(249): Illuminate/Database/Query/Builder->first()
#10 C:/xampp/htdocs/commite/vendor/laravel/framework/src/Illuminate/Queue/DatabaseQueue.php(227): Illuminate/Queue/DatabaseQueue->getNextAvailableJob()
#11 C:/xampp/htdocs/commite/vendor/laravel/framework/src/Illuminate/Database/Concerns/ManagesTransactions.php(32): Illuminate/Queue/DatabaseQueue->{closure:Illuminate/Queue/DatabaseQueue::pop():226}()
#12 C:/xampp/htdocs/commite/vendor/laravel/framework/src/Illuminate/Queue/DatabaseQueue.php(226): Illuminate/Database/Connection->transaction()
#13 C:/xampp/htdocs/commite/vendor/laravel/framework/src/Illuminate/Queue/Worker.php(370): Illuminate/Queue/DatabaseQueue->pop()
#14 C:/xampp/htdocs/commite/vendor/laravel/framework/src/Illuminate/Queue/Worker.php(385): Illuminate/Queue/Worker->{closure:Illuminate/Queue/Worker::getNextJob():369}()
#15 C:/xampp/htdocs/commite/vendor/laravel/framework/src/Illuminate/Queue/Worker.php(175): Illuminate/Queue/Worker->getNextJob()
#16 C:/xampp/htdocs/commite/vendor/laravel/framework/src/Illuminate/Queue/Console/WorkCommand.php(150): Illuminate/Queue/Worker->daemon()
#17 C:/xampp/htdocs/commite/vendor/laravel/framework/src/Illuminate/Queue/Console/WorkCommand.php(133): Illuminate/Queue/Console/WorkCommand->runWorker()
#18 C:/xampp/htdocs/commite/vendor/laravel/framework/src/Illuminate/Container/BoundMethod.php(36): Illuminate/Queue/Console/WorkCommand->handle()
#19 C:/xampp/htdocs/commite/vendor/laravel/framework/src/Illuminate/Container/Util.php(43): Illuminate/Container/BoundMethod::{closure:Illuminate/Container/BoundMethod::call():35}()
#20 C:/xampp/htdocs/commite/vendor/laravel/framework/src/Illuminate/Container/BoundMethod.php(95): Illuminate/Container/Util::unwrapIfClosure()
#21 C:/xampp/htdocs/commite/vendor/laravel/framework/src/Illuminate/Container/BoundMethod.php(35): Illuminate/Container/BoundMethod::callBoundMethod()
#22 C:/xampp/htdocs/commite/vendor/laravel/framework/src/Illuminate/Container/Container.php(696): Illuminate/Container/BoundMethod::call()
#23 C:/xampp/htdocs/commite/vendor/laravel/framework/src/Illuminate/Console/Command.php(213): Illuminate/Container/Container->call()
#24 C:/xampp/htdocs/commite/vendor/symfony/console/Command/Command.php(341): Illuminate/Console/Command->execute()
#25 C:/xampp/htdocs/commite/vendor/laravel/framework/src/Illuminate/Console/Command.php(182): Symfony/Component/Console/Command/Command->run()
#26 C:/xampp/htdocs/commite/vendor/symfony/console/Application.php(1117): Illuminate/Console/Command->run()
#27 C:/xampp/htdocs/commite/vendor/symfony/console/Application.php(356): Symfony/Component/Console/Application->doRunCommand()
#28 C:/xampp/htdocs/commite/vendor/symfony/console/Application.php(195): Symfony/Component/Console/Application->doRun()
#29 C:/xampp/htdocs/commite/vendor/laravel/framework/src/Illuminate/Foundation/Console/Kernel.php(198): Symfony/Component/Console/Application->run()
#30 C:/xampp/htdocs/commite/artisan(12): Illuminate/Foundation/Console/Kernel->handle()
#31 {main}
"} 
[2026-08-26 04:55:41] local.ERROR: SQLSTATE[HY000]: General error: 1 no such table: jobs (Connection: central, SQL: select * from "jobs" where "queue" = default and (("reserved_at" is null and "available_at" <= 1787720141) or ("reserved_at" <= 1787720051)) order by "id" asc limit 1) {"exception":"[object] (Illuminate\\Database\\QueryException(code: HY000): SQLSTATE[HY000]: General error: 1 no such table: jobs (Connection: central, SQL: select * from \"jobs\" where \"queue\" = default and ((\"reserved_at\" is null and \"available_at\" <= 1787720141) or (\"reserved_at\" <= 1787720051)) order by \"id\" asc limit 1) at C:/xampp/htdocs/commite/vendor/laravel/framework/src/Illuminate/Database/Connection.php:825)
[stacktrace]
#0 C:/xampp/htdocs/commite/vendor/laravel/framework/src/Illuminate/Database/Connection.php(779): Illuminate/Database/Connection->runQueryCallback()
#1 C:/xampp/htdocs/commite/vendor/laravel/framework/src/Illuminate/Database/Connection.php(398): Illuminate/Database/Connection->run()
#2 C:/xampp/htdocs/commite/vendor/laravel/framework/src/Illuminate/Database/Query/Builder.php(3106): Illuminate/Database/Connection->select()
#3 C:/xampp/htdocs/commite/vendor/laravel/framework/src/Illuminate/Database/Query/Builder.php(3091): Illuminate/Database/Query/Builder->runSelect()
#4 C:/xampp/htdocs/commite/vendor/laravel/framework/src/Illuminate/Database/Query/Builder.php(3676): Illuminate/Database/Query/Builder->{closure:Illuminate/Database/Query/Builder::get():3090}()
#5 C:/xampp/htdocs/commite/vendor/laravel/framework/src/Illuminate/Database/Query/Builder.php(3090): Illuminate/Database/Query/Builder->onceWithColumns()
#6 C:/xampp/htdocs/commite/vendor/laravel/framework/src/Illuminate/Database/Concerns/BuildsQueries.php(343): Illuminate/Database/Query/Builder->get()
#7 C:/xampp/htdocs/commite/vendor/laravel/framework/src/Illuminate/Queue/DatabaseQueue.php(249): Illuminate/Database/Query/Builder->first()
#8 C:/xampp/htdocs/commite/vendor/laravel/framework/src/Illuminate/Queue/DatabaseQueue.php(227): Illuminate/Queue/DatabaseQueue->getNextAvailableJob()
#9 C:/xampp/htdocs/commite/vendor/laravel/framework/src/Illuminate/Database/Concerns/ManagesTransactions.php(32): Illuminate/Queue/DatabaseQueue->{closure:Illuminate/Queue/DatabaseQueue::pop():226}()
#10 C:/xampp/htdocs/commite/vendor/laravel/framework/src/Illuminate/Queue/DatabaseQueue.php(226): Illuminate/Database/Connection->transaction()
#11 C:/xampp/htdocs/commite/vendor/laravel/framework/src/Illuminate/Queue/Worker.php(370): Illuminate/Queue/DatabaseQueue->pop()
#12 C:/xampp/htdocs/commite/vendor/laravel/framework/src/Illuminate/Queue/Worker.php(385): Illuminate/Queue/Worker->{closure:Illuminate/Queue/Worker::getNextJob():369}()
#13 C:/xampp/htdocs/commite/vendor/laravel/framework/src/Illuminate/Queue/Worker.php(175): Illuminate/Queue/Worker->getNextJob()
#14 C:/xampp/htdocs/commite/vendor/laravel/framework/src/Illuminate/Queue/Console/WorkCommand.php(150): Illuminate/Queue/Worker->daemon()
#15 C:/xampp/htdocs/commite/vendor/laravel/framework/src/Illuminate/Queue/Console/WorkCommand.php(133): Illuminate/Queue/Console/WorkCommand->runWorker()
#16 C:/xampp/htdocs/commite/vendor/laravel/framework/src/Illuminate/Container/BoundMethod.php(36): Illuminate/Queue/Console/WorkCommand->handle()
#17 C:/xampp/htdocs/commite/vendor/laravel/framework/src/Illuminate/Container/Util.php(43): Illuminate/Container/BoundMethod::{closure:Illuminate/Container/BoundMethod::call():35}()
#18 C:/xampp/htdocs/commite/vendor/laravel/framework/src/Illuminate/Container/BoundMethod.php(95): Illuminate/Container/Util::unwrapIfClosure()
#19 C:/xampp/htdocs/commite/vendor/laravel/framework/src/Illuminate/Container/BoundMethod.php(35): Illuminate/Container/BoundMethod::callBoundMethod()
#20 C:/xampp/htdocs/commite/vendor/laravel/framework/src/Illuminate/Container/Container.php(696): Illuminate/Container/BoundMethod::call()
#21 C:/xampp/htdocs/commite/vendor/laravel/framework/src/Illuminate/Console/Command.php(213): Illuminate/Container/Container->call()
#22 C:/xampp/htdocs/commite/vendor/symfony/console/Command/Command.php(341): Illuminate/Console/Command->execute()
#23 C:/xampp/htdocs/commite/vendor/laravel/framework/src/Illuminate/Console/Command.php(182): Symfony/Component/Console/Command/Command->run()
#24 C:/xampp/htdocs/commite/vendor/symfony/console/Application.php(1117): Illuminate/Console/Command->run()
#25 C:/xampp/htdocs/commite/vendor/symfony/console/Application.php(356): Symfony/Component/Console/Application->doRunCommand()
#26 C:/xampp/htdocs/commite/vendor/symfony/console/Application.php(195): Symfony/Component/Console/Application->doRun()
#27 C:/xampp/htdocs/commite/vendor/laravel/framework/src/Illuminate/Foundation/Console/Kernel.php(198): Symfony/Component/Console/Application->run()
#28 C:/xampp/htdocs/commite/artisan(12): Illuminate/Foundation/Console/Kernel->handle()
#29 {main}

[previous exception] [object] (PDOException(code: HY000): SQLSTATE[HY000]: General error: 1 no such table: jobs at C:/xampp/htdocs/commite/vendor/laravel/framework/src/Illuminate/Database/Connection.php:407)
[stacktrace]
#0 C:/xampp/htdocs/commite/vendor/laravel/framework/src/Illuminate/Database/Connection.php(407): PDO->prepare()
#1 C:/xampp/htdocs/commite/vendor/laravel/framework/src/Illuminate/Database/Connection.php(812): Illuminate/Database/Connection->{closure:Illuminate/Database/Connection::select():398}()
#2 C:/xampp/htdocs/commite/vendor/laravel/framework/src/Illuminate/Database/Connection.php(779): Illuminate/Database/Connection->runQueryCallback()
#3 C:/xampp/htdocs/commite/vendor/laravel/framework/src/Illuminate/Database/Connection.php(398): Illuminate/Database/Connection->run()
#4 C:/xampp/htdocs/commite/vendor/laravel/framework/src/Illuminate/Database/Query/Builder.php(3106): Illuminate/Database/Connection->select()
#5 C:/xampp/htdocs/commite/vendor/laravel/framework/src/Illuminate/Database/Query/Builder.php(3091): Illuminate/Database/Query/Builder->runSelect()
#6 C:/xampp/htdocs/commite/vendor/laravel/framework/src/Illuminate/Database/Query/Builder.php(3676): Illuminate/Database/Query/Builder->{closure:Illuminate/Database/Query/Builder::get():3090}()
#7 C:/xampp/htdocs/commite/vendor/laravel/framework/src/Illuminate/Database/Query/Builder.php(3090): Illuminate/Database/Query/Builder->onceWithColumns()
#8 C:/xampp/htdocs/commite/vendor/laravel/framework/src/Illuminate/Database/Concerns/BuildsQueries.php(343): Illuminate/Database/Query/Builder->get()
#9 C:/xampp/htdocs/commite/vendor/laravel/framework/src/Illuminate/Queue/DatabaseQueue.php(249): Illuminate/Database/Query/Builder->first()
#10 C:/xampp/htdocs/commite/vendor/laravel/framework/src/Illuminate/Queue/DatabaseQueue.php(227): Illuminate/Queue/DatabaseQueue->getNextAvailableJob()
#11 C:/xampp/htdocs/commite/vendor/laravel/framework/src/Illuminate/Database/Concerns/ManagesTransactions.php(32): Illuminate/Queue/DatabaseQueue->{closure:Illuminate/Queue/DatabaseQueue::pop():226}()
#12 C:/xampp/htdocs/commite/vendor/laravel/framework/src/Illuminate/Queue/DatabaseQueue.php(226): Illuminate/Database/Connection->transaction()
#13 C:/xampp/htdocs/commite/vendor/laravel/framework/src/Illuminate/Queue/Worker.php(370): Illuminate/Queue/DatabaseQueue->pop()
#14 C:/xampp/htdocs/commite/vendor/laravel/framework/src/Illuminate/Queue/Worker.php(385): Illuminate/Queue/Worker->{closure:Illuminate/Queue/Worker::getNextJob():369}()
#15 C:/xampp/htdocs/commite/vendor/laravel/framework/src/Illuminate/Queue/Worker.php(175): Illuminate/Queue/Worker->getNextJob()
#16 C:/xampp/htdocs/commite/vendor/laravel/framework/src/Illuminate/Queue/Console/WorkCommand.php(150): Illuminate/Queue/Worker->daemon()
#17 C:/xampp/htdocs/commite/vendor/laravel/framework/src/Illuminate/Queue/Console/WorkCommand.php(133): Illuminate/Queue/Console/WorkCommand->runWorker()
#18 C:/xampp/htdocs/commite/vendor/laravel/framework/src/Illuminate/Container/BoundMethod.php(36): Illuminate/Queue/Console/WorkCommand->handle()
#19 C:/xampp/htdocs/commite/vendor/laravel/framework/src/Illuminate/Container/Util.php(43): Illuminate/Container/BoundMethod::{closure:Illuminate/Container/BoundMethod::call():35}()
#20 C:/xampp/htdocs/commite/vendor/laravel/framework/src/Illuminate/Container/BoundMethod.php(95): Illuminate/Container/Util::unwrapIfClosure()
#21 C:/xampp/htdocs/commite/vendor/laravel/framework/src/Illuminate/Container/BoundMethod.php(35): Illuminate/Container/BoundMethod::callBoundMethod()
#22 C:/xampp/htdocs/commite/vendor/laravel/framework/src/Illuminate/Container/Container.php(696): Illuminate/Container/BoundMethod::call()
#23 C:/xampp/htdocs/commite/vendor/laravel/framework/src/Illuminate/Console/Command.php(213): Illuminate/Container/Container->call()
#24 C:/xampp/htdocs/commite/vendor/symfony/console/Command/Command.php(341): Illuminate/Console/Command->execute()
#25 C:/xampp/htdocs/commite/vendor/laravel/framework/src/Illuminate/Console/Command.php(182): Symfony/Component/Console/Command/Command->run()
#26 C:/xampp/htdocs/commite/vendor/symfony/console/Application.php(1117): Illuminate/Console/Command->run()
#27 C:/xampp/htdocs/commite/vendor/symfony/console/Application.php(356): Symfony/Component/Console/Application->doRunCommand()
#28 C:/xampp/htdocs/commite/vendor/symfony/console/Application.php(195): Symfony/Component/Console/Application->doRun()
#29 C:/xampp/htdocs/commite/vendor/laravel/framework/src/Illuminate/Foundation/Console/Kernel.php(198): Symfony/Component/Console/Application->run()
#30 C:/xampp/htdocs/commite/artisan(12): Illuminate/Foundation/Console/Kernel->handle()
#31 {main}
"} 
[2026-08-26 04:55:45] local.ERROR: SQLSTATE[HY000]: General error: 1 no such table: jobs (Connection: central, SQL: select * from "jobs" where "queue" = default and (("reserved_at" is null and "available_at" <= 1787720145) or ("reserved_at" <= 1787720055)) order by "id" asc limit 1) {"exception":"[object] (Illuminate\\Database\\QueryException(code: HY000): SQLSTATE[HY000]: General error: 1 no such table: jobs (Connection: central, SQL: select * from \"jobs\" where \"queue\" = default and ((\"reserved_at\" is null and \"available_at\" <= 1787720145) or (\"reserved_at\" <= 1787720055)) order by \"id\" asc limit 1) at C:/xampp/htdocs/commite/vendor/laravel/framework/src/Illuminate/Database/Connection.php:825)
[stacktrace]
#0 C:/xampp/htdocs/commite/vendor/laravel/framework/src/Illuminate/Database/Connection.php(779): Illuminate/Database/Connection->runQueryCallback()
#1 C:/xampp/htdocs/commite/vendor/laravel/framework/src/Illuminate/Database/Connection.php(398): Illuminate/Database/Connection->run()
#2 C:/xampp/htdocs/commite/vendor/laravel/framework/src/Illuminate/Database/Query/Builder.php(3106): Illuminate/Database/Connection->select()
#3 C:/xampp/htdocs/commite/vendor/laravel/framework/src/Illuminate/Database/Query/Builder.php(3091): Illuminate/Database/Query/Builder->runSelect()
#4 C:/xampp/htdocs/commite/vendor/laravel/framework/src/Illuminate/Database/Query/Builder.php(3676): Illuminate/Database/Query/Builder->{closure:Illuminate/Database/Query/Builder::get():3090}()
#5 C:/xampp/htdocs/commite/vendor/laravel/framework/src/Illuminate/Database/Query/Builder.php(3090): Illuminate/Database/Query/Builder->onceWithColumns()
#6 C:/xampp/htdocs/commite/vendor/laravel/framework/src/Illuminate/Database/Concerns/BuildsQueries.php(343): Illuminate/Database/Query/Builder->get()
#7 C:/xampp/htdocs/commite/vendor/laravel/framework/src/Illuminate/Queue/DatabaseQueue.php(249): Illuminate/Database/Query/Builder->first()
#8 C:/xampp/htdocs/commite/vendor/laravel/framework/src/Illuminate/Queue/DatabaseQueue.php(227): Illuminate/Queue/DatabaseQueue->getNextAvailableJob()
#9 C:/xampp/htdocs/commite/vendor/laravel/framework/src/Illuminate/Database/Concerns/ManagesTransactions.php(32): Illuminate/Queue/DatabaseQueue->{closure:Illuminate/Queue/DatabaseQueue::pop():226}()
#10 C:/xampp/htdocs/commite/vendor/laravel/framework/src/Illuminate/Queue/DatabaseQueue.php(226): Illuminate/Database/Connection->transaction()
#11 C:/xampp/htdocs/commite/vendor/laravel/framework/src/Illuminate/Queue/Worker.php(370): Illuminate/Queue/DatabaseQueue->pop()
#12 C:/xampp/htdocs/commite/vendor/laravel/framework/src/Illuminate/Queue/Worker.php(385): Illuminate/Queue/Worker->{closure:Illuminate/Queue/Worker::getNextJob():369}()
#13 C:/xampp/htdocs/commite/vendor/laravel/framework/src/Illuminate/Queue/Worker.php(175): Illuminate/Queue/Worker->getNextJob()
#14 C:/xampp/htdocs/commite/vendor/laravel/framework/src/Illuminate/Queue/Console/WorkCommand.php(150): Illuminate/Queue/Worker->daemon()
#15 C:/xampp/htdocs/commite/vendor/laravel/framework/src/Illuminate/Queue/Console/WorkCommand.php(133): Illuminate/Queue/Console/WorkCommand->runWorker()
#16 C:/xampp/htdocs/commite/vendor/laravel/framework/src/Illuminate/Container/BoundMethod.php(36): Illuminate/Queue/Console/WorkCommand->handle()
#17 C:/xampp/htdocs/commite/vendor/laravel/framework/src/Illuminate/Container/Util.php(43): Illuminate/Container/BoundMethod::{closure:Illuminate/Container/BoundMethod::call():35}()
#18 C:/xampp/htdocs/commite/vendor/laravel/framework/src/Illuminate/Container/BoundMethod.php(95): Illuminate/Container/Util::unwrapIfClosure()
#19 C:/xampp/htdocs/commite/vendor/laravel/framework/src/Illuminate/Container/BoundMethod.php(35): Illuminate/Container/BoundMethod::callBoundMethod()
#20 C:/xampp/htdocs/commite/vendor/laravel/framework/src/Illuminate/Container/Container.php(696): Illuminate/Container/BoundMethod::call()
#21 C:/xampp/htdocs/commite/vendor/laravel/framework/src/Illuminate/Console/Command.php(213): Illuminate/Container/Container->call()
#22 C:/xampp/htdocs/commite/vendor/symfony/console/Command/Command.php(341): Illuminate/Console/Command->execute()
#23 C:/xampp/htdocs/commite/vendor/laravel/framework/src/Illuminate/Console/Command.php(182): Symfony/Component/Console/Command/Command->run()
#24 C:/xampp/htdocs/commite/vendor/symfony/console/Application.php(1117): Illuminate/Console/Command->run()
#25 C:/xampp/htdocs/commite/vendor/symfony/console/Application.php(356): Symfony/Component/Console/Application->doRunCommand()
#26 C:/xampp/htdocs/commite/vendor/symfony/console/Application.php(195): Symfony/Component/Console/Application->doRun()
#27 C:/xampp/htdocs/commite/vendor/laravel/framework/src/Illuminate/Foundation/Console/Kernel.php(198): Symfony/Component/Console/Application->run()
#28 C:/xampp/htdocs/commite/artisan(12): Illuminate/Foundation/Console/Kernel->handle()
#29 {main}

[previous exception] [object] (PDOException(code: HY000): SQLSTATE[HY000]: General error: 1 no such table: jobs at C:/xampp/htdocs/commite/vendor/laravel/framework/src/Illuminate/Database/Connection.php:407)
[stacktrace]
#0 C:/xampp/htdocs/commite/vendor/laravel/framework/src/Illuminate/Database/Connection.php(407): PDO->prepare()
#1 C:/xampp/htdocs/commite/vendor/laravel/framework/src/Illuminate/Database/Connection.php(812): Illuminate/Database/Connection->{closure:Illuminate/Database/Connection::select():398}()
#2 C:/xampp/htdocs/commite/vendor/laravel/framework/src/Illuminate/Database/Connection.php(779): Illuminate/Database/Connection->runQueryCallback()
#3 C:/xampp/htdocs/commite/vendor/laravel/framework/src/Illuminate/Database/Connection.php(398): Illuminate/Database/Connection->run()
#4 C:/xampp/htdocs/commite/vendor/laravel/framework/src/Illuminate/Database/Query/Builder.php(3106): Illuminate/Database/Connection->select()
#5 C:/xampp/htdocs/commite/vendor/laravel/framework/src/Illuminate/Database/Query/Builder.php(3091): Illuminate/Database/Query/Builder->runSelect()
#6 C:/xampp/htdocs/commite/vendor/laravel/framework/src/Illuminate/Database/Query/Builder.php(3676): Illuminate/Database/Query/Builder->{closure:Illuminate/Database/Query/Builder::get():3090}()
#7 C:/xampp/htdocs/commite/vendor/laravel/framework/src/Illuminate/Database/Query/Builder.php(3090): Illuminate/Database/Query/Builder->onceWithColumns()
#8 C:/xampp/htdocs/commite/vendor/laravel/framework/src/Illuminate/Database/Concerns/BuildsQueries.php(343): Illuminate/Database/Query/Builder->get()
#9 C:/xampp/htdocs/commite/vendor/laravel/framework/src/Illuminate/Queue/DatabaseQueue.php(249): Illuminate/Database/Query/Builder->first()
#10 C:/xampp/htdocs/commite/vendor/laravel/framework/src/Illuminate/Queue/DatabaseQueue.php(227): Illuminate/Queue/DatabaseQueue->getNextAvailableJob()
#11 C:/xampp/htdocs/commite/vendor/laravel/framework/src/Illuminate/Database/Concerns/ManagesTransactions.php(32): Illuminate/Queue/DatabaseQueue->{closure:Illuminate/Queue/DatabaseQueue::pop():226}()
#12 C:/xampp/htdocs/commite/vendor/laravel/framework/src/Illuminate/Queue/DatabaseQueue.php(226): Illuminate/Database/Connection->transaction()
#13 C:/xampp/htdocs/commite/vendor/laravel/framework/src/Illuminate/Queue/Worker.php(370): Illuminate/Queue/DatabaseQueue->pop()
#14 C:/xampp/htdocs/commite/vendor/laravel/framework/src/Illuminate/Queue/Worker.php(385): Illuminate/Queue/Worker->{closure:Illuminate/Queue/Worker::getNextJob():369}()
#15 C:/xampp/htdocs/commite/vendor/laravel/framework/src/Illuminate/Queue/Worker.php(175): Illuminate/Queue/Worker->getNextJob()
#16 C:/xampp/htdocs/commite/vendor/laravel/framework/src/Illuminate/Queue/Console/WorkCommand.php(150): Illuminate/Queue/Worker->daemon()
#17 C:/xampp/htdocs/commite/vendor/laravel/framework/src/Illuminate/Queue/Console/WorkCommand.php(133): Illuminate/Queue/Console/WorkCommand->runWorker()
#18 C:/xampp/htdocs/commite/vendor/laravel/framework/src/Illuminate/Container/BoundMethod.php(36): Illuminate/Queue/Console/WorkCommand->handle()
#19 C:/xampp/htdocs/commite/vendor/laravel/framework/src/Illuminate/Container/Util.php(43): Illuminate/Container/BoundMethod::{closure:Illuminate/Container/BoundMethod::call():35}()
#20 C:/xampp/htdocs/commite/vendor/laravel/framework/src/Illuminate/Container/BoundMethod.php(95): Illuminate/Container/Util::unwrapIfClosure()
#21 C:/xampp/htdocs/commite/vendor/laravel/framework/src/Illuminate/Container/BoundMethod.php(35): Illuminate/Container/BoundMethod::callBoundMethod()
#22 C:/xampp/htdocs/commite/vendor/laravel/framework/src/Illuminate/Container/Container.php(696): Illuminate/Container/BoundMethod::call()
#23 C:/xampp/htdocs/commite/vendor/laravel/framework/src/Illuminate/Console/Command.php(213): Illuminate/Container/Container->call()
#24 C:/xampp/htdocs/commite/vendor/symfony/console/Command/Command.php(341): Illuminate/Console/Command->execute()
#25 C:/xampp/htdocs/commite/vendor/laravel/framework/src/Illuminate/Console/Command.php(182): Symfony/Component/Console/Command/Command->run()
#26 C:/xampp/htdocs/commite/vendor/symfony/console/Application.php(1117): Illuminate/Console/Command->run()
#27 C:/xampp/htdocs/commite/vendor/symfony/console/Application.php(356): Symfony/Component/Console/Application->doRunCommand()
#28 C:/xampp/htdocs/commite/vendor/symfony/console/Application.php(195): Symfony/Component/Console/Application->doRun()
#29 C:/xampp/htdocs/commite/vendor/laravel/framework/src/Illuminate/Foundation/Console/Kernel.php(198): Symfony/Component/Console/Application->run()
#30 C:/xampp/htdocs/commite/artisan(12): Illuminate/Foundation/Console/Kernel->handle()
#31 {main}
"} 
[2026-08-26 04:55:49] local.ERROR: SQLSTATE[HY000]: General error: 1 no such table: jobs (Connection: central, SQL: select * from "jobs" where "queue" = default and (("reserved_at" is null and "available_at" <= 1787720149) or ("reserved_at" <= 1787720059)) order by "id" asc limit 1) {"exception":"[object] (Illuminate\\Database\\QueryException(code: HY000): SQLSTATE[HY000]: General error: 1 no such table: jobs (Connection: central, SQL: select * from \"jobs\" where \"queue\" = default and ((\"reserved_at\" is null and \"available_at\" <= 1787720149) or (\"reserved_at\" <= 1787720059)) order by \"id\" asc limit 1) at C:/xampp/htdocs/commite/vendor/laravel/framework/src/Illuminate/Database/Connection.php:825)
[stacktrace]
#0 C:/xampp/htdocs/commite/vendor/laravel/framework/src/Illuminate/Database/Connection.php(779): Illuminate/Database/Connection->runQueryCallback()
#1 C:/xampp/htdocs/commite/vendor/laravel/framework/src/Illuminate/Database/Connection.php(398): Illuminate/Database/Connection->run()
#2 C:/xampp/htdocs/commite/vendor/laravel/framework/src/Illuminate/Database/Query/Builder.php(3106): Illuminate/Database/Connection->select()
#3 C:/xampp/htdocs/commite/vendor/laravel/framework/src/Illuminate/Database/Query/Builder.php(3091): Illuminate/Database/Query/Builder->runSelect()
#4 C:/xampp/htdocs/commite/vendor/laravel/framework/src/Illuminate/Database/Query/Builder.php(3676): Illuminate/Database/Query/Builder->{closure:Illuminate/Database/Query/Builder::get():3090}()
#5 C:/xampp/htdocs/commite/vendor/laravel/framework/src/Illuminate/Database/Query/Builder.php(3090): Illuminate/Database/Query/Builder->onceWithColumns()
#6 C:/xampp/htdocs/commite/vendor/laravel/framework/src/Illuminate/Database/Concerns/BuildsQueries.php(343): Illuminate/Database/Query/Builder->get()
#7 C:/xampp/htdocs/commite/vendor/laravel/framework/src/Illuminate/Queue/DatabaseQueue.php(249): Illuminate/Database/Query/Builder->first()
#8 C:/xampp/htdocs/commite/vendor/laravel/framework/src/Illuminate/Queue/DatabaseQueue.php(227): Illuminate/Queue/DatabaseQueue->getNextAvailableJob()
#9 C:/xampp/htdocs/commite/vendor/laravel/framework/src/Illuminate/Database/Concerns/ManagesTransactions.php(32): Illuminate/Queue/DatabaseQueue->{closure:Illuminate/Queue/DatabaseQueue::pop():226}()
#10 C:/xampp/htdocs/commite/vendor/laravel/framework/src/Illuminate/Queue/DatabaseQueue.php(226): Illuminate/Database/Connection->transaction()
#11 C:/xampp/htdocs/commite/vendor/laravel/framework/src/Illuminate/Queue/Worker.php(370): Illuminate/Queue/DatabaseQueue->pop()
#12 C:/xampp/htdocs/commite/vendor/laravel/framework/src/Illuminate/Queue/Worker.php(385): Illuminate/Queue/Worker->{closure:Illuminate/Queue/Worker::getNextJob():369}()
#13 C:/xampp/htdocs/commite/vendor/laravel/framework/src/Illuminate/Queue/Worker.php(175): Illuminate/Queue/Worker->getNextJob()
#14 C:/xampp/htdocs/commite/vendor/laravel/framework/src/Illuminate/Queue/Console/WorkCommand.php(150): Illuminate/Queue/Worker->daemon()
#15 C:/xampp/htdocs/commite/vendor/laravel/framework/src/Illuminate/Queue/Console/WorkCommand.php(133): Illuminate/Queue/Console/WorkCommand->runWorker()
#16 C:/xampp/htdocs/commite/vendor/laravel/framework/src/Illuminate/Container/BoundMethod.php(36): Illuminate/Queue/Console/WorkCommand->handle()
#17 C:/xampp/htdocs/commite/vendor/laravel/framework/src/Illuminate/Container/Util.php(43): Illuminate/Container/BoundMethod::{closure:Illuminate/Container/BoundMethod::call():35}()
#18 C:/xampp/htdocs/commite/vendor/laravel/framework/src/Illuminate/Container/BoundMethod.php(95): Illuminate/Container/Util::unwrapIfClosure()
#19 C:/xampp/htdocs/commite/vendor/laravel/framework/src/Illuminate/Container/BoundMethod.php(35): Illuminate/Container/BoundMethod::callBoundMethod()
#20 C:/xampp/htdocs/commite/vendor/laravel/framework/src/Illuminate/Container/Container.php(696): Illuminate/Container/BoundMethod::call()
#21 C:/xampp/htdocs/commite/vendor/laravel/framework/src/Illuminate/Console/Command.php(213): Illuminate/Container/Container->call()
#22 C:/xampp/htdocs/commite/vendor/symfony/console/Command/Command.php(341): Illuminate/Console/Command->execute()
#23 C:/xampp/htdocs/commite/vendor/laravel/framework/src/Illuminate/Console/Command.php(182): Symfony/Component/Console/Command/Command->run()
#24 C:/xampp/htdocs/commite/vendor/symfony/console/Application.php(1117): Illuminate/Console/Command->run()
#25 C:/xampp/htdocs/commite/vendor/symfony/console/Application.php(356): Symfony/Component/Console/Application->doRunCommand()
#26 C:/xampp/htdocs/commite/vendor/symfony/console/Application.php(195): Symfony/Component/Console/Application->doRun()
#27 C:/xampp/htdocs/commite/vendor/laravel/framework/src/Illuminate/Foundation/Console/Kernel.php(198): Symfony/Component/Console/Application->run()
#28 C:/xampp/htdocs/commite/artisan(12): Illuminate/Foundation/Console/Kernel->handle()
#29 {main}

[previous exception] [object] (PDOException(code: HY000): SQLSTATE[HY000]: General error: 1 no such table: jobs at C:/xampp/htdocs/commite/vendor/laravel/framework/src/Illuminate/Database/Connection.php:407)
[stacktrace]
#0 C:/xampp/htdocs/commite/vendor/laravel/framework/src/Illuminate/Database/Connection.php(407): PDO->prepare()
#1 C:/xampp/htdocs/commite/vendor/laravel/framework/src/Illuminate/Database/Connection.php(812): Illuminate/Database/Connection->{closure:Illuminate/Database/Connection::select():398}()
#2 C:/xampp/htdocs/commite/vendor/laravel/framework/src/Illuminate/Database/Connection.php(779): Illuminate/Database/Connection->runQueryCallback()
#3 C:/xampp/htdocs/commite/vendor/laravel/framework/src/Illuminate/Database/Connection.php(398): Illuminate/Database/Connection->run()
#4 C:/xampp/htdocs/commite/vendor/laravel/framework/src/Illuminate/Database/Query/Builder.php(3106): Illuminate/Database/Connection->select()
#5 C:/xampp/htdocs/commite/vendor/laravel/framework/src/Illuminate/Database/Query/Builder.php(3091): Illuminate/Database/Query/Builder->runSelect()
#6 C:/xampp/htdocs/commite/vendor/laravel/framework/src/Illuminate/Database/Query/Builder.php(3676): Illuminate/Database/Query/Builder->{closure:Illuminate/Database/Query/Builder::get():3090}()
#7 C:/xampp/htdocs/commite/vendor/laravel/framework/src/Illuminate/Database/Query/Builder.php(3090): Illuminate/Database/Query/Builder->onceWithColumns()
#8 C:/xampp/htdocs/commite/vendor/laravel/framework/src/Illuminate/Database/Concerns/BuildsQueries.php(343): Illuminate/Database/Query/Builder->get()
#9 C:/xampp/htdocs/commite/vendor/laravel/framework/src/Illuminate/Queue/DatabaseQueue.php(249): Illuminate/Database/Query/Builder->first()
#10 C:/xampp/htdocs/commite/vendor/laravel/framework/src/Illuminate/Queue/DatabaseQueue.php(227): Illuminate/Queue/DatabaseQueue->getNextAvailableJob()
#11 C:/xampp/htdocs/commite/vendor/laravel/framework/src/Illuminate/Database/Concerns/ManagesTransactions.php(32): Illuminate/Queue/DatabaseQueue->{closure:Illuminate/Queue/DatabaseQueue::pop():226}()
#12 C:/xampp/htdocs/commite/vendor/laravel/framework/src/Illuminate/Queue/DatabaseQueue.php(226): Illuminate/Database/Connection->transaction()
#13 C:/xampp/htdocs/commite/vendor/laravel/framework/src/Illuminate/Queue/Worker.php(370): Illuminate/Queue/DatabaseQueue->pop()
#14 C:/xampp/htdocs/commite/vendor/laravel/framework/src/Illuminate/Queue/Worker.php(385): Illuminate/Queue/Worker->{closure:Illuminate/Queue/Worker::getNextJob():369}()
#15 C:/xampp/htdocs/commite/vendor/laravel/framework/src/Illuminate/Queue/Worker.php(175): Illuminate/Queue/Worker->getNextJob()
#16 C:/xampp/htdocs/commite/vendor/laravel/framework/src/Illuminate/Queue/Console/WorkCommand.php(150): Illuminate/Queue/Worker->daemon()
#17 C:/xampp/htdocs/commite/vendor/laravel/framework/src/Illuminate/Queue/Console/WorkCommand.php(133): Illuminate/Queue/Console/WorkCommand->runWorker()
#18 C:/xampp/htdocs/commite/vendor/laravel/framework/src/Illuminate/Container/BoundMethod.php(36): Illuminate/Queue/Console/WorkCommand->handle()
#19 C:/xampp/htdocs/commite/vendor/laravel/framework/src/Illuminate/Container/Util.php(43): Illuminate/Container/BoundMethod::{closure:Illuminate/Container/BoundMethod::call():35}()
#20 C:/xampp/htdocs/commite/vendor/laravel/framework/src/Illuminate/Container/BoundMethod.php(95): Illuminate/Container/Util::unwrapIfClosure()
#21 C:/xampp/htdocs/commite/vendor/laravel/framework/src/Illuminate/Container/BoundMethod.php(35): Illuminate/Container/BoundMethod::callBoundMethod()
#22 C:/xampp/htdocs/commite/vendor/laravel/framework/src/Illuminate/Container/Container.php(696): Illuminate/Container/BoundMethod::call()
#23 C:/xampp/htdocs/commite/vendor/laravel/framework/src/Illuminate/Console/Command.php(213): Illuminate/Container/Container->call()
#24 C:/xampp/htdocs/commite/vendor/symfony/console/Command/Command.php(341): Illuminate/Console/Command->execute()
#25 C:/xampp/htdocs/commite/vendor/laravel/framework/src/Illuminate/Console/Command.php(182): Symfony/Component/Console/Command/Command->run()
#26 C:/xampp/htdocs/commite/vendor/symfony/console/Application.php(1117): Illuminate/Console/Command->run()
#27 C:/xampp/htdocs/commite/vendor/symfony/console/Application.php(356): Symfony/Component/Console/Application->doRunCommand()
#28 C:/xampp/htdocs/commite/vendor/symfony/console/Application.php(195): Symfony/Component/Console/Application->doRun()
#29 C:/xampp/htdocs/commite/vendor/laravel/framework/src/Illuminate/Foundation/Console/Kernel.php(198): Symfony/Component/Console/Application->run()
#30 C:/xampp/htdocs/commite/artisan(12): Illuminate/Foundation/Console/Kernel->handle()
#31 {main}
"} 
[2026-08-26 04:55:53] local.ERROR: SQLSTATE[HY000]: General error: 1 no such table: jobs (Connection: central, SQL: select * from "jobs" where "queue" = default and (("reserved_at" is null and "available_at" <= 1787720153) or ("reserved_at" <= 1787720063)) order by "id" asc limit 1) {"exception":"[object] (Illuminate\\Database\\QueryException(code: HY000): SQLSTATE[HY000]: General error: 1 no such table: jobs (Connection: central, SQL: select * from \"jobs\" where \"queue\" = default and ((\"reserved_at\" is null and \"available_at\" <= 1787720153) or (\"reserved_at\" <= 1787720063)) order by \"id\" asc limit 1) at C:/xampp/htdocs/commite/vendor/laravel/framework/src/Illuminate/Database/Connection.php:825)
[stacktrace]
#0 C:/xampp/htdocs/commite/vendor/laravel/framework/src/Illuminate/Database/Connection.php(779): Illuminate/Database/Connection->runQueryCallback()
#1 C:/xampp/htdocs/commite/vendor/laravel/framework/src/Illuminate/Database/Connection.php(398): Illuminate/Database/Connection->run()
#2 C:/xampp/htdocs/commite/vendor/laravel/framework/src/Illuminate/Database/Query/Builder.php(3106): Illuminate/Database/Connection->select()
#3 C:/xampp/htdocs/commite/vendor/laravel/framework/src/Illuminate/Database/Query/Builder.php(3091): Illuminate/Database/Query/Builder->runSelect()
#4 C:/xampp/htdocs/commite/vendor/laravel/framework/src/Illuminate/Database/Query/Builder.php(3676): Illuminate/Database/Query/Builder->{closure:Illuminate/Database/Query/Builder::get():3090}()
#5 C:/xampp/htdocs/commite/vendor/laravel/framework/src/Illuminate/Database/Query/Builder.php(3090): Illuminate/Database/Query/Builder->onceWithColumns()
#6 C:/xampp/htdocs/commite/vendor/laravel/framework/src/Illuminate/Database/Concerns/BuildsQueries.php(343): Illuminate/Database/Query/Builder->get()
#7 C:/xampp/htdocs/commite/vendor/laravel/framework/src/Illuminate/Queue/DatabaseQueue.php(249): Illuminate/Database/Query/Builder->first()
#8 C:/xampp/htdocs/commite/vendor/laravel/framework/src/Illuminate/Queue/DatabaseQueue.php(227): Illuminate/Queue/DatabaseQueue->getNextAvailableJob()
#9 C:/xampp/htdocs/commite/vendor/laravel/framework/src/Illuminate/Database/Concerns/ManagesTransactions.php(32): Illuminate/Queue/DatabaseQueue->{closure:Illuminate/Queue/DatabaseQueue::pop():226}()
#10 C:/xampp/htdocs/commite/vendor/laravel/framework/src/Illuminate/Queue/DatabaseQueue.php(226): Illuminate/Database/Connection->transaction()
#11 C:/xampp/htdocs/commite/vendor/laravel/framework/src/Illuminate/Queue/Worker.php(370): Illuminate/Queue/DatabaseQueue->pop()
#12 C:/xampp/htdocs/commite/vendor/laravel/framework/src/Illuminate/Queue/Worker.php(385): Illuminate/Queue/Worker->{closure:Illuminate/Queue/Worker::getNextJob():369}()
#13 C:/xampp/htdocs/commite/vendor/laravel/framework/src/Illuminate/Queue/Worker.php(175): Illuminate/Queue/Worker->getNextJob()
#14 C:/xampp/htdocs/commite/vendor/laravel/framework/src/Illuminate/Queue/Console/WorkCommand.php(150): Illuminate/Queue/Worker->daemon()
#15 C:/xampp/htdocs/commite/vendor/laravel/framework/src/Illuminate/Queue/Console/WorkCommand.php(133): Illuminate/Queue/Console/WorkCommand->runWorker()
#16 C:/xampp/htdocs/commite/vendor/laravel/framework/src/Illuminate/Container/BoundMethod.php(36): Illuminate/Queue/Console/WorkCommand->handle()
#17 C:/xampp/htdocs/commite/vendor/laravel/framework/src/Illuminate/Container/Util.php(43): Illuminate/Container/BoundMethod::{closure:Illuminate/Container/BoundMethod::call():35}()
#18 C:/xampp/htdocs/commite/vendor/laravel/framework/src/Illuminate/Container/BoundMethod.php(95): Illuminate/Container/Util::unwrapIfClosure()
#19 C:/xampp/htdocs/commite/vendor/laravel/framework/src/Illuminate/Container/BoundMethod.php(35): Illuminate/Container/BoundMethod::callBoundMethod()
#20 C:/xampp/htdocs/commite/vendor/laravel/framework/src/Illuminate/Container/Container.php(696): Illuminate/Container/BoundMethod::call()
#21 C:/xampp/htdocs/commite/vendor/laravel/framework/src/Illuminate/Console/Command.php(213): Illuminate/Container/Container->call()
#22 C:/xampp/htdocs/commite/vendor/symfony/console/Command/Command.php(341): Illuminate/Console/Command->execute()
#23 C:/xampp/htdocs/commite/vendor/laravel/framework/src/Illuminate/Console/Command.php(182): Symfony/Component/Console/Command/Command->run()
#24 C:/xampp/htdocs/commite/vendor/symfony/console/Application.php(1117): Illuminate/Console/Command->run()
#25 C:/xampp/htdocs/commite/vendor/symfony/console/Application.php(356): Symfony/Component/Console/Application->doRunCommand()
#26 C:/xampp/htdocs/commite/vendor/symfony/console/Application.php(195): Symfony/Component/Console/Application->doRun()
#27 C:/xampp/htdocs/commite/vendor/laravel/framework/src/Illuminate/Foundation/Console/Kernel.php(198): Symfony/Component/Console/Application->run()
#28 C:/xampp/htdocs/commite/artisan(12): Illuminate/Foundation/Console/Kernel->handle()
#29 {main}

[previous exception] [object] (PDOException(code: HY000): SQLSTATE[HY000]: General error: 1 no such table: jobs at C:/xampp/htdocs/commite/vendor/laravel/framework/src/Illuminate/Database/Connection.php:407)
[stacktrace]
#0 C:/xampp/htdocs/commite/vendor/laravel/framework/src/Illuminate/Database/Connection.php(407): PDO->prepare()
#1 C:/xampp/htdocs/commite/vendor/laravel/framework/src/Illuminate/Database/Connection.php(812): Illuminate/Database/Connection->{closure:Illuminate/Database/Connection::select():398}()
#2 C:/xampp/htdocs/commite/vendor/laravel/framework/src/Illuminate/Database/Connection.php(779): Illuminate/Database/Connection->runQueryCallback()
#3 C:/xampp/htdocs/commite/vendor/laravel/framework/src/Illuminate/Database/Connection.php(398): Illuminate/Database/Connection->run()
#4 C:/xampp/htdocs/commite/vendor/laravel/framework/src/Illuminate/Database/Query/Builder.php(3106): Illuminate/Database/Connection->select()
#5 C:/xampp/htdocs/commite/vendor/laravel/framework/src/Illuminate/Database/Query/Builder.php(3091): Illuminate/Database/Query/Builder->runSelect()
#6 C:/xampp/htdocs/commite/vendor/laravel/framework/src/Illuminate/Database/Query/Builder.php(3676): Illuminate/Database/Query/Builder->{closure:Illuminate/Database/Query/Builder::get():3090}()
#7 C:/xampp/htdocs/commite/vendor/laravel/framework/src/Illuminate/Database/Query/Builder.php(3090): Illuminate/Database/Query/Builder->onceWithColumns()
#8 C:/xampp/htdocs/commite/vendor/laravel/framework/src/Illuminate/Database/Concerns/BuildsQueries.php(343): Illuminate/Database/Query/Builder->get()
#9 C:/xampp/htdocs/commite/vendor/laravel/framework/src/Illuminate/Queue/DatabaseQueue.php(249): Illuminate/Database/Query/Builder->first()
#10 C:/xampp/htdocs/commite/vendor/laravel/framework/src/Illuminate/Queue/DatabaseQueue.php(227): Illuminate/Queue/DatabaseQueue->getNextAvailableJob()
#11 C:/xampp/htdocs/commite/vendor/laravel/framework/src/Illuminate/Database/Concerns/ManagesTransactions.php(32): Illuminate/Queue/DatabaseQueue->{closure:Illuminate/Queue/DatabaseQueue::pop():226}()
#12 C:/xampp/htdocs/commite/vendor/laravel/framework/src/Illuminate/Queue/DatabaseQueue.php(226): Illuminate/Database/Connection->transaction()
#13 C:/xampp/htdocs/commite/vendor/laravel/framework/src/Illuminate/Queue/Worker.php(370): Illuminate/Queue/DatabaseQueue->pop()
#14 C:/xampp/htdocs/commite/vendor/laravel/framework/src/Illuminate/Queue/Worker.php(385): Illuminate/Queue/Worker->{closure:Illuminate/Queue/Worker::getNextJob():369}()
#15 C:/xampp/htdocs/commite/vendor/laravel/framework/src/Illuminate/Queue/Worker.php(175): Illuminate/Queue/Worker->getNextJob()
#16 C:/xampp/htdocs/commite/vendor/laravel/framework/src/Illuminate/Queue/Console/WorkCommand.php(150): Illuminate/Queue/Worker->daemon()
#17 C:/xampp/htdocs/commite/vendor/laravel/framework/src/Illuminate/Queue/Console/WorkCommand.php(133): Illuminate/Queue/Console/WorkCommand->runWorker()
#18 C:/xampp/htdocs/commite/vendor/laravel/framework/src/Illuminate/Container/BoundMethod.php(36): Illuminate/Queue/Console/WorkCommand->handle()
#19 C:/xampp/htdocs/commite/vendor/laravel/framework/src/Illuminate/Container/Util.php(43): Illuminate/Container/BoundMethod::{closure:Illuminate/Container/BoundMethod::call():35}()
#20 C:/xampp/htdocs/commite/vendor/laravel/framework/src/Illuminate/Container/BoundMethod.php(95): Illuminate/Container/Util::unwrapIfClosure()
#21 C:/xampp/htdocs/commite/vendor/laravel/framework/src/Illuminate/Container/BoundMethod.php(35): Illuminate/Container/BoundMethod::callBoundMethod()
#22 C:/xampp/htdocs/commite/vendor/laravel/framework/src/Illuminate/Container/Container.php(696): Illuminate/Container/BoundMethod::call()
#23 C:/xampp/htdocs/commite/vendor/laravel/framework/src/Illuminate/Console/Command.php(213): Illuminate/Container/Container->call()
#24 C:/xampp/htdocs/commite/vendor/symfony/console/Command/Command.php(341): Illuminate/Console/Command->execute()
#25 C:/xampp/htdocs/commite/vendor/laravel/framework/src/Illuminate/Console/Command.php(182): Symfony/Component/Console/Command/Command->run()
#26 C:/xampp/htdocs/commite/vendor/symfony/console/Application.php(1117): Illuminate/Console/Command->run()
#27 C:/xampp/htdocs/commite/vendor/symfony/console/Application.php(356): Symfony/Component/Console/Application->doRunCommand()
#28 C:/xampp/htdocs/commite/vendor/symfony/console/Application.php(195): Symfony/Component/Console/Application->doRun()
#29 C:/xampp/htdocs/commite/vendor/laravel/framework/src/Illuminate/Foundation/Console/Kernel.php(198): Symfony/Component/Console/Application->run()
#30 C:/xampp/htdocs/commite/artisan(12): Illuminate/Foundation/Console/Kernel->handle()
#31 {main}
"} 
[2026-08-26 04:55:57] local.ERROR: SQLSTATE[HY000]: General error: 1 no such table: jobs (Connection: central, SQL: select * from "jobs" where "queue" = default and (("reserved_at" is null and "available_at" <= 1787720157) or ("reserved_at" <= 1787720067)) order by "id" asc limit 1) {"exception":"[object] (Illuminate\\Database\\QueryException(code: HY000): SQLSTATE[HY000]: General error: 1 no such table: jobs (Connection: central, SQL: select * from \"jobs\" where \"queue\" = default and ((\"reserved_at\" is null and \"available_at\" <= 1787720157) or (\"reserved_at\" <= 1787720067)) order by \"id\" asc limit 1) at C:/xampp/htdocs/commite/vendor/laravel/framework/src/Illuminate/Database/Connection.php:825)
[stacktrace]
#0 C:/xampp/htdocs/commite/vendor/laravel/framework/src/Illuminate/Database/Connection.php(779): Illuminate/Database/Connection->runQueryCallback()
#1 C:/xampp/htdocs/commite/vendor/laravel/framework/src/Illuminate/Database/Connection.php(398): Illuminate/Database/Connection->run()
#2 C:/xampp/htdocs/commite/vendor/laravel/framework/src/Illuminate/Database/Query/Builder.php(3106): Illuminate/Database/Connection->select()
#3 C:/xampp/htdocs/commite/vendor/laravel/framework/src/Illuminate/Database/Query/Builder.php(3091): Illuminate/Database/Query/Builder->runSelect()
#4 C:/xampp/htdocs/commite/vendor/laravel/framework/src/Illuminate/Database/Query/Builder.php(3676): Illuminate/Database/Query/Builder->{closure:Illuminate/Database/Query/Builder::get():3090}()
#5 C:/xampp/htdocs/commite/vendor/laravel/framework/src/Illuminate/Database/Query/Builder.php(3090): Illuminate/Database/Query/Builder->onceWithColumns()
#6 C:/xampp/htdocs/commite/vendor/laravel/framework/src/Illuminate/Database/Concerns/BuildsQueries.php(343): Illuminate/Database/Query/Builder->get()
#7 C:/xampp/htdocs/commite/vendor/laravel/framework/src/Illuminate/Queue/DatabaseQueue.php(249): Illuminate/Database/Query/Builder->first()
#8 C:/xampp/htdocs/commite/vendor/laravel/framework/src/Illuminate/Queue/DatabaseQueue.php(227): Illuminate/Queue/DatabaseQueue->getNextAvailableJob()
#9 C:/xampp/htdocs/commite/vendor/laravel/framework/src/Illuminate/Database/Concerns/ManagesTransactions.php(32): Illuminate/Queue/DatabaseQueue->{closure:Illuminate/Queue/DatabaseQueue::pop():226}()
#10 C:/xampp/htdocs/commite/vendor/laravel/framework/src/Illuminate/Queue/DatabaseQueue.php(226): Illuminate/Database/Connection->transaction()
#11 C:/xampp/htdocs/commite/vendor/laravel/framework/src/Illuminate/Queue/Worker.php(370): Illuminate/Queue/DatabaseQueue->pop()
#12 C:/xampp/htdocs/commite/vendor/laravel/framework/src/Illuminate/Queue/Worker.php(385): Illuminate/Queue/Worker->{closure:Illuminate/Queue/Worker::getNextJob():369}()
#13 C:/xampp/htdocs/commite/vendor/laravel/framework/src/Illuminate/Queue/Worker.php(175): Illuminate/Queue/Worker->getNextJob()
#14 C:/xampp/htdocs/commite/vendor/laravel/framework/src/Illuminate/Queue/Console/WorkCommand.php(150): Illuminate/Queue/Worker->daemon()
#15 C:/xampp/htdocs/commite/vendor/laravel/framework/src/Illuminate/Queue/Console/WorkCommand.php(133): Illuminate/Queue/Console/WorkCommand->runWorker()
#16 C:/xampp/htdocs/commite/vendor/laravel/framework/src/Illuminate/Container/BoundMethod.php(36): Illuminate/Queue/Console/WorkCommand->handle()
#17 C:/xampp/htdocs/commite/vendor/laravel/framework/src/Illuminate/Container/Util.php(43): Illuminate/Container/BoundMethod::{closure:Illuminate/Container/BoundMethod::call():35}()
#18 C:/xampp/htdocs/commite/vendor/laravel/framework/src/Illuminate/Container/BoundMethod.php(95): Illuminate/Container/Util::unwrapIfClosure()
#19 C:/xampp/htdocs/commite/vendor/laravel/framework/src/Illuminate/Container/BoundMethod.php(35): Illuminate/Container/BoundMethod::callBoundMethod()
#20 C:/xampp/htdocs/commite/vendor/laravel/framework/src/Illuminate/Container/Container.php(696): Illuminate/Container/BoundMethod::call()
#21 C:/xampp/htdocs/commite/vendor/laravel/framework/src/Illuminate/Console/Command.php(213): Illuminate/Container/Container->call()
#22 C:/xampp/htdocs/commite/vendor/symfony/console/Command/Command.php(341): Illuminate/Console/Command->execute()
#23 C:/xampp/htdocs/commite/vendor/laravel/framework/src/Illuminate/Console/Command.php(182): Symfony/Component/Console/Command/Command->run()
#24 C:/xampp/htdocs/commite/vendor/symfony/console/Application.php(1117): Illuminate/Console/Command->run()
#25 C:/xampp/htdocs/commite/vendor/symfony/console/Application.php(356): Symfony/Component/Console/Application->doRunCommand()
#26 C:/xampp/htdocs/commite/vendor/symfony/console/Application.php(195): Symfony/Component/Console/Application->doRun()
#27 C:/xampp/htdocs/commite/vendor/laravel/framework/src/Illuminate/Foundation/Console/Kernel.php(198): Symfony/Component/Console/Application->run()
#28 C:/xampp/htdocs/commite/artisan(12): Illuminate/Foundation/Console/Kernel->handle()
#29 {main}

[previous exception] [object] (PDOException(code: HY000): SQLSTATE[HY000]: General error: 1 no such table: jobs at C:/xampp/htdocs/commite/vendor/laravel/framework/src/Illuminate/Database/Connection.php:407)
[stacktrace]
#0 C:/xampp/htdocs/commite/vendor/laravel/framework/src/Illuminate/Database/Connection.php(407): PDO->prepare()
#1 C:/xampp/htdocs/commite/vendor/laravel/framework/src/Illuminate/Database/Connection.php(812): Illuminate/Database/Connection->{closure:Illuminate/Database/Connection::select():398}()
#2 C:/xampp/htdocs/commite/vendor/laravel/framework/src/Illuminate/Database/Connection.php(779): Illuminate/Database/Connection->runQueryCallback()
#3 C:/xampp/htdocs/commite/vendor/laravel/framework/src/Illuminate/Database/Connection.php(398): Illuminate/Database/Connection->run()
#4 C:/xampp/htdocs/commite/vendor/laravel/framework/src/Illuminate/Database/Query/Builder.php(3106): Illuminate/Database/Connection->select()
#5 C:/xampp/htdocs/commite/vendor/laravel/framework/src/Illuminate/Database/Query/Builder.php(3091): Illuminate/Database/Query/Builder->runSelect()
#6 C:/xampp/htdocs/commite/vendor/laravel/framework/src/Illuminate/Database/Query/Builder.php(3676): Illuminate/Database/Query/Builder->{closure:Illuminate/Database/Query/Builder::get():3090}()
#7 C:/xampp/htdocs/commite/vendor/laravel/framework/src/Illuminate/Database/Query/Builder.php(3090): Illuminate/Database/Query/Builder->onceWithColumns()
#8 C:/xampp/htdocs/commite/vendor/laravel/framework/src/Illuminate/Database/Concerns/BuildsQueries.php(343): Illuminate/Database/Query/Builder->get()
#9 C:/xampp/htdocs/commite/vendor/laravel/framework/src/Illuminate/Queue/DatabaseQueue.php(249): Illuminate/Database/Query/Builder->first()
#10 C:/xampp/htdocs/commite/vendor/laravel/framework/src/Illuminate/Queue/DatabaseQueue.php(227): Illuminate/Queue/DatabaseQueue->getNextAvailableJob()
#11 C:/xampp/htdocs/commite/vendor/laravel/framework/src/Illuminate/Database/Concerns/ManagesTransactions.php(32): Illuminate/Queue/DatabaseQueue->{closure:Illuminate/Queue/DatabaseQueue::pop():226}()
#12 C:/xampp/htdocs/commite/vendor/laravel/framework/src/Illuminate/Queue/DatabaseQueue.php(226): Illuminate/Database/Connection->transaction()
#13 C:/xampp/htdocs/commite/vendor/laravel/framework/src/Illuminate/Queue/Worker.php(370): Illuminate/Queue/DatabaseQueue->pop()
#14 C:/xampp/htdocs/commite/vendor/laravel/framework/src/Illuminate/Queue/Worker.php(385): Illuminate/Queue/Worker->{closure:Illuminate/Queue/Worker::getNextJob():369}()
#15 C:/xampp/htdocs/commite/vendor/laravel/framework/src/Illuminate/Queue/Worker.php(175): Illuminate/Queue/Worker->getNextJob()
#16 C:/xampp/htdocs/commite/vendor/laravel/framework/src/Illuminate/Queue/Console/WorkCommand.php(150): Illuminate/Queue/Worker->daemon()
#17 C:/xampp/htdocs/commite/vendor/laravel/framework/src/Illuminate/Queue/Console/WorkCommand.php(133): Illuminate/Queue/Console/WorkCommand->runWorker()
#18 C:/xampp/htdocs/commite/vendor/laravel/framework/src/Illuminate/Container/BoundMethod.php(36): Illuminate/Queue/Console/WorkCommand->handle()
#19 C:/xampp/htdocs/commite/vendor/laravel/framework/src/Illuminate/Container/Util.php(43): Illuminate/Container/BoundMethod::{closure:Illuminate/Container/BoundMethod::call():35}()
#20 C:/xampp/htdocs/commite/vendor/laravel/framework/src/Illuminate/Container/BoundMethod.php(95): Illuminate/Container/Util::unwrapIfClosure()
#21 C:/xampp/htdocs/commite/vendor/laravel/framework/src/Illuminate/Container/BoundMethod.php(35): Illuminate/Container/BoundMethod::callBoundMethod()
#22 C:/xampp/htdocs/commite/vendor/laravel/framework/src/Illuminate/Container/Container.php(696): Illuminate/Container/BoundMethod::call()
#23 C:/xampp/htdocs/commite/vendor/laravel/framework/src/Illuminate/Console/Command.php(213): Illuminate/Container/Container->call()
#24 C:/xampp/htdocs/commite/vendor/symfony/console/Command/Command.php(341): Illuminate/Console/Command->execute()
#25 C:/xampp/htdocs/commite/vendor/laravel/framework/src/Illuminate/Console/Command.php(182): Symfony/Component/Console/Command/Command->run()
#26 C:/xampp/htdocs/commite/vendor/symfony/console/Application.php(1117): Illuminate/Console/Command->run()
#27 C:/xampp/htdocs/commite/vendor/symfony/console/Application.php(356): Symfony/Component/Console/Application->doRunCommand()
#28 C:/xampp/htdocs/commite/vendor/symfony/console/Application.php(195): Symfony/Component/Console/Application->doRun()
#29 C:/xampp/htdocs/commite/vendor/laravel/framework/src/Illuminate/Foundation/Console/Kernel.php(198): Symfony/Component/Console/Application->run()
#30 C:/xampp/htdocs/commite/artisan(12): Illuminate/Foundation/Console/Kernel->handle()
#31 {main}
"} 
[2026-08-26 04:56:01] local.ERROR: SQLSTATE[HY000]: General error: 1 no such table: jobs (Connection: central, SQL: select * from "jobs" where "queue" = default and (("reserved_at" is null and "available_at" <= 1787720161) or ("reserved_at" <= 1787720071)) order by "id" asc limit 1) {"exception":"[object] (Illuminate\\Database\\QueryException(code: HY000): SQLSTATE[HY000]: General error: 1 no such table: jobs (Connection: central, SQL: select * from \"jobs\" where \"queue\" = default and ((\"reserved_at\" is null and \"available_at\" <= 1787720161) or (\"reserved_at\" <= 1787720071)) order by \"id\" asc limit 1) at C:/xampp/htdocs/commite/vendor/laravel/framework/src/Illuminate/Database/Connection.php:825)
[stacktrace]
#0 C:/xampp/htdocs/commite/vendor/laravel/framework/src/Illuminate/Database/Connection.php(779): Illuminate/Database/Connection->runQueryCallback()
#1 C:/xampp/htdocs/commite/vendor/laravel/framework/src/Illuminate/Database/Connection.php(398): Illuminate/Database/Connection->run()
#2 C:/xampp/htdocs/commite/vendor/laravel/framework/src/Illuminate/Database/Query/Builder.php(3106): Illuminate/Database/Connection->select()
#3 C:/xampp/htdocs/commite/vendor/laravel/framework/src/Illuminate/Database/Query/Builder.php(3091): Illuminate/Database/Query/Builder->runSelect()
#4 C:/xampp/htdocs/commite/vendor/laravel/framework/src/Illuminate/Database/Query/Builder.php(3676): Illuminate/Database/Query/Builder->{closure:Illuminate/Database/Query/Builder::get():3090}()
#5 C:/xampp/htdocs/commite/vendor/laravel/framework/src/Illuminate/Database/Query/Builder.php(3090): Illuminate/Database/Query/Builder->onceWithColumns()
#6 C:/xampp/htdocs/commite/vendor/laravel/framework/src/Illuminate/Database/Concerns/BuildsQueries.php(343): Illuminate/Database/Query/Builder->get()
#7 C:/xampp/htdocs/commite/vendor/laravel/framework/src/Illuminate/Queue/DatabaseQueue.php(249): Illuminate/Database/Query/Builder->first()
#8 C:/xampp/htdocs/commite/vendor/laravel/framework/src/Illuminate/Queue/DatabaseQueue.php(227): Illuminate/Queue/DatabaseQueue->getNextAvailableJob()
#9 C:/xampp/htdocs/commite/vendor/laravel/framework/src/Illuminate/Database/Concerns/ManagesTransactions.php(32): Illuminate/Queue/DatabaseQueue->{closure:Illuminate/Queue/DatabaseQueue::pop():226}()
#10 C:/xampp/htdocs/commite/vendor/laravel/framework/src/Illuminate/Queue/DatabaseQueue.php(226): Illuminate/Database/Connection->transaction()
#11 C:/xampp/htdocs/commite/vendor/laravel/framework/src/Illuminate/Queue/Worker.php(370): Illuminate/Queue/DatabaseQueue->pop()
#12 C:/xampp/htdocs/commite/vendor/laravel/framework/src/Illuminate/Queue/Worker.php(385): Illuminate/Queue/Worker->{closure:Illuminate/Queue/Worker::getNextJob():369}()
#13 C:/xampp/htdocs/commite/vendor/laravel/framework/src/Illuminate/Queue/Worker.php(175): Illuminate/Queue/Worker->getNextJob()
#14 C:/xampp/htdocs/commite/vendor/laravel/framework/src/Illuminate/Queue/Console/WorkCommand.php(150): Illuminate/Queue/Worker->daemon()
#15 C:/xampp/htdocs/commite/vendor/laravel/framework/src/Illuminate/Queue/Console/WorkCommand.php(133): Illuminate/Queue/Console/WorkCommand->runWorker()
#16 C:/xampp/htdocs/commite/vendor/laravel/framework/src/Illuminate/Container/BoundMethod.php(36): Illuminate/Queue/Console/WorkCommand->handle()
#17 C:/xampp/htdocs/commite/vendor/laravel/framework/src/Illuminate/Container/Util.php(43): Illuminate/Container/BoundMethod::{closure:Illuminate/Container/BoundMethod::call():35}()
#18 C:/xampp/htdocs/commite/vendor/laravel/framework/src/Illuminate/Container/BoundMethod.php(95): Illuminate/Container/Util::unwrapIfClosure()
#19 C:/xampp/htdocs/commite/vendor/laravel/framework/src/Illuminate/Container/BoundMethod.php(35): Illuminate/Container/BoundMethod::callBoundMethod()
#20 C:/xampp/htdocs/commite/vendor/laravel/framework/src/Illuminate/Container/Container.php(696): Illuminate/Container/BoundMethod::call()
#21 C:/xampp/htdocs/commite/vendor/laravel/framework/src/Illuminate/Console/Command.php(213): Illuminate/Container/Container->call()
#22 C:/xampp/htdocs/commite/vendor/symfony/console/Command/Command.php(341): Illuminate/Console/Command->execute()
#23 C:/xampp/htdocs/commite/vendor/laravel/framework/src/Illuminate/Console/Command.php(182): Symfony/Component/Console/Command/Command->run()
#24 C:/xampp/htdocs/commite/vendor/symfony/console/Application.php(1117): Illuminate/Console/Command->run()
#25 C:/xampp/htdocs/commite/vendor/symfony/console/Application.php(356): Symfony/Component/Console/Application->doRunCommand()
#26 C:/xampp/htdocs/commite/vendor/symfony/console/Application.php(195): Symfony/Component/Console/Application->doRun()
#27 C:/xampp/htdocs/commite/vendor/laravel/framework/src/Illuminate/Foundation/Console/Kernel.php(198): Symfony/Component/Console/Application->run()
#28 C:/xampp/htdocs/commite/artisan(12): Illuminate/Foundation/Console/Kernel->handle()
#29 {main}

[previous exception] [object] (PDOException(code: HY000): SQLSTATE[HY000]: General error: 1 no such table: jobs at C:/xampp/htdocs/commite/vendor/laravel/framework/src/Illuminate/Database/Connection.php:407)
[stacktrace]
#0 C:/xampp/htdocs/commite/vendor/laravel/framework/src/Illuminate/Database/Connection.php(407): PDO->prepare()
#1 C:/xampp/htdocs/commite/vendor/laravel/framework/src/Illuminate/Database/Connection.php(812): Illuminate/Database/Connection->{closure:Illuminate/Database/Connection::select():398}()
#2 C:/xampp/htdocs/commite/vendor/laravel/framework/src/Illuminate/Database/Connection.php(779): Illuminate/Database/Connection->runQueryCallback()
#3 C:/xampp/htdocs/commite/vendor/laravel/framework/src/Illuminate/Database/Connection.php(398): Illuminate/Database/Connection->run()
#4 C:/xampp/htdocs/commite/vendor/laravel/framework/src/Illuminate/Database/Query/Builder.php(3106): Illuminate/Database/Connection->select()
#5 C:/xampp/htdocs/commite/vendor/laravel/framework/src/Illuminate/Database/Query/Builder.php(3091): Illuminate/Database/Query/Builder->runSelect()
#6 C:/xampp/htdocs/commite/vendor/laravel/framework/src/Illuminate/Database/Query/Builder.php(3676): Illuminate/Database/Query/Builder->{closure:Illuminate/Database/Query/Builder::get():3090}()
#7 C:/xampp/htdocs/commite/vendor/laravel/framework/src/Illuminate/Database/Query/Builder.php(3090): Illuminate/Database/Query/Builder->onceWithColumns()
#8 C:/xampp/htdocs/commite/vendor/laravel/framework/src/Illuminate/Database/Concerns/BuildsQueries.php(343): Illuminate/Database/Query/Builder->get()
#9 C:/xampp/htdocs/commite/vendor/laravel/framework/src/Illuminate/Queue/DatabaseQueue.php(249): Illuminate/Database/Query/Builder->first()
#10 C:/xampp/htdocs/commite/vendor/laravel/framework/src/Illuminate/Queue/DatabaseQueue.php(227): Illuminate/Queue/DatabaseQueue->getNextAvailableJob()
#11 C:/xampp/htdocs/commite/vendor/laravel/framework/src/Illuminate/Database/Concerns/ManagesTransactions.php(32): Illuminate/Queue/DatabaseQueue->{closure:Illuminate/Queue/DatabaseQueue::pop():226}()
#12 C:/xampp/htdocs/commite/vendor/laravel/framework/src/Illuminate/Queue/DatabaseQueue.php(226): Illuminate/Database/Connection->transaction()
#13 C:/xampp/htdocs/commite/vendor/laravel/framework/src/Illuminate/Queue/Worker.php(370): Illuminate/Queue/DatabaseQueue->pop()
#14 C:/xampp/htdocs/commite/vendor/laravel/framework/src/Illuminate/Queue/Worker.php(385): Illuminate/Queue/Worker->{closure:Illuminate/Queue/Worker::getNextJob():369}()
#15 C:/xampp/htdocs/commite/vendor/laravel/framework/src/Illuminate/Queue/Worker.php(175): Illuminate/Queue/Worker->getNextJob()
#16 C:/xampp/htdocs/commite/vendor/laravel/framework/src/Illuminate/Queue/Console/WorkCommand.php(150): Illuminate/Queue/Worker->daemon()
#17 C:/xampp/htdocs/commite/vendor/laravel/framework/src/Illuminate/Queue/Console/WorkCommand.php(133): Illuminate/Queue/Console/WorkCommand->runWorker()
#18 C:/xampp/htdocs/commite/vendor/laravel/framework/src/Illuminate/Container/BoundMethod.php(36): Illuminate/Queue/Console/WorkCommand->handle()
#19 C:/xampp/htdocs/commite/vendor/laravel/framework/src/Illuminate/Container/Util.php(43): Illuminate/Container/BoundMethod::{closure:Illuminate/Container/BoundMethod::call():35}()
#20 C:/xampp/htdocs/commite/vendor/laravel/framework/src/Illuminate/Container/BoundMethod.php(95): Illuminate/Container/Util::unwrapIfClosure()
#21 C:/xampp/htdocs/commite/vendor/laravel/framework/src/Illuminate/Container/BoundMethod.php(35): Illuminate/Container/BoundMethod::callBoundMethod()
#22 C:/xampp/htdocs/commite/vendor/laravel/framework/src/Illuminate/Container/Container.php(696): Illuminate/Container/BoundMethod::call()
#23 C:/xampp/htdocs/commite/vendor/laravel/framework/src/Illuminate/Console/Command.php(213): Illuminate/Container/Container->call()
#24 C:/xampp/htdocs/commite/vendor/symfony/console/Command/Command.php(341): Illuminate/Console/Command->execute()
#25 C:/xampp/htdocs/commite/vendor/laravel/framework/src/Illuminate/Console/Command.php(182): Symfony/Component/Console/Command/Command->run()
#26 C:/xampp/htdocs/commite/vendor/symfony/console/Application.php(1117): Illuminate/Console/Command->run()
#27 C:/xampp/htdocs/commite/vendor/symfony/console/Application.php(356): Symfony/Component/Console/Application->doRunCommand()
#28 C:/xampp/htdocs/commite/vendor/symfony/console/Application.php(195): Symfony/Component/Console/Application->doRun()
#29 C:/xampp/htdocs/commite/vendor/laravel/framework/src/Illuminate/Foundation/Console/Kernel.php(198): Symfony/Component/Console/Application->run()
#30 C:/xampp/htdocs/commite/artisan(12): Illuminate/Foundation/Console/Kernel->handle()
#31 {main}
"} 
